ASTM G173-03 Reference Spectra Derived from SMARTS v. 2.9.2,,,,,,
Wvlgth nm,Etr W*m-2*nm-1,Global tilt  W*m-2*nm-1,Direct+circumsolar W*m-2*nm-1,,,
280,8.20E-02,4.73E-23,2.54E-26,0.2805,94.63,0.09463
280.5,9.90E-02,1.23E-21,1.09E-24,0.2815,208.3,0.2083
281,1.50E-01,5.69E-21,6.13E-24,0.2825,294.1,0.2941
281.5,2.12E-01,1.57E-19,2.75E-22,0.2835,313.5,0.3135
282,2.67E-01,1.19E-18,2.83E-21,0.2845,235.3,0.2353
282.5,3.03E-01,4.54E-18,1.33E-20,0.2855,163.1,0.1631
283,3.25E-01,1.85E-17,6.76E-20,0.2865,322.7,0.3227
283.5,3.23E-01,3.54E-17,1.46E-19,0.2875,336.3,0.3363
284,2.99E-01,7.27E-16,4.98E-18,0.2885,322.2,0.3222
284.5,2.50E-01,2.49E-15,2.16E-17,0.2895,472.7,0.4727
285,1.76E-01,8.01E-15,9.00E-17,0.2905,601.3,0.6013
285.5,1.55E-01,4.26E-14,6.44E-16,0.2915,580.8,0.5808
286,2.42E-01,1.37E-13,2.35E-15,0.2925,521.9,0.5219
286.5,3.33E-01,8.38E-13,1.85E-14,0.2935,535.5,0.5355
287,3.62E-01,2.74E-12,7.25E-14,0.2945,508.8,0.5088
287.5,3.39E-01,1.09E-11,3.66E-13,0.2955,553.2,0.5532
288,3.11E-01,6.23E-11,2.81E-12,0.2965,509.6,0.5096
288.5,3.25E-01,1.72E-10,9.07E-12,0.2975,507.3,0.5073
289,3.92E-01,5.63E-10,3.50E-11,0.2985,465.5,0.4655
289.5,4.79E-01,2.07E-09,1.54E-10,0.2995,484,0.484
290,5.63E-01,6.02E-09,5.15E-10,0.3005,420,0.42
290.5,6.06E-01,1.38E-08,1.33E-09,0.3015,455.5,0.4555
291,6.18E-01,3.51E-08,3.90E-09,0.3025,489,0.489
291.5,5.98E-01,1.09E-07,1.44E-08,0.3035,620.6,0.6206
292,5.67E-01,2.68E-07,4.08E-08,0.3045,602.5,0.6025
292.5,5.29E-01,4.27E-07,7.04E-08,0.3055,594.8,0.5948
293,5.38E-01,8.65E-07,1.58E-07,0.3065,555.7,0.5557
293.5,5.49E-01,2.27E-06,4.71E-07,0.3075,615,0.615
294,5.33E-01,4.17E-06,9.46E-07,0.3085,611.4,0.6114
294.5,5.20E-01,6.59E-06,1.60E-06,0.3095,496.5,0.4965
295,5.27E-01,1.23E-05,3.22E-06,0.3105,622.4,0.6224
295.5,5.59E-01,2.78E-05,8.02E-06,0.3115,729.2,0.7292
296,5.73E-01,4.79E-05,1.47E-05,0.3125,655.9,0.6559
296.5,5.21E-01,7.13E-05,2.33E-05,0.3135,699.9,0.6999
297,4.78E-01,9.68E-05,3.32E-05,0.3145,662.9,0.6629
297.5,5.29E-01,1.86E-04,6.79E-05,0.3155,633,0.633
298,5.28E-01,2.90E-04,1.11E-04,0.3165,633.2,0.6332
298.5,4.68E-01,3.58E-04,1.43E-04,0.3175,773.9,0.7739
299,4.72E-01,4.92E-04,2.03E-04,0.3185,664.9,0.6649
299.5,5.01E-01,8.61E-04,3.74E-04,0.3195,710.5,0.7105
300,4.58E-01,1.02E-03,4.56E-04,0.3205,805.1,0.8051
300.5,4.33E-01,1.25E-03,5.72E-04,0.3215,699.5,0.6995
301,4.63E-01,1.93E-03,9.19E-04,0.3225,688.6,0.6886
301.5,4.78E-01,2.69E-03,1.32E-03,0.3235,661.3,0.6613
302,4.49E-01,2.92E-03,1.46E-03,0.3245,760.8,0.7608
302.5,5.08E-01,4.28E-03,2.19E-03,0.3255,875.8,0.8758
303,6.12E-01,7.09E-03,3.73E-03,0.3265,979.5,0.9795
303.5,6.46E-01,8.98E-03,4.80E-03,0.3275,952.7,0.9527
304,6.21E-01,9.47E-03,5.10E-03,0.3285,917.6,0.9176
304.5,6.26E-01,1.20E-02,6.47E-03,0.3295,1061,1.061
305,6.42E-01,1.65E-02,8.93E-03,0.3305,1016,1.016
305.5,6.11E-01,1.87E-02,1.02E-02,0.3315,965.7,0.9657
306,5.65E-01,1.86E-02,1.02E-02,0.3325,954.9,0.9549
306.5,5.75E-01,2.11E-02,1.16E-02,0.3335,921.6,0.9216
307,6.05E-01,2.78E-02,1.52E-02,0.3345,958.9,0.9589
307.5,6.31E-01,3.56E-02,1.95E-02,0.3355,943.4,0.9434
308,6.45E-01,3.78E-02,2.08E-02,0.3365,809.5,0.8095
308.5,6.41E-01,4.14E-02,2.28E-02,0.3375,841.8,0.8418
309,5.80E-01,4.05E-02,2.23E-02,0.3385,921.5,0.9215
309.5,5.00E-01,4.33E-02,2.37E-02,0.3395,958.1,0.9581
310,5.33E-01,5.09E-02,2.78E-02,0.3405,1007,1.007
310.5,6.52E-01,6.55E-02,3.59E-02,0.3415,923.8,0.9238
311,7.62E-01,8.29E-02,4.54E-02,0.3425,993,0.993
311.5,7.44E-01,8.41E-02,4.62E-02,0.3435,950.6,0.9506
312,7.06E-01,9.34E-02,5.09E-02,0.3445,795.7,0.7957
312.5,6.76E-01,9.90E-02,5.38E-02,0.3455,939.2,0.9392
313,6.94E-01,1.07E-01,5.83E-02,0.3465,926.4,0.9264
313.5,7.24E-01,1.08E-01,5.90E-02,0.3475,901.7,0.9017
314,7.17E-01,1.20E-01,6.53E-02,0.3485,897.2,0.8972
314.5,6.76E-01,1.31E-01,7.05E-02,0.3495,889.8,0.8898
315,6.85E-01,1.36E-01,7.37E-02,0.3505,1050,1.05
315.5,6.32E-01,1.18E-01,6.48E-02,0.3515,979.5,0.9795
316,5.87E-01,1.23E-01,6.71E-02,0.3525,907.9,0.9079
316.5,6.49E-01,1.50E-01,8.11E-02,0.3535,1033,1.033
317,7.39E-01,1.72E-01,9.30E-02,0.3545,1111,1.111
317.5,8.02E-01,1.82E-01,9.97E-02,0.3555,1045,1.045
318,7.24E-01,1.76E-01,9.58E-02,0.3565,912.3,0.9123
318.5,6.80E-01,1.86E-01,1.00E-01,0.3575,796,0.796
319,7.06E-01,2.05E-01,1.10E-01,0.3585,693.6,0.6936
319.5,7.33E-01,1.96E-01,1.07E-01,0.3595,991.1,0.9911
320,7.75E-01,2.05E-01,1.13E-01,0.3605,970.8,0.9708
320.5,8.26E-01,2.45E-01,1.33E-01,0.3615,878.1,0.8781
321,7.65E-01,2.50E-01,1.34E-01,0.3625,997.8,0.9978
321.5,7.19E-01,2.38E-01,1.28E-01,0.3635,996.9,0.9969
322,7.35E-01,2.22E-01,1.22E-01,0.3645,1013,1.013
322.5,7.12E-01,2.17E-01,1.20E-01,0.3655,1152,1.152
323,6.49E-01,2.12E-01,1.16E-01,0.3665,1233,1.233
323.5,6.81E-01,2.49E-01,1.34E-01,0.3675,1180,1.18
324,7.41E-01,2.75E-01,1.49E-01,0.3685,1101,1.101
324.5,7.88E-01,2.83E-01,1.55E-01,0.3695,1226,1.226
325,8.29E-01,2.79E-01,1.55E-01,0.3705,1139,1.139
325.5,9.14E-01,3.24E-01,1.79E-01,0.3715,1175,1.175
326,9.98E-01,3.81E-01,2.09E-01,0.3725,1054,1.054
326.5,1.02E+00,4.07E-01,2.22E-01,0.3735,920.2,0.9202
327,1.00E+00,3.98E-01,2.18E-01,0.3745,900.4,0.9004
327.5,9.87E-01,3.85E-01,2.13E-01,0.3755,1062,1.062
328,9.57E-01,3.51E-01,1.98E-01,0.3765,1085,1.085
328.5,9.34E-01,3.72E-01,2.07E-01,0.3775,1282,1.282
329,1.00E+00,4.22E-01,2.33E-01,0.3785,1327,1.327
329.5,1.10E+00,4.69E-01,2.59E-01,0.3795,1066,1.066
330,1.11E+00,4.71E-01,2.62E-01,0.3805,1202,1.202
330.5,1.04E+00,4.28E-01,2.41E-01,0.3815,1082,1.082
331,9.91E-01,4.03E-01,2.28E-01,0.3825,791.3,0.7913
331.5,9.94E-01,4.18E-01,2.36E-01,0.3835,684.1,0.6841
332,9.93E-01,4.36E-01,2.45E-01,0.3845,959.7,0.9597
332.5,9.80E-01,4.39E-01,2.47E-01,0.3855,1008,1.008
333,9.64E-01,4.29E-01,2.43E-01,0.3865,1007,1.007
333.5,9.37E-01,4.07E-01,2.33E-01,0.3875,1004,1.004
334,9.56E-01,4.15E-01,2.38E-01,0.3885,984.3,0.9843
334.5,9.89E-01,4.45E-01,2.54E-01,0.3895,1174,1.174
335,1.01E+00,4.64E-01,2.65E-01,0.3905,1247,1.247
335.5,9.75E-01,4.53E-01,2.59E-01,0.3915,1342,1.342
336,8.90E-01,4.15E-01,2.38E-01,0.3925,1019,1.019
336.5,8.29E-01,3.82E-01,2.21E-01,0.3935,582.3,0.5823
337,8.18E-01,3.74E-01,2.18E-01,0.3945,1026,1.026
337.5,8.77E-01,4.01E-01,2.34E-01,0.3955,1314,1.314
338,9.25E-01,4.34E-01,2.53E-01,0.3965,854.5,0.8545
338.5,9.58E-01,4.55E-01,2.65E-01,0.3975,928.8,0.9288
339,9.69E-01,4.64E-01,2.71E-01,0.3985,1522,1.522
339.5,9.89E-01,4.74E-01,2.78E-01,0.3995,1663,1.663
340,1.05E+00,5.02E-01,2.97E-01,0.4005,1682,1.682
340.5,1.05E+00,5.01E-01,2.97E-01,0.4015,1746,1.746
341,9.71E-01,4.71E-01,2.79E-01,0.4025,1759,1.759
341.5,9.59E-01,4.69E-01,2.79E-01,0.4035,1684,1.684
342,9.96E-01,4.89E-01,2.91E-01,0.4045,1674,1.674
342.5,1.03E+00,5.08E-01,3.03E-01,0.4055,1667,1.667
343,1.04E+00,5.15E-01,3.09E-01,0.4065,1589,1.589
343.5,9.83E-01,4.86E-01,2.92E-01,0.4075,1628,1.628
344,8.54E-01,4.18E-01,2.54E-01,0.4085,1735,1.735
344.5,8.13E-01,4.03E-01,2.44E-01,0.4095,1715,1.715
345,9.16E-01,4.59E-01,2.79E-01,0.4105,1532,1.532
345.5,9.70E-01,4.89E-01,2.98E-01,0.4115,1817,1.817
346,9.43E-01,4.78E-01,2.91E-01,0.4125,1789,1.789
346.5,9.56E-01,4.87E-01,2.97E-01,0.4135,1756,1.756
347,9.70E-01,4.94E-01,3.03E-01,0.4145,1737,1.737
347.5,9.33E-01,4.77E-01,2.94E-01,0.4155,1734,1.734
348,9.25E-01,4.75E-01,2.93E-01,0.4165,1842,1.842
348.5,9.37E-01,4.83E-01,2.99E-01,0.4175,1665,1.665
349,8.99E-01,4.66E-01,2.89E-01,0.4185,1684,1.684
349.5,9.20E-01,4.78E-01,2.97E-01,0.4195,1701,1.701
350,1.01E+00,5.28E-01,3.29E-01,0.4205,1757,1.757
350.5,1.08E+00,5.67E-01,3.55E-01,0.4215,1797,1.797
351,1.05E+00,5.52E-01,3.46E-01,0.4225,1582,1.582
351.5,1.01E+00,5.30E-01,3.34E-01,0.4235,1711,1.711
352,9.84E-01,5.18E-01,3.27E-01,0.4245,1767,1.767
352.5,9.26E-01,4.90E-01,3.10E-01,0.4255,1695,1.695
353,9.80E-01,5.20E-01,3.30E-01,0.4265,1698,1.698
353.5,1.08E+00,5.72E-01,3.64E-01,0.4275,1569,1.569
354,1.13E+00,6.05E-01,3.85E-01,0.4285,1587,1.587
354.5,1.14E+00,6.12E-01,3.90E-01,0.4295,1475,1.475
355,1.14E+00,6.11E-01,3.91E-01,0.4305,1135,1.135
355.5,1.10E+00,5.90E-01,3.79E-01,0.4315,1686,1.686
356,1.03E+00,5.54E-01,3.56E-01,0.4325,1646,1.646
356.5,9.59E-01,5.19E-01,3.35E-01,0.4335,1731,1.731
357,8.42E-01,4.57E-01,2.95E-01,0.4345,1670,1.67
357.5,8.50E-01,4.62E-01,3.00E-01,0.4355,1723,1.723
358,7.89E-01,4.30E-01,2.79E-01,0.4365,1929,1.929
358.5,7.31E-01,3.99E-01,2.60E-01,0.4375,1806,1.806
359,8.58E-01,4.70E-01,3.07E-01,0.4385,1567,1.567
359.5,1.03E+00,5.65E-01,3.70E-01,0.4395,1825,1.825
360,1.09E+00,5.98E-01,3.92E-01,0.4405,1713,1.713
360.5,1.03E+00,5.65E-01,3.72E-01,0.4415,1931,1.931
361,9.42E-01,5.20E-01,3.43E-01,0.4425,1980,1.98
361.5,9.18E-01,5.10E-01,3.36E-01,0.4435,1909,1.909
362,9.58E-01,5.34E-01,3.54E-01,0.4445,1973,1.973
362.5,1.05E+00,5.85E-01,3.88E-01,0.4455,1821,1.821
363,1.07E+00,6.02E-01,4.00E-01,0.4465,1891,1.891
363.5,1.04E+00,5.85E-01,3.90E-01,0.4475,2077,2.077
364,1.07E+00,6.06E-01,4.05E-01,0.4485,1973,1.973
364.5,1.06E+00,6.01E-01,4.02E-01,0.4495,2027,2.027
365,1.10E+00,6.24E-01,4.18E-01,0.4505,2144,2.144
365.5,1.20E+00,6.86E-01,4.61E-01,0.4515,2109,2.109
366,1.29E+00,7.35E-01,4.95E-01,0.4525,1941,1.941
366.5,1.28E+00,7.37E-01,4.97E-01,0.4535,1970,1.97
367,1.26E+00,7.23E-01,4.89E-01,0.4545,1979,1.979
367.5,1.23E+00,7.09E-01,4.80E-01,0.4555,2034,2.034
368,1.16E+00,6.68E-01,4.53E-01,0.4565,2077,2.077
368.5,1.15E+00,6.63E-01,4.51E-01,0.4575,2100,2.1
369,1.19E+00,6.93E-01,4.72E-01,0.4585,1971,1.971
369.5,1.28E+00,7.45E-01,5.09E-01,0.4595,2009,2.009
370,1.29E+00,7.55E-01,5.17E-01,0.4605,2040,2.04
370.5,1.17E+00,6.83E-01,4.68E-01,0.4615,2055,2.055
371,1.18E+00,6.93E-01,4.76E-01,0.4625,2104,2.104
371.5,1.22E+00,7.21E-01,4.96E-01,0.4635,2040,2.04
372,1.14E+00,6.74E-01,4.65E-01,0.4645,1976,1.976
372.5,1.09E+00,6.43E-01,4.44E-01,0.4655,2042,2.042
373,1.04E+00,6.19E-01,4.28E-01,0.4665,1921,1.921
373.5,9.39E-01,5.58E-01,3.87E-01,0.4675,2015,2.015
374,9.34E-01,5.56E-01,3.87E-01,0.4685,1994,1.994
374.5,9.25E-01,5.52E-01,3.84E-01,0.4695,1990,1.99
375,9.85E-01,5.89E-01,4.11E-01,0.4705,1877,1.877
375.5,1.09E+00,6.52E-01,4.55E-01,0.4715,2018,2.018
376,1.12E+00,6.75E-01,4.72E-01,0.4725,2041,2.041
376.5,1.10E+00,6.64E-01,4.65E-01,0.4735,1991,1.991
377,1.18E+00,7.12E-01,5.00E-01,0.4745,2051,2.051
377.5,1.31E+00,7.95E-01,5.59E-01,0.4755,2016,2.016
378,1.41E+00,8.56E-01,6.03E-01,0.4765,1956,1.956
378.5,1.38E+00,8.34E-01,5.89E-01,0.4775,2075,2.075
379,1.23E+00,7.44E-01,5.26E-01,0.4785,2009,2.009
379.5,1.10E+00,6.67E-01,4.73E-01,0.4795,2076,2.076
380,1.15E+00,7.01E-01,4.98E-01,0.4805,2035,2.035
380.5,1.23E+00,7.51E-01,5.34E-01,0.4815,2090,2.09
381,1.25E+00,7.64E-01,5.44E-01,0.4825,2023,2.023
381.5,1.12E+00,6.88E-01,4.91E-01,0.4835,2019,2.019
382,9.54E-01,5.87E-01,4.20E-01,0.4845,1969,1.969
382.5,8.23E-01,5.08E-01,3.64E-01,0.4855,1830,1.83
383,7.36E-01,4.55E-01,3.26E-01,0.4865,1625,1.625
383.5,7.11E-01,4.40E-01,3.17E-01,0.4875,1830,1.83
384,8.21E-01,5.10E-01,3.67E-01,0.4885,1914,1.914
384.5,9.86E-01,6.14E-01,4.42E-01,0.4895,1960,1.96
385,1.08E+00,6.74E-01,4.86E-01,0.4905,2007,2.007
385.5,1.03E+00,6.44E-01,4.65E-01,0.4915,1896,1.896
386,9.91E-01,6.21E-01,4.50E-01,0.4925,1896,1.896
386.5,1.03E+00,6.46E-01,4.68E-01,0.4935,1888,1.888
387,1.04E+00,6.51E-01,4.73E-01,0.4945,2058,2.058
387.5,1.02E+00,6.42E-01,4.67E-01,0.4955,1926,1.926
388,1.01E+00,6.36E-01,4.64E-01,0.4965,2017,2.017
388.5,9.97E-01,6.31E-01,4.61E-01,0.4975,2018,2.018
389,1.08E+00,6.85E-01,5.01E-01,0.4985,1866,1.866
389.5,1.20E+00,7.60E-01,5.56E-01,0.4995,1970,1.97
390,1.25E+00,7.97E-01,5.85E-01,0.5005,1857,1.857
390.5,1.26E+00,8.04E-01,5.90E-01,0.5015,1812,1.812
391,1.33E+00,8.51E-01,6.26E-01,0.5025,1894,1.894
391.5,1.35E+00,8.63E-01,6.36E-01,0.5035,1934,1.934
392,1.24E+00,7.95E-01,5.87E-01,0.5045,1869,1.869
392.5,1.03E+00,6.63E-01,4.90E-01,0.5055,1993,1.993
393,7.45E-01,4.80E-01,3.55E-01,0.5065,1961,1.961
393.5,5.91E-01,3.82E-01,2.83E-01,0.5075,1906,1.906
394,7.67E-01,4.96E-01,3.68E-01,0.5085,1919,1.919
394.5,1.06E+00,6.84E-01,5.08E-01,0.5095,1916,1.916
395,1.25E+00,8.08E-01,6.01E-01,0.5105,1947,1.947
395.5,1.32E+00,8.60E-01,6.41E-01,0.5115,1997,1.997
396,1.16E+00,7.57E-01,5.64E-01,0.5125,1867,1.867
396.5,8.43E-01,5.50E-01,4.11E-01,0.5135,1861,1.861
397,6.52E-01,4.26E-01,3.19E-01,0.5145,1874,1.874
397.5,9.61E-01,6.29E-01,4.72E-01,0.5155,1900,1.9
398,1.30E+00,8.52E-01,6.39E-01,0.5165,1669,1.669
398.5,1.53E+00,1.01E+00,7.56E-01,0.5175,1726,1.726
399,1.62E+00,1.07E+00,8.04E-01,0.5185,1654,1.654
399.5,1.67E+00,1.10E+00,8.30E-01,0.5195,1828,1.828
400,1.69E+00,1.11E+00,8.40E-01,0.5205,1831,1.831
401,1.75E+00,1.16E+00,8.77E-01,0.5215,1906,1.906
402,1.81E+00,1.21E+00,9.14E-01,0.5225,1823,1.823
403,1.74E+00,1.16E+00,8.82E-01,0.5235,1894,1.894
404,1.76E+00,1.18E+00,8.98E-01,0.5245,1958,1.958
405,1.72E+00,1.15E+00,8.78E-01,0.5255,1930,1.93
406,1.67E+00,1.12E+00,8.59E-01,0.5265,1674,1.674
407,1.63E+00,1.10E+00,8.45E-01,0.5275,1828,1.828
408,1.70E+00,1.15E+00,8.85E-01,0.5285,1897,1.897
409,1.81E+00,1.23E+00,9.47E-01,0.5295,1918,1.918
410,1.54E+00,1.05E+00,8.09E-01,0.5305,1952,1.952
411,1.72E+00,1.17E+00,9.08E-01,0.5315,1963,1.963
412,1.82E+00,1.25E+00,9.67E-01,0.5325,1770,1.77
413,1.74E+00,1.20E+00,9.30E-01,0.5335,1923,1.923
414,1.71E+00,1.18E+00,9.21E-01,0.5345,1858,1.858
415,1.77E+00,1.23E+00,9.56E-01,0.5355,1990,1.99
416,1.82E+00,1.26E+00,9.86E-01,0.5365,1871,1.871
417,1.77E+00,1.23E+00,9.64E-01,0.5375,1882,1.882
418,1.69E+00,1.18E+00,9.24E-01,0.5385,1904,1.904
419,1.75E+00,1.23E+00,9.64E-01,0.5395,1832,1.832
420,1.60E+00,1.12E+00,8.85E-01,0.5405,1769,1.769
421,1.81E+00,1.28E+00,1.01E+00,0.5415,1881,1.881
422,1.78E+00,1.26E+00,9.95E-01,0.5425,1825,1.825
423,1.72E+00,1.22E+00,9.65E-01,0.5435,1879,1.879
424,1.71E+00,1.21E+00,9.62E-01,0.5445,1879,1.879
425,1.76E+00,1.25E+00,9.93E-01,0.5455,1901,1.901
426,1.70E+00,1.21E+00,9.67E-01,0.5465,1879,1.879
427,1.64E+00,1.17E+00,9.36E-01,0.5475,1833,1.833
428,1.65E+00,1.18E+00,9.46E-01,0.5485,1863,1.863
429,1.52E+00,1.10E+00,8.78E-01,0.5495,1895,1.895
430,1.21E+00,8.75E-01,7.01E-01,0.5505,1862,1.862
431,1.10E+00,7.94E-01,6.38E-01,0.5515,1871,1.871
432,1.82E+00,1.32E+00,1.06E+00,0.5525,1846,1.846
433,1.69E+00,1.23E+00,9.91E-01,0.5535,1882,1.882
434,1.56E+00,1.14E+00,9.17E-01,0.5545,1898,1.898
435,1.71E+00,1.25E+00,1.01E+00,0.5555,1897,1.897
436,1.87E+00,1.37E+00,1.11E+00,0.5565,1821,1.821
437,1.90E+00,1.39E+00,1.13E+00,0.5575,1846,1.846
438,1.66E+00,1.22E+00,9.94E-01,0.5585,1787,1.787
439,1.60E+00,1.18E+00,9.58E-01,0.5595,1808,1.808
440,1.83E+00,1.35E+00,1.10E+00,0.5605,1843,1.843
441,1.80E+00,1.33E+00,1.09E+00,0.5615,1824,1.824
442,1.92E+00,1.43E+00,1.16E+00,0.5625,1850,1.85
443,1.95E+00,1.45E+00,1.18E+00,0.5635,1861,1.861
444,1.89E+00,1.41E+00,1.15E+00,0.5645,1854,1.854
445,1.97E+00,1.46E+00,1.20E+00,0.5655,1798,1.798
446,1.76E+00,1.31E+00,1.08E+00,0.5665,1829,1.829
447,1.99E+00,1.49E+00,1.23E+00,0.5675,1887,1.887
448,2.01E+00,1.51E+00,1.24E+00,0.5685,1810,1.81
449,2.00E+00,1.50E+00,1.24E+00,0.5695,1860,1.86
450,2.07E+00,1.56E+00,1.29E+00,0.5705,1769,1.769
451,2.14E+00,1.62E+00,1.34E+00,0.5715,1823,1.823
452,2.05E+00,1.55E+00,1.28E+00,0.5725,1892,1.892
453,1.89E+00,1.43E+00,1.19E+00,0.5735,1876,1.876
454,2.02E+00,1.53E+00,1.27E+00,0.5745,1867,1.867
455,2.00E+00,1.52E+00,1.27E+00,0.5755,1830,1.83
456,2.06E+00,1.57E+00,1.31E+00,0.5765,1846,1.846
457,2.08E+00,1.59E+00,1.32E+00,0.5775,1857,1.857
458,2.03E+00,1.55E+00,1.29E+00,0.5785,1783,1.783
459,2.01E+00,1.54E+00,1.29E+00,0.5795,1828,1.828
460,2.00E+00,1.53E+00,1.28E+00,0.5805,1838,1.838
461,2.06E+00,1.58E+00,1.33E+00,0.5815,1853,1.853
462,2.08E+00,1.60E+00,1.34E+00,0.5825,1873,1.873
463,2.08E+00,1.60E+00,1.35E+00,0.5835,1857,1.857
464,2.02E+00,1.55E+00,1.31E+00,0.5845,1860,1.86
465,1.98E+00,1.54E+00,1.29E+00,0.5855,1783,1.783
466,2.02E+00,1.57E+00,1.32E+00,0.5865,1830,1.83
467,1.93E+00,1.50E+00,1.26E+00,0.5875,1848,1.848
468,2.01E+00,1.56E+00,1.32E+00,0.5885,1750,1.75
469,2.02E+00,1.57E+00,1.32E+00,0.5895,1612,1.612
470,1.94E+00,1.51E+00,1.27E+00,0.5905,1813,1.813
471,1.97E+00,1.53E+00,1.30E+00,0.5915,1787,1.787
472,2.07E+00,1.61E+00,1.37E+00,0.5925,1808,1.808
473,1.99E+00,1.55E+00,1.31E+00,0.5935,1796,1.796
474,2.01E+00,1.57E+00,1.33E+00,0.5945,1773,1.773
475,2.08E+00,1.62E+00,1.38E+00,0.5955,1782,1.782
476,2.01E+00,1.56E+00,1.33E+00,0.5965,1805,1.805
477,2.03E+00,1.57E+00,1.34E+00,0.5975,1780,1.78
478,2.09E+00,1.62E+00,1.38E+00,0.5985,1757,1.757
479,2.04E+00,1.59E+00,1.36E+00,0.5995,1774,1.774
480,2.07E+00,1.62E+00,1.38E+00,0.6005,1746,1.746
481,2.06E+00,1.62E+00,1.38E+00,0.6015,1751,1.751
482,2.06E+00,1.62E+00,1.39E+00,0.6025,1719,1.719
483,2.03E+00,1.60E+00,1.37E+00,0.6035,1787,1.787
484,1.99E+00,1.57E+00,1.35E+00,0.6045,1776,1.776
485,1.98E+00,1.57E+00,1.35E+00,0.6055,1763,1.763
486,1.60E+00,1.27E+00,1.09E+00,0.6065,1759,1.759
487,1.79E+00,1.42E+00,1.22E+00,0.6075,1757,1.757
488,1.94E+00,1.54E+00,1.33E+00,0.6085,1743,1.743
489,1.82E+00,1.45E+00,1.25E+00,0.6095,1744,1.744
490,2.03E+00,1.62E+00,1.40E+00,0.6105,1703,1.703
491,1.95E+00,1.56E+00,1.34E+00,0.6115,1746,1.746
492,1.86E+00,1.49E+00,1.28E+00,0.6125,1705,1.705
493,1.98E+00,1.59E+00,1.37E+00,0.6135,1683,1.683
494,1.93E+00,1.55E+00,1.34E+00,0.6145,1713,1.713
495,2.05E+00,1.65E+00,1.42E+00,0.6155,1713,1.713
496,1.95E+00,1.57E+00,1.35E+00,0.6165,1609,1.609
497,1.98E+00,1.59E+00,1.38E+00,0.6175,1707,1.707
498,1.92E+00,1.55E+00,1.34E+00,0.6185,1724,1.724
499,1.92E+00,1.55E+00,1.34E+00,0.6195,1707,1.707
500,1.92E+00,1.55E+00,1.34E+00,0.6205,1734,1.734
501,1.86E+00,1.50E+00,1.30E+00,0.6215,1690,1.69
502,1.86E+00,1.50E+00,1.30E+00,0.6225,1713,1.713
503,1.95E+00,1.57E+00,1.36E+00,0.6235,1666,1.666
504,1.83E+00,1.46E+00,1.27E+00,0.6245,1656,1.656
505,1.95E+00,1.56E+00,1.36E+00,0.6255,1632,1.632
506,2.03E+00,1.63E+00,1.42E+00,0.6265,1697,1.697
507,1.94E+00,1.56E+00,1.35E+00,0.6275,1697,1.697
508,1.88E+00,1.52E+00,1.32E+00,0.6285,1697,1.697
509,1.97E+00,1.59E+00,1.39E+00,0.6295,1677,1.677
510,1.91E+00,1.55E+00,1.35E+00,0.631,1639,1.639
511,1.94E+00,1.58E+00,1.38E+00,0.633,1651,1.651
512,1.99E+00,1.62E+00,1.41E+00,0.635,1656,1.656
513,1.87E+00,1.52E+00,1.33E+00,0.637,1654,1.654
514,1.82E+00,1.49E+00,1.30E+00,0.639,1651,1.651
515,1.88E+00,1.53E+00,1.34E+00,0.641,1614,1.614
516,1.89E+00,1.55E+00,1.35E+00,0.643,1621,1.621
517,1.54E+00,1.26E+00,1.10E+00,0.645,1627,1.627
518,1.76E+00,1.44E+00,1.26E+00,0.647,1603,1.603
519,1.70E+00,1.40E+00,1.22E+00,0.649,1558,1.558
520,1.86E+00,1.52E+00,1.33E+00,0.651,1606,1.606
521,1.87E+00,1.53E+00,1.35E+00,0.653,1599,1.599
522,1.92E+00,1.57E+00,1.38E+00,0.655,1532,1.532
523,1.80E+00,1.48E+00,1.30E+00,0.657,1384,1.384
524,1.94E+00,1.59E+00,1.40E+00,0.659,1549,1.549
525,1.93E+00,1.58E+00,1.39E+00,0.661,1571,1.571
526,1.87E+00,1.53E+00,1.35E+00,0.663,1555,1.555
527,1.64E+00,1.34E+00,1.18E+00,0.665,1560,1.56
528,1.88E+00,1.54E+00,1.35E+00,0.667,1535,1.535
529,1.97E+00,1.61E+00,1.41E+00,0.669,1546,1.546
530,1.89E+00,1.54E+00,1.36E+00,0.671,1516,1.516
531,2.00E+00,1.63E+00,1.43E+00,0.673,1521,1.521
532,1.96E+00,1.60E+00,1.41E+00,0.675,1510,1.51
533,1.75E+00,1.43E+00,1.26E+00,0.677,1508,1.508
534,1.87E+00,1.53E+00,1.35E+00,0.679,1498,1.498
535,1.90E+00,1.55E+00,1.37E+00,0.681,1492,1.492
536,1.97E+00,1.62E+00,1.43E+00,0.683,1479,1.479
537,1.82E+00,1.50E+00,1.32E+00,0.685,1455,1.455
538,1.91E+00,1.57E+00,1.39E+00,0.687,1467,1.467
539,1.86E+00,1.54E+00,1.36E+00,0.689,1461,1.461
540,1.80E+00,1.48E+00,1.31E+00,0.691,1448,1.448
541,1.73E+00,1.43E+00,1.26E+00,0.693,1448,1.448
542,1.89E+00,1.55E+00,1.37E+00,0.695,1436,1.436
543,1.85E+00,1.53E+00,1.35E+00,0.697,1416,1.416
544,1.92E+00,1.58E+00,1.40E+00,0.699,1425,1.425
545,1.87E+00,1.54E+00,1.37E+00,0.701,1386,1.386
546,1.86E+00,1.53E+00,1.35E+00,0.703,1388,1.388
547,1.88E+00,1.55E+00,1.37E+00,0.705,1415,1.415
548,1.83E+00,1.50E+00,1.33E+00,0.707,1400,1.4
549,1.88E+00,1.55E+00,1.38E+00,0.709,1384,1.384
550,1.86E+00,1.54E+00,1.36E+00,0.711,1385,1.385
551,1.86E+00,1.54E+00,1.36E+00,0.713,1373,1.373
552,1.90E+00,1.57E+00,1.39E+00,0.715,1366,1.366
553,1.84E+00,1.53E+00,1.35E+00,0.717,1354,1.354
554,1.88E+00,1.55E+00,1.38E+00,0.719,1328,1.328
555,1.89E+00,1.56E+00,1.39E+00,0.721,1331,1.331
556,1.86E+00,1.54E+00,1.37E+00,0.723,1348,1.348
557,1.81E+00,1.50E+00,1.33E+00,0.725,1350,1.35
558,1.85E+00,1.53E+00,1.36E+00,0.727,1346,1.346
559,1.76E+00,1.45E+00,1.29E+00,0.729,1319,1.319
560,1.79E+00,1.47E+00,1.31E+00,0.731,1326,1.326
561,1.89E+00,1.56E+00,1.39E+00,0.733,1318,1.318
562,1.80E+00,1.48E+00,1.32E+00,0.735,1309,1.309
563,1.87E+00,1.54E+00,1.37E+00,0.737,1307,1.307
564,1.84E+00,1.51E+00,1.35E+00,0.739,1278,1.278
565,1.85E+00,1.52E+00,1.36E+00,0.741,1258,1.258
566,1.75E+00,1.44E+00,1.28E+00,0.743,1286,1.286
567,1.87E+00,1.53E+00,1.37E+00,0.745,1279,1.279
568,1.86E+00,1.52E+00,1.36E+00,0.747,1283,1.283
569,1.83E+00,1.48E+00,1.32E+00,0.749,1270,1.27
570,1.83E+00,1.48E+00,1.32E+00,0.751,1262,1.262
571,1.76E+00,1.43E+00,1.28E+00,,,0
572,1.87E+00,1.51E+00,1.35E+00,,,0
573,1.88E+00,1.52E+00,1.36E+00,,,0
574,1.87E+00,1.51E+00,1.35E+00,,,0
575,1.83E+00,1.48E+00,1.32E+00,,,0
576,1.82E+00,1.47E+00,1.31E+00,,,0
577,1.86E+00,1.50E+00,1.35E+00,,,0
578,1.80E+00,1.46E+00,1.30E+00,,,0
579,1.82E+00,1.48E+00,1.32E+00,,,0
580,1.83E+00,1.50E+00,1.35E+00,,,0
581,1.83E+00,1.51E+00,1.35E+00,,,0
582,1.85E+00,1.53E+00,1.37E+00,,,0
583,1.86E+00,1.55E+00,1.39E+00,,,0
584,1.85E+00,1.54E+00,1.38E+00,,,0
585,1.84E+00,1.53E+00,1.37E+00,,,0
586,1.79E+00,1.50E+00,1.34E+00,,,0
587,1.84E+00,1.53E+00,1.37E+00,,,0
588,1.82E+00,1.49E+00,1.34E+00,,,0
589,1.62E+00,1.29E+00,1.16E+00,,,0
590,1.72E+00,1.37E+00,1.23E+00,,,0
591,1.81E+00,1.47E+00,1.32E+00,,,0
592,1.79E+00,1.44E+00,1.29E+00,,,0
593,1.79E+00,1.46E+00,1.31E+00,,,0
594,1.79E+00,1.45E+00,1.30E+00,,,0
595,1.78E+00,1.43E+00,1.29E+00,,,0
596,1.80E+00,1.47E+00,1.33E+00,,,0
597,1.81E+00,1.48E+00,1.33E+00,,,0
598,1.77E+00,1.46E+00,1.31E+00,,,0
599,1.76E+00,1.46E+00,1.31E+00,,,0
600,1.77E+00,1.48E+00,1.33E+00,,,0
601,1.74E+00,1.46E+00,1.31E+00,,,0
602,1.72E+00,1.44E+00,1.29E+00,,,0
603,1.75E+00,1.47E+00,1.32E+00,,,0
604,1.78E+00,1.49E+00,1.34E+00,,,0
605,1.77E+00,1.49E+00,1.34E+00,,,0
606,1.76E+00,1.48E+00,1.34E+00,,,0
607,1.76E+00,1.49E+00,1.34E+00,,,0
608,1.75E+00,1.49E+00,1.34E+00,,,0
609,1.73E+00,1.47E+00,1.33E+00,,,0
610,1.72E+00,1.47E+00,1.32E+00,,,0
611,1.71E+00,1.46E+00,1.32E+00,,,0
612,1.74E+00,1.48E+00,1.34E+00,,,0
613,1.71E+00,1.46E+00,1.32E+00,,,0
614,1.66E+00,1.42E+00,1.28E+00,,,0
615,1.71E+00,1.47E+00,1.33E+00,,,0
616,1.66E+00,1.43E+00,1.29E+00,,,0
617,1.64E+00,1.41E+00,1.27E+00,,,0
618,1.70E+00,1.47E+00,1.32E+00,,,0
619,1.71E+00,1.47E+00,1.33E+00,,,0
620,1.71E+00,1.47E+00,1.33E+00,,,0
621,1.72E+00,1.48E+00,1.34E+00,,,0
622,1.68E+00,1.43E+00,1.29E+00,,,0
623,1.68E+00,1.42E+00,1.28E+00,,,0
624,1.67E+00,1.41E+00,1.28E+00,,,0
625,1.64E+00,1.40E+00,1.27E+00,,,0
626,1.64E+00,1.40E+00,1.27E+00,,,0
627,1.69E+00,1.44E+00,1.30E+00,,,0
628,1.69E+00,1.36E+00,1.23E+00,,,0
629,1.69E+00,1.41E+00,1.28E+00,,,0
630,1.67E+00,1.39E+00,1.26E+00,,,0
631,1.66E+00,1.42E+00,1.28E+00,,,0
632,1.59E+00,1.36E+00,1.23E+00,,,0
633,1.67E+00,1.45E+00,1.31E+00,,,0
634,1.64E+00,1.43E+00,1.29E+00,,,0
635,1.65E+00,1.45E+00,1.31E+00,,,0
636,1.61E+00,1.41E+00,1.28E+00,,,0
637,1.66E+00,1.46E+00,1.32E+00,,,0
638,1.67E+00,1.47E+00,1.33E+00,,,0
639,1.65E+00,1.46E+00,1.32E+00,,,0
640,1.61E+00,1.43E+00,1.30E+00,,,0
641,1.61E+00,1.43E+00,1.30E+00,,,0
642,1.61E+00,1.44E+00,1.30E+00,,,0
643,1.63E+00,1.45E+00,1.31E+00,,,0
644,1.61E+00,1.45E+00,1.31E+00,,,0
645,1.63E+00,1.46E+00,1.32E+00,,,0
646,1.59E+00,1.42E+00,1.28E+00,,,0
647,1.61E+00,1.41E+00,1.27E+00,,,0
648,1.60E+00,1.40E+00,1.26E+00,,,0
649,1.55E+00,1.35E+00,1.22E+00,,,0
650,1.53E+00,1.36E+00,1.23E+00,,,0
651,1.61E+00,1.44E+00,1.31E+00,,,0
652,1.59E+00,1.39E+00,1.26E+00,,,0
653,1.60E+00,1.43E+00,1.30E+00,,,0
654,1.58E+00,1.42E+00,1.28E+00,,,0
655,1.52E+00,1.35E+00,1.22E+00,,,0
656,1.32E+00,1.19E+00,1.07E+00,,,0
657,1.38E+00,1.24E+00,1.12E+00,,,0
658,1.54E+00,1.39E+00,1.25E+00,,,0
659,1.54E+00,1.39E+00,1.26E+00,,,0
660,1.56E+00,1.40E+00,1.27E+00,,,0
661,1.57E+00,1.39E+00,1.26E+00,,,0
662,1.57E+00,1.38E+00,1.25E+00,,,0
663,1.56E+00,1.38E+00,1.25E+00,,,0
664,1.55E+00,1.40E+00,1.26E+00,,,0
665,1.57E+00,1.42E+00,1.29E+00,,,0
666,1.56E+00,1.42E+00,1.29E+00,,,0
667,1.54E+00,1.41E+00,1.28E+00,,,0
668,1.53E+00,1.42E+00,1.28E+00,,,0
669,1.56E+00,1.44E+00,1.30E+00,,,0
670,1.53E+00,1.42E+00,1.29E+00,,,0
671,1.53E+00,1.42E+00,1.28E+00,,,0
672,1.51E+00,1.40E+00,1.27E+00,,,0
673,1.52E+00,1.41E+00,1.28E+00,,,0
674,1.51E+00,1.41E+00,1.27E+00,,,0
675,1.50E+00,1.40E+00,1.26E+00,,,0
676,1.52E+00,1.41E+00,1.28E+00,,,0
677,1.50E+00,1.40E+00,1.27E+00,,,0
678,1.51E+00,1.41E+00,1.27E+00,,,0
679,1.49E+00,1.39E+00,1.26E+00,,,0
680,1.49E+00,1.40E+00,1.27E+00,,,0
681,1.49E+00,1.39E+00,1.26E+00,,,0
682,1.49E+00,1.40E+00,1.27E+00,,,0
683,1.48E+00,1.38E+00,1.25E+00,,,0
684,1.47E+00,1.37E+00,1.24E+00,,,0
685,1.47E+00,1.37E+00,1.25E+00,,,0
686,1.43E+00,1.34E+00,1.22E+00,,,0
687,1.47E+00,9.68E-01,8.83E-01,,,0
688,1.48E+00,1.12E+00,1.02E+00,,,0
689,1.48E+00,1.13E+00,1.03E+00,,,0
690,1.48E+00,1.18E+00,1.07E+00,,,0
691,1.47E+00,1.23E+00,1.12E+00,,,0
692,1.45E+00,1.27E+00,1.15E+00,,,0
693,1.46E+00,1.26E+00,1.14E+00,,,0
694,1.46E+00,1.25E+00,1.13E+00,,,0
695,1.44E+00,1.27E+00,1.15E+00,,,0
696,1.44E+00,1.27E+00,1.15E+00,,,0
697,1.44E+00,1.34E+00,1.22E+00,,,0
698,1.42E+00,1.32E+00,1.20E+00,,,0
699,1.43E+00,1.29E+00,1.17E+00,,,0
700,1.42E+00,1.28E+00,1.16E+00,,,0
701,1.41E+00,1.27E+00,1.15E+00,,,0
702,1.40E+00,1.27E+00,1.15E+00,,,0
703,1.41E+00,1.27E+00,1.16E+00,,,0
704,1.42E+00,1.31E+00,1.19E+00,,,0
705,1.43E+00,1.32E+00,1.20E+00,,,0
706,1.41E+00,1.31E+00,1.19E+00,,,0
707,1.40E+00,1.31E+00,1.19E+00,,,0
708,1.40E+00,1.30E+00,1.18E+00,,,0
709,1.39E+00,1.31E+00,1.19E+00,,,0
710,1.40E+00,1.32E+00,1.20E+00,,,0
711,1.40E+00,1.32E+00,1.19E+00,,,0
712,1.38E+00,1.31E+00,1.19E+00,,,0
713,1.37E+00,1.29E+00,1.17E+00,,,0
714,1.38E+00,1.30E+00,1.18E+00,,,0
715,1.35E+00,1.26E+00,1.14E+00,,,0
716,1.37E+00,1.27E+00,1.15E+00,,,0
717,1.37E+00,1.11E+00,1.01E+00,,,0
718,1.36E+00,1.03E+00,9.39E-01,,,0
719,1.30E+00,9.23E-01,8.43E-01,,,0
720,1.35E+00,9.86E-01,8.99E-01,,,0
721,1.35E+00,1.09E+00,9.90E-01,,,0
722,1.36E+00,1.24E+00,1.13E+00,,,0
723,1.35E+00,1.14E+00,1.04E+00,,,0
724,1.36E+00,1.06E+00,9.63E-01,,,0
725,1.35E+00,1.04E+00,9.47E-01,,,0
726,1.34E+00,1.08E+00,9.86E-01,,,0
727,1.34E+00,1.09E+00,9.90E-01,,,0
728,1.34E+00,1.04E+00,9.50E-01,,,0
729,1.28E+00,1.05E+00,9.55E-01,,,0
730,1.34E+00,1.13E+00,1.03E+00,,,0
731,1.31E+00,1.07E+00,9.77E-01,,,0
732,1.33E+00,1.15E+00,1.05E+00,,,0
733,1.31E+00,1.20E+00,1.09E+00,,,0
734,1.34E+00,1.24E+00,1.13E+00,,,0
735,1.33E+00,1.22E+00,1.11E+00,,,0
736,1.31E+00,1.21E+00,1.10E+00,,,0
737,1.31E+00,1.20E+00,1.10E+00,,,0
738,1.30E+00,1.23E+00,1.12E+00,,,0
739,1.26E+00,1.19E+00,1.09E+00,,,0
740,1.28E+00,1.22E+00,1.11E+00,,,0
741,1.27E+00,1.21E+00,1.11E+00,,,0
742,1.26E+00,1.22E+00,1.11E+00,,,0
743,1.29E+00,1.24E+00,1.13E+00,,,0
744,1.30E+00,1.25E+00,1.14E+00,,,0
745,1.29E+00,1.25E+00,1.14E+00,,,0
746,1.29E+00,1.25E+00,1.14E+00,,,0
747,1.29E+00,1.25E+00,1.14E+00,,,0
748,1.28E+00,1.24E+00,1.13E+00,,,0
749,1.28E+00,1.24E+00,1.13E+00,,,0
750,1.27E+00,1.23E+00,1.13E+00,,,0
751,1.27E+00,1.23E+00,1.12E+00,,,0
752,1.27E+00,1.23E+00,1.13E+00,,,0
753,1.27E+00,1.23E+00,1.12E+00,,,0
754,1.28E+00,1.24E+00,1.14E+00,,,0
755,1.28E+00,1.24E+00,1.13E+00,,,0
756,1.26E+00,1.22E+00,1.12E+00,,,0
757,1.26E+00,1.22E+00,1.12E+00,,,0
758,1.27E+00,1.23E+00,1.12E+00,,,0
759,1.25E+00,1.19E+00,1.09E+00,,,0
760,1.26E+00,2.66E-01,2.47E-01,,,0
761,1.25E+00,1.54E-01,1.43E-01,,,0
762,1.25E+00,6.88E-01,6.35E-01,,,0
763,1.25E+00,3.80E-01,3.52E-01,,,0
764,1.26E+00,5.39E-01,4.99E-01,,,0
765,1.25E+00,6.86E-01,6.34E-01,,,0
766,1.20E+00,8.15E-01,7.51E-01,,,0
767,1.21E+00,9.74E-01,8.96E-01,,,0
768,1.23E+00,1.11E+00,1.02E+00,,,0
769,1.21E+00,1.13E+00,1.03E+00,,,0
770,1.21E+00,1.16E+00,1.06E+00,,,0
771,1.21E+00,1.17E+00,1.07E+00,,,0
772,1.21E+00,1.18E+00,1.08E+00,,,0
773,1.21E+00,1.18E+00,1.08E+00,,,0
774,1.21E+00,1.18E+00,1.08E+00,,,0
775,1.21E+00,1.18E+00,1.08E+00,,,0
776,1.21E+00,1.18E+00,1.08E+00,,,0
777,1.20E+00,1.17E+00,1.08E+00,,,0
778,1.20E+00,1.17E+00,1.08E+00,,,0
779,1.21E+00,1.18E+00,1.08E+00,,,0
780,1.19E+00,1.16E+00,1.07E+00,,,0
781,1.19E+00,1.16E+00,1.07E+00,,,0
782,1.20E+00,1.17E+00,1.07E+00,,,0
783,1.19E+00,1.16E+00,1.07E+00,,,0
784,1.18E+00,1.15E+00,1.06E+00,,,0
785,1.19E+00,1.16E+00,1.06E+00,,,0
786,1.19E+00,1.16E+00,1.07E+00,,,0
787,1.19E+00,1.15E+00,1.05E+00,,,0
788,1.18E+00,1.13E+00,1.04E+00,,,0
789,1.18E+00,1.13E+00,1.04E+00,,,0
790,1.17E+00,1.09E+00,1.00E+00,,,0
791,1.16E+00,1.11E+00,1.02E+00,,,0
792,1.15E+00,1.10E+00,1.01E+00,,,0
793,1.14E+00,1.09E+00,1.00E+00,,,0
794,1.13E+00,1.10E+00,1.01E+00,,,0
795,1.13E+00,1.09E+00,1.01E+00,,,0
796,1.14E+00,1.07E+00,9.90E-01,,,0
797,1.16E+00,1.09E+00,1.01E+00,,,0
798,1.15E+00,1.11E+00,1.02E+00,,,0
799,1.14E+00,1.09E+00,1.00E+00,,,0
800,1.12E+00,1.07E+00,9.89E-01,,,0
801,1.14E+00,1.08E+00,1.00E+00,,,0
802,1.14E+00,1.09E+00,1.00E+00,,,0
803,1.12E+00,1.07E+00,9.83E-01,,,0
804,1.13E+00,1.08E+00,9.95E-01,,,0
805,1.10E+00,1.05E+00,9.73E-01,,,0
806,1.13E+00,1.10E+00,1.01E+00,,,0
807,1.12E+00,1.09E+00,1.00E+00,,,0
808,1.12E+00,1.08E+00,9.98E-01,,,0
809,1.10E+00,1.05E+00,9.74E-01,,,0
810,1.11E+00,1.06E+00,9.75E-01,,,0
811,1.11E+00,1.05E+00,9.73E-01,,,0
812,1.12E+00,1.03E+00,9.49E-01,,,0
813,1.12E+00,1.01E+00,9.32E-01,,,0
814,1.12E+00,9.04E-01,8.37E-01,,,0
815,1.11E+00,8.95E-01,8.29E-01,,,0
816,1.11E+00,8.32E-01,7.72E-01,,,0
817,1.11E+00,8.52E-01,7.90E-01,,,0
818,1.09E+00,8.23E-01,7.63E-01,,,0
819,1.07E+00,9.05E-01,8.38E-01,,,0
820,1.07E+00,8.62E-01,7.99E-01,,,0
821,1.08E+00,9.98E-01,9.23E-01,,,0
822,1.06E+00,9.52E-01,8.81E-01,,,0
823,1.08E+00,6.73E-01,6.26E-01,,,0
824,1.07E+00,9.35E-01,8.66E-01,,,0
825,1.07E+00,9.69E-01,8.98E-01,,,0
826,1.08E+00,9.34E-01,8.65E-01,,,0
827,1.08E+00,9.85E-01,9.12E-01,,,0
828,1.07E+00,8.50E-01,7.89E-01,,,0
829,1.06E+00,9.29E-01,8.61E-01,,,0
830,1.06E+00,9.16E-01,8.49E-01,,,0
831,1.06E+00,9.24E-01,8.57E-01,,,0
832,1.06E+00,8.94E-01,8.30E-01,,,0
833,1.03E+00,9.57E-01,8.86E-01,,,0
834,1.05E+00,9.34E-01,8.66E-01,,,0
835,1.05E+00,1.00E+00,9.29E-01,,,0
836,1.06E+00,9.72E-01,9.01E-01,,,0
837,1.05E+00,1.01E+00,9.35E-01,,,0
838,1.05E+00,9.99E-01,9.26E-01,,,0
839,1.04E+00,1.00E+00,9.28E-01,,,0
840,1.05E+00,1.02E+00,9.41E-01,,,0
841,1.05E+00,1.01E+00,9.36E-01,,,0
842,1.03E+00,9.97E-01,9.24E-01,,,0
843,1.03E+00,1.01E+00,9.32E-01,,,0
844,1.01E+00,9.86E-01,9.14E-01,,,0
845,1.04E+00,1.02E+00,9.42E-01,,,0
846,1.04E+00,1.02E+00,9.44E-01,,,0
847,1.01E+00,9.92E-01,9.19E-01,,,0
848,1.01E+00,9.92E-01,9.20E-01,,,0
849,1.01E+00,9.86E-01,9.14E-01,,,0
850,9.10E-01,8.94E-01,8.29E-01,,,0
851,9.98E-01,9.75E-01,9.05E-01,,,0
852,9.90E-01,9.69E-01,8.99E-01,,,0
853,9.81E-01,9.65E-01,8.95E-01,,,0
854,8.69E-01,8.51E-01,7.90E-01,,,0
855,9.27E-01,9.13E-01,8.47E-01,,,0
856,9.90E-01,9.73E-01,9.03E-01,,,0
857,1.01E+00,9.92E-01,9.21E-01,,,0
858,1.01E+00,9.92E-01,9.21E-01,,,0
859,1.01E+00,9.92E-01,9.21E-01,,,0
860,1.00E+00,9.88E-01,9.18E-01,,,0
861,9.99E-01,9.87E-01,9.16E-01,,,0
862,1.01E+00,9.94E-01,9.24E-01,,,0
863,1.01E+00,1.00E+00,9.29E-01,,,0
864,9.90E-01,9.79E-01,9.10E-01,,,0
865,9.74E-01,9.63E-01,8.95E-01,,,0
866,8.58E-01,8.49E-01,7.89E-01,,,0
867,9.25E-01,9.15E-01,8.51E-01,,,0
868,9.69E-01,9.59E-01,8.91E-01,,,0
869,9.59E-01,9.50E-01,8.83E-01,,,0
870,9.77E-01,9.68E-01,8.99E-01,,,0
871,9.63E-01,9.54E-01,8.87E-01,,,0
872,9.76E-01,9.67E-01,8.99E-01,,,0
873,9.66E-01,9.57E-01,8.90E-01,,,0
874,9.49E-01,9.40E-01,8.75E-01,,,0
875,9.36E-01,9.27E-01,8.62E-01,,,0
876,9.62E-01,9.53E-01,8.86E-01,,,0
877,9.65E-01,9.56E-01,8.89E-01,,,0
878,9.62E-01,9.52E-01,8.86E-01,,,0
879,9.46E-01,9.37E-01,8.71E-01,,,0
880,9.49E-01,9.40E-01,8.74E-01,,,0
881,9.20E-01,9.09E-01,8.46E-01,,,0
882,9.44E-01,9.32E-01,8.68E-01,,,0
883,9.39E-01,9.29E-01,8.65E-01,,,0
884,9.44E-01,9.33E-01,8.69E-01,,,0
885,9.55E-01,9.44E-01,8.79E-01,,,0
886,9.26E-01,9.08E-01,8.45E-01,,,0
887,9.23E-01,9.11E-01,8.48E-01,,,0
888,9.41E-01,9.22E-01,8.59E-01,,,0
889,9.44E-01,9.35E-01,8.70E-01,,,0
890,9.42E-01,9.24E-01,8.61E-01,,,0
891,9.39E-01,9.26E-01,8.63E-01,,,0
892,9.33E-01,9.09E-01,8.47E-01,,,0
893,9.18E-01,8.73E-01,8.14E-01,,,0
894,9.24E-01,8.51E-01,7.94E-01,,,0
895,9.26E-01,8.14E-01,7.60E-01,,,0
896,9.34E-01,7.63E-01,7.13E-01,,,0
897,9.27E-01,6.66E-01,6.23E-01,,,0
898,9.24E-01,7.18E-01,6.71E-01,,,0
899,9.14E-01,5.49E-01,5.15E-01,,,0
900,9.14E-01,7.43E-01,6.94E-01,,,0
901,8.98E-01,5.99E-01,5.62E-01,,,0
902,8.77E-01,6.68E-01,6.25E-01,,,0
903,9.22E-01,6.89E-01,6.45E-01,,,0
904,9.21E-01,8.45E-01,7.89E-01,,,0
905,9.18E-01,8.17E-01,7.63E-01,,,0
906,9.08E-01,7.76E-01,7.25E-01,,,0
907,9.15E-01,6.39E-01,5.98E-01,,,0
908,9.01E-01,6.52E-01,6.11E-01,,,0
909,8.86E-01,7.04E-01,6.59E-01,,,0
910,8.95E-01,6.25E-01,5.86E-01,,,0
911,8.97E-01,6.68E-01,6.26E-01,,,0
912,8.90E-01,6.89E-01,6.45E-01,,,0
913,9.00E-01,6.28E-01,5.89E-01,,,0
914,8.98E-01,6.26E-01,5.87E-01,,,0
915,8.88E-01,6.78E-01,6.36E-01,,,0
916,8.95E-01,5.76E-01,5.41E-01,,,0
917,8.89E-01,7.30E-01,6.84E-01,,,0
918,8.88E-01,5.93E-01,5.56E-01,,,0
919,8.92E-01,7.39E-01,6.92E-01,,,0
920,8.85E-01,7.44E-01,6.97E-01,,,0
921,8.70E-01,7.80E-01,7.30E-01,,,0
922,8.63E-01,7.00E-01,6.56E-01,,,0
923,8.33E-01,7.45E-01,6.97E-01,,,0
924,8.70E-01,7.22E-01,6.76E-01,,,0
925,8.76E-01,7.11E-01,6.66E-01,,,0
926,8.46E-01,7.03E-01,6.59E-01,,,0
927,8.78E-01,7.87E-01,7.37E-01,,,0
928,8.71E-01,5.90E-01,5.54E-01,,,0
929,8.70E-01,5.51E-01,5.18E-01,,,0
930,8.69E-01,4.32E-01,4.07E-01,,,0
931,8.71E-01,4.09E-01,3.85E-01,,,0
932,8.65E-01,3.01E-01,2.84E-01,,,0
933,8.70E-01,2.48E-01,2.35E-01,,,0
934,8.67E-01,1.44E-01,1.36E-01,,,0
935,8.56E-01,2.51E-01,2.37E-01,,,0
936,8.52E-01,1.61E-01,1.53E-01,,,0
937,8.54E-01,1.63E-01,1.55E-01,,,0
938,8.59E-01,2.01E-01,1.90E-01,,,0
939,8.57E-01,3.99E-01,3.76E-01,,,0
940,8.40E-01,4.72E-01,4.44E-01,,,0
941,8.32E-01,3.72E-01,3.51E-01,,,0
942,8.06E-01,4.05E-01,3.82E-01,,,0
943,8.38E-01,2.78E-01,2.63E-01,,,0
944,8.19E-01,2.86E-01,2.70E-01,,,0
945,8.24E-01,3.68E-01,3.47E-01,,,0
946,8.31E-01,1.95E-01,1.84E-01,,,0
947,8.28E-01,3.71E-01,3.50E-01,,,0
948,8.31E-01,2.74E-01,2.59E-01,,,0
949,8.33E-01,4.94E-01,4.65E-01,,,0
950,8.29E-01,1.47E-01,1.39E-01,,,0
951,8.20E-01,4.84E-01,4.56E-01,,,0
952,8.24E-01,2.69E-01,2.54E-01,,,0
953,8.21E-01,3.44E-01,3.24E-01,,,0
954,8.12E-01,4.24E-01,4.00E-01,,,0
955,7.69E-01,3.41E-01,3.22E-01,,,0
956,8.02E-01,3.28E-01,3.10E-01,,,0
957,8.06E-01,2.71E-01,2.56E-01,,,0
958,8.11E-01,4.61E-01,4.35E-01,,,0
959,8.15E-01,3.74E-01,3.53E-01,,,0
960,8.06E-01,4.21E-01,3.97E-01,,,0
961,8.00E-01,4.61E-01,4.35E-01,,,0
962,8.02E-01,4.42E-01,4.17E-01,,,0
963,7.98E-01,5.05E-01,4.76E-01,,,0
964,7.88E-01,4.59E-01,4.32E-01,,,0
965,7.96E-01,5.04E-01,4.75E-01,,,0
966,7.86E-01,5.03E-01,4.74E-01,,,0
967,7.95E-01,5.02E-01,4.74E-01,,,0
968,7.85E-01,6.52E-01,6.13E-01,,,0
969,7.88E-01,6.86E-01,6.45E-01,,,0
970,7.91E-01,6.35E-01,5.97E-01,,,0
971,7.82E-01,7.14E-01,6.71E-01,,,0
972,7.88E-01,6.88E-01,6.46E-01,,,0
973,7.81E-01,6.06E-01,5.71E-01,,,0
974,7.69E-01,5.75E-01,5.42E-01,,,0
975,7.73E-01,5.90E-01,5.55E-01,,,0
976,7.81E-01,5.72E-01,5.39E-01,,,0
977,7.72E-01,6.39E-01,6.01E-01,,,0
978,7.78E-01,6.15E-01,5.79E-01,,,0
979,7.67E-01,6.38E-01,6.00E-01,,,0
980,7.75E-01,6.05E-01,5.69E-01,,,0
981,7.73E-01,7.13E-01,6.71E-01,,,0
982,7.79E-01,6.92E-01,6.51E-01,,,0
983,7.75E-01,6.69E-01,6.29E-01,,,0
984,7.69E-01,7.37E-01,6.93E-01,,,0
985,7.71E-01,6.88E-01,6.47E-01,,,0
986,7.66E-01,7.51E-01,7.06E-01,,,0
987,7.66E-01,7.39E-01,6.95E-01,,,0
988,7.64E-01,7.35E-01,6.91E-01,,,0
989,7.55E-01,7.49E-01,7.04E-01,,,0
990,7.57E-01,7.32E-01,6.88E-01,,,0
991,7.62E-01,7.54E-01,7.08E-01,,,0
992,7.57E-01,7.51E-01,7.06E-01,,,0
993,7.56E-01,7.37E-01,6.93E-01,,,0
994,7.59E-01,7.54E-01,7.09E-01,,,0
995,7.54E-01,7.52E-01,7.07E-01,,,0
996,7.53E-01,7.49E-01,7.04E-01,,,0
997,7.43E-01,7.40E-01,6.96E-01,,,0
998,7.43E-01,7.39E-01,6.95E-01,,,0
999,7.42E-01,7.39E-01,6.95E-01,,,0
1000,7.43E-01,7.35E-01,6.92E-01,,,0
1001,7.47E-01,7.44E-01,7.00E-01,,,0
1002,7.47E-01,7.28E-01,6.85E-01,,,0
1003,7.38E-01,7.34E-01,6.91E-01,,,0
1004,7.31E-01,7.23E-01,6.81E-01,,,0
1005,6.84E-01,6.82E-01,6.41E-01,,,0
1006,7.18E-01,7.13E-01,6.70E-01,,,0
1007,7.31E-01,7.28E-01,6.85E-01,,,0
1008,7.33E-01,7.27E-01,6.84E-01,,,0
1009,7.29E-01,7.20E-01,6.77E-01,,,0
1010,7.31E-01,7.19E-01,6.77E-01,,,0
1011,7.26E-01,7.23E-01,6.80E-01,,,0
1012,7.25E-01,7.19E-01,6.77E-01,,,0
1013,7.20E-01,7.18E-01,6.76E-01,,,0
1014,7.23E-01,7.21E-01,6.78E-01,,,0
1015,7.11E-01,7.08E-01,6.67E-01,,,0
1016,7.14E-01,7.11E-01,6.70E-01,,,0
1017,7.07E-01,7.03E-01,6.62E-01,,,0
1018,7.16E-01,7.14E-01,6.73E-01,,,0
1019,6.96E-01,6.89E-01,6.49E-01,,,0
1020,7.01E-01,6.99E-01,6.58E-01,,,0
1021,7.03E-01,7.02E-01,6.61E-01,,,0
1022,6.93E-01,6.90E-01,6.50E-01,,,0
1023,6.99E-01,6.95E-01,6.55E-01,,,0
1024,7.01E-01,6.91E-01,6.51E-01,,,0
1025,6.99E-01,6.98E-01,6.57E-01,,,0
1026,6.99E-01,6.96E-01,6.56E-01,,,0
1027,6.96E-01,6.93E-01,6.53E-01,,,0
1028,6.97E-01,6.94E-01,6.54E-01,,,0
1029,6.90E-01,6.86E-01,6.47E-01,,,0
1030,6.92E-01,6.91E-01,6.51E-01,,,0
1031,6.90E-01,6.87E-01,6.48E-01,,,0
1032,6.90E-01,6.88E-01,6.49E-01,,,0
1033,6.78E-01,6.76E-01,6.38E-01,,,0
1034,6.82E-01,6.80E-01,6.41E-01,,,0
1035,6.84E-01,6.82E-01,6.43E-01,,,0
1036,6.84E-01,6.82E-01,6.43E-01,,,0
1037,6.77E-01,6.75E-01,6.37E-01,,,0
1038,6.74E-01,6.72E-01,6.34E-01,,,0
1039,6.79E-01,6.76E-01,6.38E-01,,,0
1040,6.74E-01,6.72E-01,6.34E-01,,,0
1041,6.75E-01,6.72E-01,6.34E-01,,,0
1042,6.75E-01,6.72E-01,6.34E-01,,,0
1043,6.69E-01,6.65E-01,6.28E-01,,,0
1044,6.72E-01,6.68E-01,6.31E-01,,,0
1045,6.68E-01,6.65E-01,6.27E-01,,,0
1046,6.51E-01,6.47E-01,6.11E-01,,,0
1047,6.62E-01,6.57E-01,6.20E-01,,,0
1048,6.68E-01,6.63E-01,6.26E-01,,,0
1049,6.65E-01,6.59E-01,6.22E-01,,,0
1050,6.61E-01,6.55E-01,6.18E-01,,,0
1051,6.62E-01,6.55E-01,6.19E-01,,,0
1052,6.58E-01,6.51E-01,6.15E-01,,,0
1053,6.57E-01,6.49E-01,6.13E-01,,,0
1054,6.55E-01,6.46E-01,6.10E-01,,,0
1055,6.58E-01,6.48E-01,6.12E-01,,,0
1056,6.56E-01,6.46E-01,6.11E-01,,,0
1057,6.55E-01,6.45E-01,6.09E-01,,,0
1058,6.49E-01,6.38E-01,6.03E-01,,,0
1059,6.30E-01,6.19E-01,5.85E-01,,,0
1060,6.48E-01,6.36E-01,6.01E-01,,,0
1061,6.34E-01,6.21E-01,5.87E-01,,,0
1062,6.47E-01,6.33E-01,5.98E-01,,,0
1063,6.37E-01,6.22E-01,5.88E-01,,,0
1064,6.46E-01,6.32E-01,5.97E-01,,,0
1065,6.45E-01,6.29E-01,5.95E-01,,,0
1066,6.31E-01,6.17E-01,5.83E-01,,,0
1067,6.35E-01,6.20E-01,5.86E-01,,,0
1068,6.36E-01,6.19E-01,5.86E-01,,,0
1069,6.01E-01,5.86E-01,5.54E-01,,,0
1070,6.22E-01,6.05E-01,5.72E-01,,,0
1071,6.28E-01,6.17E-01,5.83E-01,,,0
1072,6.31E-01,6.15E-01,5.82E-01,,,0
1073,6.18E-01,6.04E-01,5.71E-01,,,0
1074,6.31E-01,6.22E-01,5.88E-01,,,0
1075,6.18E-01,5.93E-01,5.61E-01,,,0
1076,6.25E-01,6.15E-01,5.81E-01,,,0
1077,6.24E-01,6.04E-01,5.72E-01,,,0
1078,6.25E-01,6.03E-01,5.71E-01,,,0
1079,6.12E-01,6.05E-01,5.72E-01,,,0
1080,6.23E-01,5.97E-01,5.65E-01,,,0
1081,6.07E-01,5.81E-01,5.50E-01,,,0
1082,6.02E-01,5.89E-01,5.58E-01,,,0
1083,6.09E-01,5.98E-01,5.66E-01,,,0
1084,6.14E-01,5.79E-01,5.48E-01,,,0
1085,6.12E-01,5.93E-01,5.62E-01,,,0
1086,6.16E-01,5.54E-01,5.25E-01,,,0
1087,5.91E-01,5.67E-01,5.37E-01,,,0
1088,6.07E-01,5.93E-01,5.62E-01,,,0
1089,6.09E-01,5.79E-01,5.49E-01,,,0
1090,6.04E-01,5.56E-01,5.27E-01,,,0
1091,6.08E-01,5.88E-01,5.57E-01,,,0
1092,5.97E-01,5.81E-01,5.50E-01,,,0
1093,5.92E-01,5.11E-01,4.84E-01,,,0
1094,5.61E-01,5.40E-01,5.11E-01,,,0
1095,5.83E-01,5.21E-01,4.94E-01,,,0
1096,5.86E-01,5.03E-01,4.77E-01,,,0
1097,5.91E-01,5.79E-01,5.48E-01,,,0
1098,5.87E-01,5.03E-01,4.77E-01,,,0
1099,5.82E-01,5.08E-01,4.82E-01,,,0
1100,6.00E-01,4.86E-01,4.61E-01,,,0
1101,5.99E-01,4.97E-01,4.72E-01,,,0
1102,5.82E-01,4.69E-01,4.45E-01,,,0
1103,5.95E-01,4.66E-01,4.43E-01,,,0
1104,5.93E-01,4.68E-01,4.44E-01,,,0
1105,5.91E-01,5.06E-01,4.81E-01,,,0
1106,5.90E-01,3.98E-01,3.78E-01,,,0
1107,5.86E-01,4.83E-01,4.59E-01,,,0
1108,5.87E-01,4.16E-01,3.95E-01,,,0
1109,5.86E-01,4.13E-01,3.92E-01,,,0
1110,5.87E-01,4.79E-01,4.55E-01,,,0
1111,5.83E-01,3.32E-01,3.16E-01,,,0
1112,5.83E-01,4.14E-01,3.93E-01,,,0
1113,5.78E-01,2.69E-01,2.56E-01,,,0
1114,5.84E-01,3.00E-01,2.86E-01,,,0
1115,5.82E-01,2.50E-01,2.38E-01,,,0
1116,5.75E-01,2.01E-01,1.92E-01,,,0
1117,5.83E-01,7.96E-02,7.62E-02,,,0
1118,5.72E-01,2.18E-01,2.08E-01,,,0
1119,5.72E-01,1.13E-01,1.08E-01,,,0
1120,5.69E-01,1.42E-01,1.36E-01,,,0
1121,5.72E-01,1.86E-01,1.78E-01,,,0
1122,5.75E-01,8.17E-02,7.82E-02,,,0
1123,5.74E-01,1.28E-01,1.23E-01,,,0
1124,5.73E-01,1.09E-01,1.04E-01,,,0
1125,5.70E-01,1.44E-01,1.38E-01,,,0
1126,5.53E-01,5.16E-02,4.94E-02,,,0
1127,5.62E-01,1.57E-01,1.50E-01,,,0
1128,5.68E-01,9.92E-02,9.49E-02,,,0
1129,5.68E-01,1.06E-01,1.01E-01,,,0
1130,5.64E-01,7.06E-02,6.76E-02,,,0
1131,5.68E-01,2.96E-01,2.82E-01,,,0
1132,5.70E-01,2.34E-01,2.24E-01,,,0
1133,5.62E-01,1.53E-01,1.47E-01,,,0
1134,5.63E-01,4.17E-02,4.00E-02,,,0
1135,5.63E-01,1.55E-02,1.48E-02,,,0
1136,5.65E-01,1.29E-01,1.23E-01,,,0
1137,5.52E-01,2.88E-01,2.75E-01,,,0
1138,5.44E-01,2.03E-01,1.94E-01,,,0
1139,5.53E-01,2.99E-01,2.85E-01,,,0
1140,5.56E-01,2.56E-01,2.44E-01,,,0
1141,5.43E-01,1.93E-01,1.85E-01,,,0
1142,5.55E-01,2.25E-01,2.15E-01,,,0
1143,5.50E-01,3.12E-01,2.98E-01,,,0
1144,5.45E-01,1.13E-01,1.08E-01,,,0
1145,5.50E-01,1.46E-01,1.40E-01,,,0
1146,5.54E-01,1.58E-01,1.51E-01,,,0
1147,5.54E-01,5.92E-02,5.67E-02,,,0
1148,5.50E-01,2.71E-01,2.59E-01,,,0
1149,5.48E-01,2.19E-01,2.09E-01,,,0
1150,5.46E-01,1.22E-01,1.16E-01,,,0
1151,5.45E-01,2.03E-01,1.95E-01,,,0
1152,5.42E-01,2.48E-01,2.37E-01,,,0
1153,5.43E-01,2.38E-01,2.28E-01,,,0
1154,5.47E-01,1.42E-01,1.36E-01,,,0
1155,5.47E-01,3.13E-01,2.99E-01,,,0
1156,5.40E-01,2.81E-01,2.68E-01,,,0
1157,5.44E-01,3.15E-01,3.00E-01,,,0
1158,5.43E-01,3.12E-01,2.98E-01,,,0
1159,5.35E-01,3.37E-01,3.22E-01,,,0
1160,5.29E-01,2.86E-01,2.74E-01,,,0
1161,5.19E-01,3.48E-01,3.32E-01,,,0
1162,5.33E-01,3.50E-01,3.34E-01,,,0
1163,5.37E-01,4.69E-01,4.46E-01,,,0
1164,5.27E-01,4.02E-01,3.83E-01,,,0
1165,5.35E-01,3.89E-01,3.71E-01,,,0
1166,5.22E-01,3.75E-01,3.58E-01,,,0
1167,5.30E-01,4.10E-01,3.91E-01,,,0
1168,5.34E-01,4.20E-01,4.00E-01,,,0
1169,5.16E-01,4.23E-01,4.03E-01,,,0
1170,5.29E-01,4.59E-01,4.37E-01,,,0
1171,5.31E-01,4.48E-01,4.28E-01,,,0
1172,5.31E-01,4.55E-01,4.34E-01,,,0
1173,5.27E-01,4.56E-01,4.35E-01,,,0
1174,5.28E-01,3.37E-01,3.22E-01,,,0
1175,5.19E-01,4.52E-01,4.31E-01,,,0
1176,5.10E-01,4.77E-01,4.54E-01,,,0
1177,5.23E-01,4.72E-01,4.50E-01,,,0
1178,5.17E-01,3.60E-01,3.44E-01,,,0
1179,5.15E-01,4.84E-01,4.61E-01,,,0
1180,5.22E-01,4.41E-01,4.21E-01,,,0
1181,5.18E-01,4.55E-01,4.34E-01,,,0
1182,5.17E-01,3.23E-01,3.09E-01,,,0
1183,4.88E-01,4.39E-01,4.19E-01,,,0
1184,5.11E-01,4.20E-01,4.01E-01,,,0
1185,5.16E-01,4.07E-01,3.89E-01,,,0
1186,5.15E-01,4.77E-01,4.55E-01,,,0
1187,5.15E-01,4.56E-01,4.35E-01,,,0
1188,5.10E-01,3.35E-01,3.20E-01,,,0
1189,4.84E-01,4.16E-01,3.97E-01,,,0
1190,5.06E-01,4.62E-01,4.41E-01,,,0
1191,5.14E-01,4.47E-01,4.26E-01,,,0
1192,5.12E-01,4.73E-01,4.52E-01,,,0
1193,5.11E-01,4.54E-01,4.34E-01,,,0
1194,5.11E-01,4.69E-01,4.48E-01,,,0
1195,5.06E-01,4.47E-01,4.27E-01,,,0
1196,5.06E-01,4.31E-01,4.12E-01,,,0
1197,5.03E-01,4.77E-01,4.55E-01,,,0
1198,4.92E-01,4.34E-01,4.14E-01,,,0
1199,4.74E-01,3.65E-01,3.49E-01,,,0
1200,5.00E-01,4.48E-01,4.28E-01,,,0
1201,5.06E-01,4.37E-01,4.17E-01,,,0
1202,5.07E-01,4.37E-01,4.17E-01,,,0
1203,4.88E-01,4.34E-01,4.14E-01,,,0
1204,4.87E-01,3.62E-01,3.46E-01,,,0
1205,5.02E-01,4.37E-01,4.17E-01,,,0
1206,4.99E-01,4.81E-01,4.59E-01,,,0
1207,5.01E-01,4.30E-01,4.10E-01,,,0
1208,4.90E-01,4.33E-01,4.14E-01,,,0
1209,4.66E-01,4.14E-01,3.95E-01,,,0
1210,4.92E-01,4.53E-01,4.33E-01,,,0
1211,4.79E-01,4.22E-01,4.03E-01,,,0
1212,4.91E-01,4.25E-01,4.06E-01,,,0
1213,4.92E-01,4.70E-01,4.48E-01,,,0
1214,4.89E-01,4.34E-01,4.14E-01,,,0
1215,4.90E-01,4.28E-01,4.09E-01,,,0
1216,4.89E-01,4.66E-01,4.45E-01,,,0
1217,4.88E-01,4.55E-01,4.35E-01,,,0
1218,4.86E-01,4.59E-01,4.38E-01,,,0
1219,4.82E-01,4.47E-01,4.26E-01,,,0
1220,4.84E-01,4.58E-01,4.37E-01,,,0
1221,4.83E-01,4.65E-01,4.44E-01,,,0
1222,4.81E-01,4.51E-01,4.31E-01,,,0
1223,4.76E-01,4.44E-01,4.24E-01,,,0
1224,4.82E-01,4.48E-01,4.28E-01,,,0
1225,4.79E-01,4.62E-01,4.41E-01,,,0
1226,4.80E-01,4.68E-01,4.47E-01,,,0
1227,4.68E-01,4.33E-01,4.14E-01,,,0
1228,4.74E-01,4.67E-01,4.45E-01,,,0
1229,4.77E-01,4.67E-01,4.46E-01,,,0
1230,4.75E-01,4.60E-01,4.39E-01,,,0
1231,4.74E-01,4.72E-01,4.51E-01,,,0
1232,4.69E-01,4.66E-01,4.45E-01,,,0
1233,4.71E-01,4.54E-01,4.34E-01,,,0
1234,4.69E-01,4.70E-01,4.49E-01,,,0
1235,4.66E-01,4.65E-01,4.44E-01,,,0
1236,4.69E-01,4.69E-01,4.48E-01,,,0
1237,4.68E-01,4.63E-01,4.43E-01,,,0
1238,4.67E-01,4.68E-01,4.47E-01,,,0
1239,4.62E-01,4.63E-01,4.42E-01,,,0
1240,4.60E-01,4.61E-01,4.40E-01,,,0
1241,4.64E-01,4.62E-01,4.41E-01,,,0
1242,4.62E-01,4.62E-01,4.42E-01,,,0
1243,4.57E-01,4.58E-01,4.37E-01,,,0
1244,4.55E-01,4.55E-01,4.35E-01,,,0
1245,4.56E-01,4.57E-01,4.36E-01,,,0
1246,4.59E-01,4.59E-01,4.39E-01,,,0
1247,4.58E-01,4.57E-01,4.37E-01,,,0
1248,4.61E-01,4.59E-01,4.38E-01,,,0
1249,4.60E-01,4.60E-01,4.39E-01,,,0
1250,4.59E-01,4.57E-01,4.37E-01,,,0
1251,4.56E-01,4.53E-01,4.33E-01,,,0
1252,4.52E-01,4.51E-01,4.31E-01,,,0
1253,4.54E-01,4.48E-01,4.28E-01,,,0
1254,4.54E-01,4.44E-01,4.24E-01,,,0
1255,4.53E-01,4.51E-01,4.31E-01,,,0
1256,4.52E-01,4.40E-01,4.21E-01,,,0
1257,4.49E-01,4.35E-01,4.16E-01,,,0
1258,4.51E-01,4.45E-01,4.25E-01,,,0
1259,4.48E-01,4.27E-01,4.09E-01,,,0
1260,4.50E-01,4.31E-01,4.12E-01,,,0
1261,4.49E-01,4.11E-01,3.94E-01,,,0
1262,4.43E-01,3.96E-01,3.79E-01,,,0
1263,4.48E-01,4.00E-01,3.83E-01,,,0
1264,4.42E-01,3.71E-01,3.56E-01,,,0
1265,4.43E-01,3.96E-01,3.79E-01,,,0
1266,4.46E-01,3.85E-01,3.69E-01,,,0
1267,4.39E-01,3.88E-01,3.72E-01,,,0
1268,4.36E-01,3.71E-01,3.55E-01,,,0
1269,4.40E-01,2.47E-01,2.37E-01,,,0
1270,4.42E-01,3.87E-01,3.71E-01,,,0
1271,4.43E-01,4.08E-01,3.91E-01,,,0
1272,4.41E-01,4.09E-01,3.91E-01,,,0
1273,4.41E-01,4.06E-01,3.89E-01,,,0
1274,4.38E-01,4.06E-01,3.89E-01,,,0
1275,4.41E-01,4.12E-01,3.95E-01,,,0
1276,4.42E-01,4.17E-01,3.99E-01,,,0
1277,4.42E-01,4.20E-01,4.02E-01,,,0
1278,4.41E-01,4.28E-01,4.09E-01,,,0
1279,4.38E-01,4.25E-01,4.06E-01,,,0
1280,4.35E-01,4.22E-01,4.04E-01,,,0
1281,4.23E-01,4.13E-01,3.96E-01,,,0
1282,3.76E-01,3.73E-01,3.57E-01,,,0
1283,4.12E-01,4.07E-01,3.90E-01,,,0
1284,4.27E-01,4.21E-01,4.03E-01,,,0
1285,4.29E-01,4.24E-01,4.06E-01,,,0
1286,4.29E-01,4.27E-01,4.09E-01,,,0
1287,4.30E-01,4.22E-01,4.04E-01,,,0
1288,4.27E-01,4.20E-01,4.02E-01,,,0
1289,4.28E-01,4.09E-01,3.92E-01,,,0
1290,4.19E-01,4.13E-01,3.95E-01,,,0
1291,4.22E-01,4.18E-01,4.00E-01,,,0
1292,4.23E-01,3.96E-01,3.79E-01,,,0
1293,4.23E-01,4.13E-01,3.95E-01,,,0
1294,4.16E-01,4.04E-01,3.87E-01,,,0
1295,4.19E-01,4.05E-01,3.88E-01,,,0
1296,4.20E-01,3.90E-01,3.73E-01,,,0
1297,4.17E-01,3.71E-01,3.56E-01,,,0
1298,4.13E-01,3.92E-01,3.75E-01,,,0
1299,4.17E-01,4.09E-01,3.91E-01,,,0
1300,4.15E-01,3.53E-01,3.39E-01,,,0
1301,4.14E-01,3.62E-01,3.47E-01,,,0
1302,4.10E-01,3.92E-01,3.75E-01,,,0
1303,4.08E-01,3.46E-01,3.32E-01,,,0
1304,4.06E-01,3.01E-01,2.88E-01,,,0
1305,4.10E-01,3.84E-01,3.68E-01,,,0
1306,4.10E-01,3.85E-01,3.69E-01,,,0
1307,4.10E-01,3.06E-01,2.94E-01,,,0
1308,4.09E-01,3.47E-01,3.33E-01,,,0
1309,4.09E-01,3.84E-01,3.68E-01,,,0
1310,4.07E-01,3.01E-01,2.89E-01,,,0
1311,4.06E-01,3.34E-01,3.20E-01,,,0
1312,4.03E-01,3.33E-01,3.20E-01,,,0
1313,3.91E-01,3.14E-01,3.01E-01,,,0
1314,4.03E-01,2.88E-01,2.77E-01,,,0
1315,3.92E-01,2.86E-01,2.74E-01,,,0
1316,3.94E-01,3.24E-01,3.11E-01,,,0
1317,4.01E-01,3.12E-01,3.00E-01,,,0
1318,3.95E-01,3.33E-01,3.20E-01,,,0
1319,4.01E-01,2.69E-01,2.58E-01,,,0
1320,3.99E-01,2.59E-01,2.49E-01,,,0
1321,3.95E-01,2.99E-01,2.87E-01,,,0
1322,3.95E-01,3.02E-01,2.90E-01,,,0
1323,3.95E-01,2.33E-01,2.24E-01,,,0
1324,3.95E-01,2.62E-01,2.52E-01,,,0
1325,3.94E-01,3.22E-01,3.09E-01,,,0
1326,3.92E-01,2.81E-01,2.70E-01,,,0
1327,3.89E-01,2.66E-01,2.56E-01,,,0
1328,3.91E-01,2.35E-01,2.26E-01,,,0
1329,3.80E-01,1.78E-01,1.71E-01,,,0
1330,3.85E-01,2.29E-01,2.21E-01,,,0
1331,3.88E-01,1.45E-01,1.40E-01,,,0
1332,3.79E-01,1.46E-01,1.40E-01,,,0
1333,3.87E-01,2.03E-01,1.95E-01,,,0
1334,3.87E-01,1.69E-01,1.63E-01,,,0
1335,3.86E-01,2.31E-01,2.22E-01,,,0
1336,3.82E-01,1.83E-01,1.77E-01,,,0
1337,3.83E-01,1.65E-01,1.59E-01,,,0
1338,3.81E-01,1.78E-01,1.72E-01,,,0
1339,3.76E-01,1.77E-01,1.70E-01,,,0
1340,3.74E-01,1.68E-01,1.62E-01,,,0
1341,3.82E-01,1.70E-01,1.64E-01,,,0
1342,3.80E-01,1.78E-01,1.71E-01,,,0
1343,3.80E-01,1.27E-01,1.23E-01,,,0
1344,3.80E-01,7.56E-02,7.30E-02,,,0
1345,3.80E-01,1.09E-01,1.05E-01,,,0
1346,3.76E-01,5.82E-02,5.62E-02,,,0
1347,3.78E-01,6.01E-02,5.81E-02,,,0
1348,3.77E-01,4.75E-03,4.59E-03,,,0
1349,3.76E-01,1.62E-02,1.56E-02,,,0
1350,3.71E-01,1.60E-02,1.55E-02,,,0
1351,3.72E-01,4.63E-03,4.48E-03,,,0
1352,3.75E-01,1.52E-03,1.47E-03,,,0
1353,3.74E-01,9.61E-05,9.29E-05,,,0
1354,3.73E-01,2.90E-04,2.81E-04,,,0
1355,3.68E-01,3.60E-06,3.48E-06,,,0
1356,3.69E-01,4.81E-05,4.65E-05,,,0
1357,3.64E-01,7.18E-05,6.94E-05,,,0
1358,3.70E-01,4.19E-06,4.06E-06,,,0
1359,3.69E-01,7.34E-07,7.10E-07,,,0
1360,3.65E-01,2.14E-06,2.07E-06,,,0
1361,3.70E-01,4.81E-09,4.66E-09,,,0
1362,3.69E-01,1.81E-11,1.75E-11,,,0
1363,3.62E-01,3.16E-06,3.05E-06,,,0
1364,3.67E-01,1.36E-06,1.32E-06,,,0
1365,3.66E-01,9.08E-12,8.78E-12,,,0
1366,3.66E-01,1.28E-05,1.24E-05,,,0
1367,3.62E-01,4.98E-06,4.82E-06,,,0
1368,3.66E-01,1.48E-13,1.43E-13,,,0
1369,3.59E-01,5.17E-07,5.00E-07,,,0
1370,3.59E-01,2.92E-07,2.83E-07,,,0
1371,3.59E-01,1.97E-08,1.91E-08,,,0
1372,3.63E-01,2.75E-06,2.66E-06,,,0
1373,3.63E-01,4.44E-05,4.30E-05,,,0
1374,3.63E-01,1.79E-04,1.74E-04,,,0
1375,3.57E-01,3.23E-04,3.13E-04,,,0
1376,3.54E-01,2.57E-04,2.49E-04,,,0
1377,3.58E-01,1.23E-04,1.19E-04,,,0
1378,3.57E-01,1.11E-03,1.07E-03,,,0
1379,3.60E-01,5.22E-05,5.05E-05,,,0
1380,3.57E-01,8.16E-05,7.90E-05,,,0
1381,3.58E-01,2.37E-06,2.30E-06,,,0
1382,3.53E-01,2.57E-06,2.49E-06,,,0
1383,3.54E-01,4.40E-08,4.27E-08,,,0
1384,3.56E-01,6.17E-07,5.98E-07,,,0
1385,3.52E-01,2.09E-06,2.03E-06,,,0
1386,3.55E-01,2.52E-06,2.44E-06,,,0
1387,3.51E-01,1.99E-04,1.93E-04,,,0
1388,3.53E-01,4.03E-06,3.90E-06,,,0
1389,3.54E-01,5.81E-04,5.63E-04,,,0
1390,3.47E-01,4.93E-04,4.78E-04,,,0
1391,3.52E-01,3.44E-04,3.33E-04,,,0
1392,3.52E-01,2.38E-05,2.31E-05,,,0
1393,3.50E-01,1.16E-04,1.12E-04,,,0
1394,3.48E-01,7.55E-05,7.33E-05,,,0
1395,3.48E-01,6.71E-07,6.51E-07,,,0
1396,3.49E-01,6.32E-09,6.13E-09,,,0
1397,3.49E-01,4.91E-05,4.76E-05,,,0
1398,3.50E-01,1.27E-03,1.23E-03,,,0
1399,3.49E-01,8.12E-04,7.88E-04,,,0
1400,3.39E-01,3.25E-09,3.15E-09,,,0
1401,3.39E-01,1.05E-08,1.02E-08,,,0
1402,3.44E-01,1.84E-03,1.78E-03,,,0
1403,3.40E-01,2.38E-03,2.31E-03,,,0
1404,3.41E-01,7.39E-04,7.18E-04,,,0
1405,3.40E-01,3.64E-07,3.54E-07,,,0
1406,3.42E-01,2.04E-03,1.99E-03,,,0
1407,3.41E-01,1.75E-04,1.70E-04,,,0
1408,3.40E-01,1.65E-03,1.60E-03,,,0
1409,3.41E-01,6.19E-04,6.02E-04,,,0
1410,3.40E-01,4.67E-04,4.53E-04,,,0
1411,3.38E-01,2.11E-03,2.05E-03,,,0
1412,3.29E-01,2.64E-03,2.57E-03,,,0
1413,3.33E-01,2.34E-02,2.27E-02,,,0
1414,3.37E-01,3.64E-04,3.54E-04,,,0
1415,3.37E-01,1.84E-04,1.79E-04,,,0
1416,3.35E-01,3.56E-02,3.46E-02,,,0
1417,3.37E-01,1.18E-02,1.14E-02,,,0
1418,3.38E-01,1.36E-02,1.32E-02,,,0
1419,3.34E-01,2.14E-03,2.09E-03,,,0
1420,3.33E-01,8.27E-03,8.04E-03,,,0
1421,3.36E-01,9.16E-03,8.91E-03,,,0
1422,3.29E-01,4.63E-02,4.50E-02,,,0
1423,3.29E-01,9.22E-03,8.97E-03,,,0
1424,3.28E-01,1.70E-02,1.65E-02,,,0
1425,3.33E-01,2.59E-02,2.51E-02,,,0
1426,3.23E-01,2.78E-02,2.70E-02,,,0
1427,3.27E-01,4.95E-02,4.82E-02,,,0
1428,3.30E-01,4.56E-03,4.44E-03,,,0
1429,3.23E-01,3.80E-02,3.70E-02,,,0
1430,3.23E-01,6.16E-02,5.99E-02,,,0
1431,3.24E-01,5.02E-02,4.88E-02,,,0
1432,3.31E-01,2.52E-03,2.45E-03,,,0
1433,3.31E-01,3.58E-02,3.49E-02,,,0
1434,3.25E-01,2.10E-02,2.04E-02,,,0
1435,3.27E-01,2.14E-02,2.08E-02,,,0
1436,3.27E-01,3.84E-02,3.73E-02,,,0
1437,3.28E-01,2.99E-02,2.91E-02,,,0
1438,3.26E-01,1.33E-02,1.29E-02,,,0
1439,3.29E-01,5.10E-02,4.97E-02,,,0
1440,3.13E-01,3.96E-02,3.85E-02,,,0
1441,3.17E-01,3.18E-02,3.10E-02,,,0
1442,3.16E-01,3.63E-02,3.54E-02,,,0
1443,3.18E-01,4.51E-02,4.39E-02,,,0
1444,3.19E-01,6.18E-02,6.01E-02,,,0
1445,3.19E-01,4.98E-02,4.84E-02,,,0
1446,3.21E-01,2.31E-02,2.25E-02,,,0
1447,3.18E-01,3.62E-02,3.53E-02,,,0
1448,3.21E-01,1.16E-01,1.13E-01,,,0
1449,3.20E-01,1.02E-01,9.94E-02,,,0
1450,3.18E-01,2.74E-02,2.67E-02,,,0
1451,3.14E-01,1.13E-02,1.10E-02,,,0
1452,3.14E-01,6.24E-02,6.07E-02,,,0
1453,3.15E-01,8.20E-02,7.98E-02,,,0
1454,3.13E-01,1.38E-01,1.34E-01,,,0
1455,3.12E-01,6.62E-02,6.44E-02,,,0
1456,3.10E-01,8.85E-02,8.62E-02,,,0
1457,3.12E-01,1.17E-01,1.14E-01,,,0
1458,3.16E-01,1.36E-01,1.33E-01,,,0
1459,3.17E-01,1.63E-01,1.59E-01,,,0
1460,3.14E-01,8.54E-02,8.32E-02,,,0
1461,3.13E-01,9.03E-02,8.79E-02,,,0
1462,3.10E-01,1.31E-01,1.27E-01,,,0
1463,3.08E-01,4.32E-02,4.21E-02,,,0
1464,3.08E-01,1.52E-01,1.48E-01,,,0
1465,3.12E-01,9.34E-02,9.09E-02,,,0
1466,3.07E-01,6.52E-02,6.35E-02,,,0
1467,3.13E-01,3.61E-02,3.51E-02,,,0
1468,3.08E-01,7.69E-02,7.49E-02,,,0
1469,3.12E-01,9.48E-02,9.23E-02,,,0
1470,3.10E-01,4.97E-02,4.84E-02,,,0
1471,3.04E-01,1.78E-02,1.74E-02,,,0
1472,3.06E-01,4.68E-02,4.56E-02,,,0
1473,3.06E-01,7.02E-02,6.84E-02,,,0
1474,2.97E-01,9.73E-02,9.48E-02,,,0
1475,3.03E-01,1.85E-01,1.80E-01,,,0
1476,3.04E-01,6.88E-02,6.70E-02,,,0
1477,3.03E-01,6.97E-02,6.79E-02,,,0
1478,3.02E-01,6.35E-02,6.18E-02,,,0
1479,3.05E-01,1.20E-01,1.17E-01,,,0
1480,3.06E-01,6.06E-02,5.91E-02,,,0
1481,3.02E-01,1.15E-01,1.12E-01,,,0
1482,3.05E-01,5.85E-02,5.70E-02,,,0
1483,2.98E-01,1.49E-01,1.45E-01,,,0
1484,3.02E-01,1.37E-01,1.34E-01,,,0
1485,3.06E-01,1.25E-01,1.22E-01,,,0
1486,3.02E-01,1.23E-01,1.20E-01,,,0
1487,3.00E-01,6.06E-02,5.90E-02,,,0
1488,2.65E-01,9.42E-02,9.17E-02,,,0
1489,2.99E-01,1.90E-01,1.84E-01,,,0
1490,3.01E-01,1.75E-01,1.70E-01,,,0
1491,3.02E-01,1.98E-01,1.92E-01,,,0
1492,2.98E-01,1.64E-01,1.60E-01,,,0
1493,3.02E-01,1.82E-01,1.77E-01,,,0
1494,3.02E-01,2.04E-01,1.98E-01,,,0
1495,3.01E-01,1.83E-01,1.77E-01,,,0
1496,2.91E-01,1.69E-01,1.64E-01,,,0
1497,2.97E-01,2.29E-01,2.22E-01,,,0
1498,2.99E-01,1.90E-01,1.84E-01,,,0
1499,2.95E-01,2.18E-01,2.11E-01,,,0
1500,3.01E-01,2.51E-01,2.43E-01,,,0
1501,3.00E-01,2.66E-01,2.58E-01,,,0
1502,2.97E-01,2.34E-01,2.27E-01,,,0
1503,2.69E-01,1.85E-01,1.80E-01,,,0
1504,2.83E-01,1.60E-01,1.56E-01,,,0
1505,2.71E-01,1.84E-01,1.79E-01,,,0
1506,2.84E-01,2.58E-01,2.50E-01,,,0
1507,2.94E-01,2.55E-01,2.48E-01,,,0
1508,2.90E-01,2.43E-01,2.36E-01,,,0
1509,2.88E-01,1.87E-01,1.82E-01,,,0
1510,2.94E-01,2.71E-01,2.63E-01,,,0
1511,2.94E-01,2.65E-01,2.57E-01,,,0
1512,2.88E-01,2.61E-01,2.53E-01,,,0
1513,2.87E-01,2.42E-01,2.35E-01,,,0
1514,2.85E-01,2.26E-01,2.19E-01,,,0
1515,2.88E-01,2.66E-01,2.58E-01,,,0
1516,2.87E-01,2.57E-01,2.49E-01,,,0
1517,2.85E-01,2.49E-01,2.42E-01,,,0
1518,2.90E-01,2.52E-01,2.45E-01,,,0
1519,2.85E-01,2.44E-01,2.37E-01,,,0
1520,2.88E-01,2.65E-01,2.57E-01,,,0
1521,2.81E-01,2.75E-01,2.67E-01,,,0
1522,2.80E-01,2.64E-01,2.56E-01,,,0
1523,2.84E-01,2.80E-01,2.72E-01,,,0
1524,2.85E-01,2.75E-01,2.67E-01,,,0
1525,2.78E-01,2.59E-01,2.51E-01,,,0
1526,2.86E-01,2.67E-01,2.60E-01,,,0
1527,2.83E-01,2.62E-01,2.55E-01,,,0
1528,2.85E-01,2.79E-01,2.71E-01,,,0
1529,2.83E-01,2.72E-01,2.65E-01,,,0
1530,2.67E-01,2.55E-01,2.48E-01,,,0
1531,2.83E-01,2.70E-01,2.62E-01,,,0
1532,2.83E-01,2.78E-01,2.70E-01,,,0
1533,2.80E-01,2.77E-01,2.69E-01,,,0
1534,2.75E-01,2.69E-01,2.61E-01,,,0
1535,2.78E-01,2.67E-01,2.59E-01,,,0
1536,2.81E-01,2.75E-01,2.67E-01,,,0
1537,2.81E-01,2.73E-01,2.66E-01,,,0
1538,2.73E-01,2.72E-01,2.64E-01,,,0
1539,2.78E-01,2.73E-01,2.65E-01,,,0
1540,2.69E-01,2.65E-01,2.57E-01,,,0
1541,2.73E-01,2.69E-01,2.61E-01,,,0
1542,2.75E-01,2.69E-01,2.62E-01,,,0
1543,2.75E-01,2.72E-01,2.64E-01,,,0
1544,2.77E-01,2.72E-01,2.64E-01,,,0
1545,2.78E-01,2.77E-01,2.69E-01,,,0
1546,2.77E-01,2.75E-01,2.67E-01,,,0
1547,2.74E-01,2.73E-01,2.65E-01,,,0
1548,2.67E-01,2.67E-01,2.59E-01,,,0
1549,2.73E-01,2.73E-01,2.66E-01,,,0
1550,2.70E-01,2.70E-01,2.62E-01,,,0
1551,2.71E-01,2.71E-01,2.63E-01,,,0
1552,2.74E-01,2.72E-01,2.64E-01,,,0
1553,2.71E-01,2.71E-01,2.64E-01,,,0
1554,2.65E-01,2.65E-01,2.57E-01,,,0
1555,2.67E-01,2.68E-01,2.60E-01,,,0
1556,2.63E-01,2.63E-01,2.56E-01,,,0
1557,2.70E-01,2.71E-01,2.63E-01,,,0
1558,2.68E-01,2.68E-01,2.61E-01,,,0
1559,2.68E-01,2.68E-01,2.61E-01,,,0
1560,2.65E-01,2.66E-01,2.58E-01,,,0
1561,2.70E-01,2.70E-01,2.62E-01,,,0
1562,2.68E-01,2.68E-01,2.60E-01,,,0
1563,2.67E-01,2.67E-01,2.59E-01,,,0
1564,2.63E-01,2.63E-01,2.55E-01,,,0
1565,2.67E-01,2.67E-01,2.60E-01,,,0
1566,2.63E-01,2.62E-01,2.55E-01,,,0
1567,2.64E-01,2.63E-01,2.56E-01,,,0
1568,2.60E-01,2.57E-01,2.50E-01,,,0
1569,2.63E-01,2.55E-01,2.47E-01,,,0
1570,2.61E-01,2.42E-01,2.35E-01,,,0
1571,2.67E-01,2.35E-01,2.29E-01,,,0
1572,2.67E-01,2.38E-01,2.31E-01,,,0
1573,2.63E-01,2.34E-01,2.28E-01,,,0
1574,2.62E-01,2.41E-01,2.35E-01,,,0
1575,2.47E-01,2.40E-01,2.33E-01,,,0
1576,2.60E-01,2.47E-01,2.40E-01,,,0
1577,2.37E-01,2.16E-01,2.10E-01,,,0
1578,2.57E-01,2.35E-01,2.29E-01,,,0
1579,2.62E-01,2.37E-01,2.30E-01,,,0
1580,2.64E-01,2.45E-01,2.38E-01,,,0
1581,2.65E-01,2.49E-01,2.42E-01,,,0
1582,2.54E-01,2.42E-01,2.35E-01,,,0
1583,2.58E-01,2.48E-01,2.41E-01,,,0
1584,2.54E-01,2.49E-01,2.42E-01,,,0
1585,2.62E-01,2.59E-01,2.51E-01,,,0
1586,2.58E-01,2.56E-01,2.48E-01,,,0
1587,2.55E-01,2.53E-01,2.46E-01,,,0
1588,2.50E-01,2.51E-01,2.44E-01,,,0
1589,2.32E-01,2.32E-01,2.26E-01,,,0
1590,2.42E-01,2.42E-01,2.35E-01,,,0
1591,2.41E-01,2.42E-01,2.35E-01,,,0
1592,2.53E-01,2.52E-01,2.45E-01,,,0
1593,2.58E-01,2.58E-01,2.51E-01,,,0
1594,2.56E-01,2.56E-01,2.49E-01,,,0
1595,2.58E-01,2.58E-01,2.51E-01,,,0
1596,2.45E-01,2.45E-01,2.38E-01,,,0
1597,2.49E-01,2.47E-01,2.40E-01,,,0
1598,2.56E-01,2.54E-01,2.47E-01,,,0
1599,2.50E-01,2.42E-01,2.35E-01,,,0
1600,2.53E-01,2.38E-01,2.31E-01,,,0
1601,2.45E-01,2.23E-01,2.17E-01,,,0
1602,2.49E-01,2.24E-01,2.18E-01,,,0
1603,2.49E-01,2.24E-01,2.18E-01,,,0
1604,2.50E-01,2.28E-01,2.22E-01,,,0
1605,2.47E-01,2.37E-01,2.30E-01,,,0
1606,2.47E-01,2.41E-01,2.35E-01,,,0
1607,2.45E-01,2.33E-01,2.26E-01,,,0
1608,2.50E-01,2.30E-01,2.23E-01,,,0
1609,2.49E-01,2.27E-01,2.21E-01,,,0
1610,2.33E-01,2.18E-01,2.11E-01,,,0
1611,2.41E-01,2.27E-01,2.20E-01,,,0
1612,2.41E-01,2.31E-01,2.24E-01,,,0
1613,2.46E-01,2.37E-01,2.30E-01,,,0
1614,2.44E-01,2.38E-01,2.32E-01,,,0
1615,2.44E-01,2.41E-01,2.34E-01,,,0
1616,2.32E-01,2.31E-01,2.24E-01,,,0
1617,2.36E-01,2.35E-01,2.28E-01,,,0
1618,2.44E-01,2.44E-01,2.37E-01,,,0
1619,2.42E-01,2.41E-01,2.34E-01,,,0
1620,2.34E-01,2.34E-01,2.28E-01,,,0
1621,2.34E-01,2.34E-01,2.28E-01,,,0
1622,2.37E-01,2.38E-01,2.31E-01,,,0
1623,2.42E-01,2.42E-01,2.36E-01,,,0
1624,2.42E-01,2.43E-01,2.36E-01,,,0
1625,2.37E-01,2.38E-01,2.31E-01,,,0
1626,2.40E-01,2.40E-01,2.33E-01,,,0
1627,2.40E-01,2.41E-01,2.34E-01,,,0
1628,2.41E-01,2.41E-01,2.34E-01,,,0
1629,2.41E-01,2.41E-01,2.35E-01,,,0
1630,2.37E-01,2.37E-01,2.30E-01,,,0
1631,2.39E-01,2.38E-01,2.31E-01,,,0
1632,2.39E-01,2.38E-01,2.32E-01,,,0
1633,2.36E-01,2.33E-01,2.26E-01,,,0
1634,2.33E-01,2.33E-01,2.26E-01,,,0
1635,2.37E-01,2.34E-01,2.27E-01,,,0
1636,2.37E-01,2.35E-01,2.29E-01,,,0
1637,2.27E-01,2.27E-01,2.21E-01,,,0
1638,2.27E-01,2.20E-01,2.14E-01,,,0
1639,2.22E-01,2.20E-01,2.14E-01,,,0
1640,2.26E-01,2.15E-01,2.09E-01,,,0
1641,2.24E-01,2.20E-01,2.13E-01,,,0
1642,2.24E-01,2.21E-01,2.15E-01,,,0
1643,2.29E-01,2.15E-01,2.09E-01,,,0
1644,2.26E-01,2.24E-01,2.17E-01,,,0
1645,2.25E-01,2.18E-01,2.12E-01,,,0
1646,2.29E-01,2.17E-01,2.11E-01,,,0
1647,2.29E-01,2.28E-01,2.21E-01,,,0
1648,2.29E-01,2.17E-01,2.11E-01,,,0
1649,2.24E-01,2.19E-01,2.13E-01,,,0
1650,2.28E-01,2.25E-01,2.19E-01,,,0
1651,2.24E-01,2.09E-01,2.03E-01,,,0
1652,2.28E-01,2.24E-01,2.18E-01,,,0
1653,2.25E-01,2.23E-01,2.17E-01,,,0
1654,2.27E-01,2.16E-01,2.10E-01,,,0
1655,2.24E-01,2.22E-01,2.16E-01,,,0
1656,2.26E-01,2.21E-01,2.15E-01,,,0
1657,2.26E-01,2.22E-01,2.16E-01,,,0
1658,2.25E-01,2.25E-01,2.19E-01,,,0
1659,2.22E-01,2.21E-01,2.15E-01,,,0
1660,2.24E-01,2.23E-01,2.17E-01,,,0
1661,2.25E-01,2.24E-01,2.18E-01,,,0
1662,2.24E-01,2.19E-01,2.13E-01,,,0
1663,2.23E-01,2.22E-01,2.16E-01,,,0
1664,2.23E-01,2.21E-01,2.15E-01,,,0
1665,2.21E-01,2.12E-01,2.06E-01,,,0
1666,2.19E-01,1.79E-01,1.74E-01,,,0
1667,2.20E-01,2.11E-01,2.05E-01,,,0
1668,2.16E-01,2.15E-01,2.09E-01,,,0
1669,2.18E-01,2.15E-01,2.09E-01,,,0
1670,2.22E-01,2.22E-01,2.16E-01,,,0
1671,2.21E-01,2.19E-01,2.13E-01,,,0
1672,2.12E-01,2.11E-01,2.06E-01,,,0
1673,2.16E-01,2.16E-01,2.11E-01,,,0
1674,2.19E-01,2.16E-01,2.10E-01,,,0
1675,2.16E-01,2.14E-01,2.08E-01,,,0
1676,2.13E-01,2.11E-01,2.06E-01,,,0
1677,2.15E-01,2.12E-01,2.07E-01,,,0
1678,2.16E-01,2.09E-01,2.04E-01,,,0
1679,2.13E-01,2.13E-01,2.07E-01,,,0
1680,2.06E-01,2.06E-01,2.00E-01,,,0
1681,1.98E-01,1.94E-01,1.89E-01,,,0
1682,2.03E-01,2.04E-01,1.98E-01,,,0
1683,2.09E-01,2.09E-01,2.04E-01,,,0
1684,2.12E-01,1.98E-01,1.93E-01,,,0
1685,2.13E-01,2.13E-01,2.08E-01,,,0
1686,2.10E-01,2.10E-01,2.05E-01,,,0
1687,2.11E-01,2.05E-01,2.00E-01,,,0
1688,2.11E-01,2.10E-01,2.05E-01,,,0
1689,2.08E-01,2.07E-01,2.02E-01,,,0
1690,2.08E-01,2.05E-01,2.00E-01,,,0
1691,2.12E-01,1.93E-01,1.88E-01,,,0
1692,2.12E-01,2.07E-01,2.02E-01,,,0
1693,2.11E-01,2.11E-01,2.06E-01,,,0
1694,2.11E-01,2.05E-01,2.00E-01,,,0
1695,2.11E-01,2.10E-01,2.04E-01,,,0
1696,2.10E-01,2.09E-01,2.04E-01,,,0
1697,2.09E-01,1.81E-01,1.76E-01,,,0
1698,2.09E-01,2.07E-01,2.02E-01,,,0
1699,2.08E-01,2.06E-01,2.00E-01,,,0
1700,2.05E-01,2.00E-01,1.95E-01,,,0
1702,2.05E-01,2.04E-01,1.99E-01,,,0
1705,2.04E-01,1.98E-01,1.93E-01,,,0
1710,1.99E-01,1.88E-01,1.83E-01,,,0
1715,2.02E-01,1.90E-01,1.85E-01,,,0
1720,1.98E-01,1.87E-01,1.82E-01,,,0
1725,1.97E-01,1.78E-01,1.74E-01,,,0
1730,1.93E-01,1.74E-01,1.70E-01,,,0
1735,1.82E-01,1.62E-01,1.58E-01,,,0
1740,1.90E-01,1.68E-01,1.64E-01,,,0
1745,1.86E-01,1.55E-01,1.51E-01,,,0
1750,1.85E-01,1.66E-01,1.62E-01,,,0
1755,1.85E-01,1.53E-01,1.49E-01,,,0
1760,1.82E-01,1.60E-01,1.56E-01,,,0
1765,1.81E-01,1.33E-01,1.30E-01,,,0
1770,1.80E-01,1.42E-01,1.38E-01,,,0
1775,1.76E-01,1.15E-01,1.12E-01,,,0
1780,1.76E-01,1.01E-01,9.81E-02,,,0
1785,1.74E-01,7.70E-02,7.52E-02,,,0
1790,1.74E-01,8.89E-02,8.68E-02,,,0
1795,1.71E-01,4.69E-02,4.59E-02,,,0
1800,1.68E-01,3.18E-02,3.11E-02,,,0
1805,1.69E-01,1.48E-02,1.45E-02,,,0
1810,1.69E-01,9.69E-03,9.48E-03,,,0
1815,1.55E-01,3.28E-03,3.21E-03,,,0
1820,1.60E-01,9.88E-04,9.66E-04,,,0
1825,1.63E-01,1.27E-03,1.25E-03,,,0
1830,1.59E-01,5.20E-06,5.09E-06,,,0
1835,1.58E-01,6.42E-06,6.28E-06,,,0
1840,1.56E-01,6.27E-08,6.13E-08,,,0
1845,1.53E-01,6.27E-06,6.13E-06,,,0
1850,1.53E-01,3.00E-06,2.93E-06,,,0
1855,1.51E-01,2.84E-07,2.78E-07,,,0
1860,1.49E-01,1.12E-05,1.09E-05,,,0
1865,1.47E-01,1.70E-05,1.66E-05,,,0
1870,1.46E-01,2.67E-10,2.61E-10,,,0
1875,1.32E-01,4.51E-10,4.43E-10,,,0
1880,1.47E-01,7.75E-05,7.61E-05,,,0
1885,1.46E-01,4.39E-05,4.31E-05,,,0
1890,1.40E-01,2.23E-04,2.20E-04,,,0
1895,1.38E-01,1.29E-04,1.27E-04,,,0
1900,1.40E-01,8.62E-07,8.49E-07,,,0
1905,1.39E-01,5.67E-07,5.58E-07,,,0
1910,1.37E-01,2.30E-05,2.27E-05,,,0
1915,1.36E-01,1.99E-05,1.97E-05,,,0
1920,1.35E-01,4.51E-04,4.45E-04,,,0
1925,1.34E-01,9.36E-04,9.23E-04,,,0
1930,1.31E-01,5.52E-04,5.45E-04,,,0
1935,1.32E-01,3.59E-03,3.54E-03,,,0
1940,1.30E-01,3.28E-03,3.24E-03,,,0
1945,1.20E-01,1.09E-02,1.07E-02,,,0
1950,1.26E-01,1.67E-02,1.65E-02,,,0
1955,1.28E-01,1.00E-02,9.89E-03,,,0
1960,1.26E-01,2.19E-02,2.16E-02,,,0
1965,1.23E-01,2.86E-02,2.81E-02,,,0
1970,1.24E-01,4.88E-02,4.81E-02,,,0
1975,1.22E-01,6.79E-02,6.67E-02,,,0
1980,1.20E-01,7.55E-02,7.42E-02,,,0
1985,1.19E-01,8.31E-02,8.16E-02,,,0
1990,1.20E-01,8.56E-02,8.41E-02,,,0
1995,1.17E-01,8.12E-02,7.98E-02,,,0
2000,1.17E-01,3.82E-02,3.75E-02,,,0
2005,1.15E-01,1.50E-02,1.47E-02,,,0
2010,1.15E-01,3.97E-02,3.91E-02,,,0
2015,1.14E-01,2.66E-02,2.62E-02,,,0
2020,1.12E-01,4.50E-02,4.42E-02,,,0
2025,1.12E-01,7.40E-02,7.28E-02,,,0
2030,1.10E-01,8.49E-02,8.35E-02,,,0
2035,1.09E-01,9.64E-02,9.48E-02,,,0
2040,1.07E-01,8.98E-02,8.83E-02,,,0
2045,1.08E-01,9.11E-02,8.96E-02,,,0
2050,1.06E-01,6.79E-02,6.69E-02,,,0
2055,1.05E-01,5.49E-02,5.41E-02,,,0
2060,1.03E-01,6.92E-02,6.82E-02,,,0
2065,1.02E-01,6.19E-02,6.10E-02,,,0
2070,1.01E-01,6.57E-02,6.47E-02,,,0
2075,1.01E-01,7.74E-02,7.63E-02,,,0
2080,9.93E-02,8.68E-02,8.55E-02,,,0
2085,9.83E-02,8.51E-02,8.38E-02,,,0
2090,9.75E-02,8.91E-02,8.78E-02,,,0
2095,9.60E-02,8.97E-02,8.84E-02,,,0
2100,9.62E-02,8.61E-02,8.49E-02,,,0
2105,9.58E-02,9.32E-02,9.18E-02,,,0
2110,9.46E-02,8.97E-02,8.83E-02,,,0
2115,9.39E-02,9.17E-02,9.03E-02,,,0
2120,9.31E-02,8.76E-02,8.63E-02,,,0
2125,9.22E-02,8.86E-02,8.73E-02,,,0
2130,9.24E-02,8.98E-02,8.84E-02,,,0
2135,9.11E-02,9.00E-02,8.87E-02,,,0
2140,9.11E-02,9.08E-02,8.94E-02,,,0
2145,8.99E-02,8.95E-02,8.81E-02,,,0
2150,8.97E-02,8.46E-02,8.34E-02,,,0
2155,8.89E-02,8.48E-02,8.36E-02,,,0
2160,8.79E-02,8.42E-02,8.29E-02,,,0
2165,8.20E-02,7.63E-02,7.52E-02,,,0
2170,8.54E-02,8.20E-02,8.08E-02,,,0
2175,8.58E-02,8.04E-02,7.93E-02,,,0
2180,8.46E-02,8.18E-02,8.06E-02,,,0
2185,8.47E-02,7.46E-02,7.35E-02,,,0
2190,8.31E-02,7.91E-02,7.79E-02,,,0
2195,8.35E-02,7.90E-02,7.78E-02,,,0
2200,8.28E-02,7.12E-02,7.02E-02,,,0
2205,8.09E-02,7.40E-02,7.29E-02,,,0
2210,8.08E-02,7.93E-02,7.82E-02,,,0
2215,8.04E-02,7.63E-02,7.52E-02,,,0
2220,8.00E-02,7.77E-02,7.66E-02,,,0
2225,7.88E-02,7.55E-02,7.44E-02,,,0
2230,7.84E-02,7.58E-02,7.47E-02,,,0
2235,7.79E-02,7.43E-02,7.33E-02,,,0
2240,7.65E-02,7.31E-02,7.21E-02,,,0
2245,7.63E-02,7.08E-02,6.99E-02,,,0
2250,7.54E-02,7.19E-02,7.10E-02,,,0
2255,7.43E-02,6.77E-02,6.69E-02,,,0
2260,7.41E-02,6.69E-02,6.61E-02,,,0
2265,7.33E-02,6.81E-02,6.74E-02,,,0
2270,7.31E-02,6.49E-02,6.41E-02,,,0
2275,7.26E-02,6.40E-02,6.33E-02,,,0
2280,7.14E-02,6.63E-02,6.56E-02,,,0
2285,7.14E-02,6.31E-02,6.24E-02,,,0
2290,7.12E-02,6.32E-02,6.25E-02,,,0
2295,6.93E-02,6.13E-02,6.06E-02,,,0
2300,6.96E-02,5.88E-02,5.82E-02,,,0
2305,6.94E-02,5.92E-02,5.85E-02,,,0
2310,6.89E-02,6.39E-02,6.32E-02,,,0
2315,6.82E-02,5.81E-02,5.75E-02,,,0
2320,6.76E-02,5.20E-02,5.15E-02,,,0
2325,6.56E-02,5.62E-02,5.56E-02,,,0
2330,6.62E-02,5.68E-02,5.62E-02,,,0
2335,6.57E-02,5.80E-02,5.74E-02,,,0
2340,6.52E-02,4.58E-02,4.54E-02,,,0
2345,6.51E-02,5.14E-02,5.09E-02,,,0
2350,6.43E-02,4.15E-02,4.11E-02,,,0
2355,6.26E-02,4.75E-02,4.70E-02,,,0
2360,6.31E-02,5.02E-02,4.97E-02,,,0
2365,6.30E-02,4.94E-02,4.89E-02,,,0
2370,6.24E-02,3.08E-02,3.05E-02,,,0
2375,6.14E-02,4.41E-02,4.37E-02,,,0
2380,6.18E-02,4.26E-02,4.21E-02,,,0
2385,5.91E-02,3.08E-02,3.05E-02,,,0
2390,6.04E-02,3.71E-02,3.67E-02,,,0
2395,6.01E-02,4.06E-02,4.02E-02,,,0
2400,5.97E-02,4.42E-02,4.37E-02,,,0
2405,5.94E-02,3.36E-02,3.33E-02,,,0
2410,5.92E-02,3.38E-02,3.35E-02,,,0
2415,5.70E-02,2.73E-02,2.71E-02,,,0
2420,5.78E-02,2.66E-02,2.64E-02,,,0
2425,5.73E-02,3.31E-02,3.28E-02,,,0
2430,5.72E-02,4.51E-02,4.47E-02,,,0
2435,5.65E-02,1.49E-02,1.48E-02,,,0
2440,5.63E-02,4.32E-02,4.29E-02,,,0
2445,5.56E-02,2.08E-02,2.07E-02,,,0
2450,5.46E-02,1.36E-02,1.35E-02,,,0
2455,5.42E-02,2.49E-02,2.47E-02,,,0
2460,5.45E-02,3.34E-02,3.32E-02,,,0
2465,5.43E-02,2.41E-02,2.40E-02,,,0
2470,5.34E-02,1.67E-02,1.66E-02,,,0
2475,5.34E-02,1.65E-02,1.64E-02,,,0
2480,5.21E-02,8.04E-03,8.00E-03,,,0
2485,5.18E-02,5.61E-03,5.58E-03,,,0
2490,5.22E-02,3.51E-03,3.50E-03,,,0
2495,4.89E-02,2.88E-03,2.86E-03,,,0
2500,5.14E-02,7.06E-03,7.03E-03,,,0
2505,5.08E-02,1.52E-03,1.51E-03,,,0
2510,4.96E-02,2.22E-03,2.21E-03,,,0
2515,4.88E-02,5.19E-04,5.16E-04,,,0
2520,4.81E-02,3.71E-04,3.69E-04,,,0
2525,4.77E-02,4.14E-05,4.12E-05,,,0
2530,4.77E-02,6.36E-07,6.33E-07,,,0
2535,4.71E-02,1.75E-07,1.74E-07,,,0
2540,4.68E-02,3.77E-07,3.75E-07,,,0
2545,4.66E-02,5.38E-11,5.35E-11,,,0
2550,4.63E-02,2.82E-13,2.81E-13,,,0
2555,4.59E-02,1.04E-09,1.04E-09,,,0
2560,4.54E-02,3.10E-11,3.08E-11,,,0
2565,4.52E-02,1.60E-14,1.58E-14,,,0
2570,4.49E-02,1.53E-18,1.52E-18,,,0
2575,4.45E-02,1.08E-27,1.07E-27,,,0
2580,4.41E-02,3.82E-22,3.79E-22,,,0
2585,4.33E-02,1.72E-34,1.71E-34,,,0
2590,4.34E-02,5.48E-31,5.44E-31,,,0
2595,4.30E-02,2.28E-33,2.27E-33,,,0
2600,4.29E-02,4.49E-28,4.46E-28,,,0
2605,4.28E-02,5.81E-35,5.76E-35,,,0
2610,4.25E-02,5.94E-34,5.90E-34,,,0
2615,4.23E-02,1.12E-37,1.11E-37,,,0
2620,4.19E-02,5.65E-29,5.61E-29,,,0
2625,4.06E-02,3.87E-28,3.84E-28,,,0
2630,4.12E-02,2.80E-45,2.80E-45,,,0
2635,4.10E-02,3.90E-16,3.87E-16,,,0
2640,4.02E-02,1.18E-16,1.17E-16,,,0
2645,4.02E-02,9.00E-19,8.93E-19,,,0
2650,4.00E-02,1.43E-19,1.42E-19,,,0
2655,3.96E-02,1.31E-27,1.30E-27,,,0
2660,3.95E-02,2.61E-25,2.59E-25,,,0
2665,3.90E-02,1.11E-37,1.10E-37,,,0
2670,3.91E-02,0.00E+00,0.00E+00,,,0
2675,3.86E-02,0.00E+00,0.00E+00,,,0
2680,3.84E-02,0.00E+00,0.00E+00,,,0
2685,3.82E-02,0.00E+00,0.00E+00,,,0
2690,3.78E-02,1.02E-29,1.02E-29,,,0
2695,3.75E-02,7.13E-33,7.10E-33,,,0
2700,3.71E-02,0.00E+00,0.00E+00,,,0
2705,3.69E-02,2.93E-42,2.93E-42,,,0
2710,3.67E-02,1.13E-35,1.12E-35,,,0
2715,3.66E-02,3.86E-26,3.85E-26,,,0
2720,3.64E-02,5.61E-45,5.61E-45,,,0
2725,3.61E-02,7.29E-22,7.31E-22,,,0
2730,3.60E-02,6.07E-19,6.09E-19,,,0
2735,3.57E-02,5.49E-21,5.51E-21,,,0
2740,3.55E-02,2.33E-27,2.34E-27,,,0
2745,3.54E-02,1.31E-23,1.32E-23,,,0
2750,3.52E-02,1.66E-28,1.68E-28,,,0
2755,3.49E-02,6.73E-44,6.73E-44,,,0
2760,3.46E-02,0.00E+00,0.00E+00,,,0
2765,3.44E-02,2.68E-27,2.70E-27,,,0
2770,3.43E-02,8.38E-24,8.45E-24,,,0
2775,3.39E-02,4.00E-38,4.04E-38,,,0
2780,3.36E-02,4.81E-34,4.85E-34,,,0
2785,3.34E-02,3.89E-27,3.93E-27,,,0
2790,3.32E-02,1.22E-16,1.23E-16,,,0
2795,3.29E-02,3.62E-16,3.66E-16,,,0
2800,3.28E-02,1.65E-12,1.67E-12,,,0
2805,3.25E-02,6.75E-14,6.82E-14,,,0
2810,3.24E-02,4.02E-10,4.07E-10,,,0
2815,3.23E-02,2.87E-10,2.90E-10,,,0
2820,3.21E-02,2.05E-11,2.08E-11,,,0
2825,3.18E-02,1.76E-07,1.78E-07,,,0
2830,3.17E-02,3.90E-06,3.95E-06,,,0
2835,3.15E-02,2.13E-10,2.15E-10,,,0
2840,3.12E-02,1.96E-07,1.98E-07,,,0
2845,3.10E-02,4.06E-05,4.11E-05,,,0
2850,3.07E-02,1.16E-06,1.17E-06,,,0
2855,3.04E-02,4.49E-07,4.54E-07,,,0
2860,3.02E-02,2.54E-05,2.57E-05,,,0
2865,3.00E-02,1.68E-04,1.70E-04,,,0
2870,2.96E-02,6.31E-06,6.39E-06,,,0
2875,2.94E-02,3.92E-04,3.97E-04,,,0
2880,2.94E-02,2.47E-04,2.50E-04,,,0
2885,2.92E-02,4.53E-04,4.59E-04,,,0
2890,2.91E-02,1.86E-04,1.89E-04,,,0
2895,2.90E-02,2.66E-03,2.70E-03,,,0
2900,2.88E-02,8.12E-04,8.22E-04,,,0
2905,2.87E-02,1.11E-04,1.12E-04,,,0
2910,2.85E-02,2.72E-03,2.76E-03,,,0
2915,2.82E-02,1.26E-03,1.27E-03,,,0
2920,2.80E-02,2.89E-03,2.93E-03,,,0
2925,2.78E-02,1.08E-03,1.10E-03,,,0
2930,2.76E-02,5.89E-03,5.96E-03,,,0
2935,2.73E-02,6.49E-03,6.57E-03,,,0
2940,2.71E-02,1.63E-03,1.65E-03,,,0
2945,2.68E-02,1.45E-03,1.47E-03,,,0
2950,2.67E-02,5.23E-03,5.29E-03,,,0
2955,2.66E-02,2.34E-03,2.37E-03,,,0
2960,2.64E-02,4.60E-03,4.65E-03,,,0
2965,2.63E-02,7.44E-03,7.53E-03,,,0
2970,2.61E-02,3.52E-04,3.57E-04,,,0
2975,2.60E-02,8.54E-04,8.65E-04,,,0
2980,2.58E-02,1.34E-03,1.35E-03,,,0
2985,2.57E-02,6.96E-03,7.05E-03,,,0
2990,2.55E-02,1.03E-02,1.04E-02,,,0
2995,2.54E-02,4.28E-03,4.33E-03,,,0
3000,2.53E-02,7.85E-03,7.94E-03,,,0
3005,2.51E-02,2.89E-03,2.93E-03,,,0
3010,2.50E-02,6.85E-03,6.93E-03,,,0
3015,2.49E-02,5.56E-03,5.62E-03,,,0
3020,2.47E-02,6.34E-04,6.41E-04,,,0
3025,2.45E-02,7.50E-03,7.59E-03,,,0
3030,2.44E-02,6.08E-03,6.15E-03,,,0
3035,2.42E-02,2.50E-03,2.53E-03,,,0
3040,2.39E-02,2.02E-03,2.05E-03,,,0
3045,2.40E-02,4.21E-03,4.26E-03,,,0
3050,2.40E-02,1.03E-03,1.04E-03,,,0
3055,2.39E-02,2.89E-04,2.93E-04,,,0
3060,2.38E-02,6.30E-03,6.38E-03,,,0
3065,2.35E-02,2.91E-03,2.95E-03,,,0
3070,2.34E-02,1.75E-03,1.77E-03,,,0
3075,2.34E-02,6.02E-03,6.09E-03,,,0
3080,2.32E-02,3.62E-03,3.66E-03,,,0
3085,2.30E-02,1.77E-03,1.79E-03,,,0
3090,2.28E-02,2.38E-03,2.41E-03,,,0
3095,2.26E-02,6.55E-04,6.63E-04,,,0
3100,2.24E-02,4.40E-03,4.45E-03,,,0
3105,2.23E-02,9.22E-04,9.32E-04,,,0
3110,2.21E-02,8.46E-04,8.55E-04,,,0
3115,2.18E-02,2.27E-03,2.29E-03,,,0
3120,2.17E-02,9.82E-03,9.93E-03,,,0
3125,2.16E-02,3.03E-03,3.06E-03,,,0
3130,2.15E-02,5.76E-03,5.82E-03,,,0
3135,2.14E-02,1.14E-02,1.16E-02,,,0
3140,2.12E-02,3.32E-03,3.36E-03,,,0
3145,2.11E-02,3.25E-03,3.29E-03,,,0
3150,2.09E-02,6.67E-03,6.75E-03,,,0
3155,2.08E-02,5.64E-03,5.70E-03,,,0
3160,2.07E-02,9.23E-03,9.33E-03,,,0
3165,2.07E-02,1.40E-02,1.42E-02,,,0
3170,2.05E-02,1.25E-02,1.26E-02,,,0
3175,2.05E-02,9.23E-03,9.33E-03,,,0
3180,2.03E-02,1.06E-02,1.07E-02,,,0
3185,2.02E-02,8.08E-03,8.16E-03,,,0
3190,2.02E-02,4.24E-03,4.28E-03,,,0
3195,2.01E-02,2.69E-03,2.72E-03,,,0
3200,1.99E-02,4.38E-04,4.43E-04,,,0
3205,1.99E-02,3.10E-04,3.13E-04,,,0
3210,1.98E-02,1.36E-04,1.38E-04,,,0
3215,1.96E-02,4.98E-04,5.02E-04,,,0
3220,1.95E-02,1.61E-03,1.62E-03,,,0
3225,1.94E-02,1.99E-04,2.01E-04,,,0
3230,1.94E-02,3.41E-04,3.44E-04,,,0
3235,1.93E-02,7.29E-03,7.36E-03,,,0
3240,1.92E-02,3.75E-03,3.78E-03,,,0
3245,1.91E-02,7.34E-04,7.41E-04,,,0
3250,1.91E-02,2.61E-03,2.63E-03,,,0
3255,1.89E-02,9.94E-03,1.00E-02,,,0
3260,1.88E-02,1.22E-03,1.24E-03,,,0
3265,1.87E-02,2.45E-03,2.47E-03,,,0
3270,1.86E-02,1.22E-03,1.23E-03,,,0
3275,1.85E-02,5.93E-03,5.98E-03,,,0
3280,1.84E-02,2.86E-03,2.89E-03,,,0
3285,1.83E-02,1.11E-02,1.12E-02,,,0
3290,1.83E-02,8.76E-03,8.83E-03,,,0
3295,1.80E-02,1.22E-03,1.23E-03,,,0
3300,1.79E-02,1.78E-03,1.79E-03,,,0
3305,1.79E-02,3.94E-03,3.97E-03,,,0
3310,1.77E-02,3.92E-03,3.96E-03,,,0
3315,1.76E-02,1.61E-05,1.63E-05,,,0
3320,1.73E-02,6.00E-05,6.05E-05,,,0
3325,1.73E-02,3.52E-03,3.55E-03,,,0
3330,1.71E-02,4.66E-03,4.70E-03,,,0
3335,1.70E-02,9.07E-03,9.15E-03,,,0
3340,1.69E-02,3.46E-03,3.49E-03,,,0
3345,1.68E-02,3.54E-03,3.57E-03,,,0
3350,1.66E-02,8.03E-03,8.10E-03,,,0
3355,1.65E-02,3.63E-03,3.66E-03,,,0
3360,1.64E-02,5.24E-03,5.29E-03,,,0
3365,1.63E-02,7.19E-03,7.26E-03,,,0
3370,1.62E-02,3.94E-03,3.98E-03,,,0
3375,1.61E-02,8.46E-03,8.54E-03,,,0
3380,1.60E-02,5.11E-03,5.16E-03,,,0
3385,1.60E-02,7.49E-03,7.57E-03,,,0
3390,1.59E-02,9.86E-03,9.96E-03,,,0
3395,1.58E-02,9.55E-03,9.64E-03,,,0
3400,1.56E-02,1.25E-02,1.26E-02,,,0
3405,1.57E-02,4.46E-03,4.51E-03,,,0
3410,1.55E-02,7.08E-03,7.15E-03,,,0
3415,1.55E-02,7.28E-03,7.35E-03,,,0
3420,1.54E-02,1.32E-02,1.33E-02,,,0
3425,1.53E-02,1.00E-02,1.01E-02,,,0
3430,1.52E-02,8.69E-03,8.78E-03,,,0
3435,1.52E-02,1.16E-02,1.17E-02,,,0
3440,1.51E-02,8.03E-03,8.12E-03,,,0
3445,1.50E-02,1.13E-02,1.14E-02,,,0
3450,1.49E-02,1.12E-02,1.13E-02,,,0
3455,1.49E-02,8.31E-03,8.39E-03,,,0
3460,1.48E-02,1.25E-02,1.27E-02,,,0
3465,1.48E-02,9.82E-03,9.92E-03,,,0
3470,1.47E-02,1.23E-02,1.24E-02,,,0
3475,1.46E-02,1.09E-02,1.11E-02,,,0
3480,1.45E-02,1.12E-02,1.13E-02,,,0
3485,1.45E-02,1.21E-02,1.22E-02,,,0
3490,1.44E-02,1.04E-02,1.05E-02,,,0
3495,1.43E-02,1.23E-02,1.24E-02,,,0
3500,1.42E-02,1.19E-02,1.20E-02,,,0
3505,1.42E-02,1.18E-02,1.19E-02,,,0
3510,1.41E-02,1.20E-02,1.21E-02,,,0
3515,1.40E-02,1.15E-02,1.16E-02,,,0
3520,1.39E-02,1.21E-02,1.22E-02,,,0
3525,1.39E-02,1.14E-02,1.15E-02,,,0
3530,1.38E-02,1.11E-02,1.12E-02,,,0
3535,1.38E-02,9.46E-03,9.53E-03,,,0
3540,1.37E-02,9.03E-03,9.10E-03,,,0
3545,1.37E-02,9.54E-03,9.62E-03,,,0
3550,1.36E-02,1.05E-02,1.06E-02,,,0
3555,1.35E-02,9.06E-03,9.12E-03,,,0
3560,1.34E-02,1.08E-02,1.09E-02,,,0
3565,1.34E-02,1.09E-02,1.09E-02,,,0
3570,1.33E-02,8.34E-03,8.40E-03,,,0
3575,1.32E-02,8.64E-03,8.70E-03,,,0
3580,1.31E-02,1.02E-02,1.03E-02,,,0
3585,1.31E-02,9.17E-03,9.23E-03,,,0
3590,1.30E-02,9.45E-03,9.51E-03,,,0
3595,1.29E-02,9.67E-03,9.73E-03,,,0
3600,1.29E-02,1.03E-02,1.03E-02,,,0
3605,1.28E-02,1.04E-02,1.04E-02,,,0
3610,1.27E-02,9.48E-03,9.54E-03,,,0
3615,1.27E-02,9.47E-03,9.53E-03,,,0
3620,1.26E-02,1.16E-02,1.17E-02,,,0
3625,1.26E-02,1.02E-02,1.03E-02,,,0
3630,1.25E-02,9.96E-03,1.00E-02,,,0
3635,1.25E-02,1.03E-02,1.04E-02,,,0
3640,1.24E-02,1.15E-02,1.15E-02,,,0
3645,1.24E-02,1.06E-02,1.07E-02,,,0
3650,1.23E-02,1.01E-02,1.02E-02,,,0
3655,1.22E-02,1.10E-02,1.10E-02,,,0
3660,1.22E-02,1.09E-02,1.10E-02,,,0
3665,1.22E-02,1.03E-02,1.03E-02,,,0
3670,1.20E-02,7.90E-03,7.95E-03,,,0
3675,1.20E-02,4.83E-03,4.86E-03,,,0
3680,1.19E-02,8.33E-03,8.38E-03,,,0
3685,1.18E-02,9.44E-03,9.49E-03,,,0
3690,1.18E-02,9.69E-03,9.75E-03,,,0
3695,1.17E-02,1.01E-02,1.02E-02,,,0
3700,1.16E-02,1.09E-02,1.09E-02,,,0
3705,1.16E-02,1.08E-02,1.08E-02,,,0
3710,1.15E-02,9.36E-03,9.41E-03,,,0
3715,1.15E-02,9.23E-03,9.27E-03,,,0
3720,1.14E-02,1.04E-02,1.04E-02,,,0
3725,1.14E-02,1.07E-02,1.08E-02,,,0
3730,1.13E-02,9.27E-03,9.32E-03,,,0
3735,1.13E-02,8.58E-03,8.63E-03,,,0
3740,1.11E-02,8.85E-03,8.89E-03,,,0
3745,1.11E-02,1.03E-02,1.04E-02,,,0
3750,1.10E-02,9.29E-03,9.33E-03,,,0
3755,1.10E-02,8.99E-03,9.03E-03,,,0
3760,1.09E-02,8.86E-03,8.90E-03,,,0
3765,1.09E-02,8.55E-03,8.59E-03,,,0
3770,1.09E-02,9.12E-03,9.16E-03,,,0
3775,1.08E-02,9.05E-03,9.09E-03,,,0
3780,1.07E-02,9.57E-03,9.62E-03,,,0
3785,1.07E-02,8.81E-03,8.85E-03,,,0
3790,1.06E-02,7.76E-03,7.79E-03,,,0
3795,1.06E-02,8.87E-03,8.91E-03,,,0
3800,1.05E-02,9.86E-03,9.90E-03,,,0
3805,1.05E-02,9.30E-03,9.34E-03,,,0
3810,1.04E-02,8.25E-03,8.28E-03,,,0
3815,1.04E-02,7.76E-03,7.79E-03,,,0
3820,1.03E-02,9.66E-03,9.69E-03,,,0
3825,1.03E-02,9.51E-03,9.54E-03,,,0
3830,1.03E-02,9.59E-03,9.63E-03,,,0
3835,1.02E-02,7.69E-03,7.72E-03,,,0
3840,1.02E-02,8.98E-03,9.01E-03,,,0
3845,1.01E-02,8.78E-03,8.81E-03,,,0
3850,1.01E-02,8.83E-03,8.86E-03,,,0
3855,1.00E-02,8.51E-03,8.54E-03,,,0
3860,9.94E-03,7.99E-03,8.02E-03,,,0
3865,9.91E-03,8.10E-03,8.12E-03,,,0
3870,9.83E-03,7.36E-03,7.38E-03,,,0
3875,9.83E-03,6.76E-03,6.78E-03,,,0
3880,9.75E-03,6.53E-03,6.55E-03,,,0
3885,9.70E-03,6.77E-03,6.79E-03,,,0
3890,9.71E-03,6.88E-03,6.90E-03,,,0
3895,9.62E-03,7.48E-03,7.50E-03,,,0
3900,9.60E-03,7.93E-03,7.95E-03,,,0
3905,9.59E-03,7.93E-03,7.95E-03,,,0
3910,9.52E-03,7.14E-03,7.16E-03,,,0
3915,9.50E-03,6.99E-03,7.01E-03,,,0
3920,9.41E-03,6.95E-03,6.97E-03,,,0
3925,9.40E-03,6.85E-03,6.87E-03,,,0
3930,9.32E-03,7.05E-03,7.07E-03,,,0
3935,9.30E-03,7.35E-03,7.37E-03,,,0
3940,9.23E-03,7.40E-03,7.42E-03,,,0
3945,9.20E-03,7.54E-03,7.56E-03,,,0
3950,9.11E-03,7.63E-03,7.65E-03,,,0
3955,9.08E-03,7.72E-03,7.74E-03,,,0
3960,9.02E-03,7.75E-03,7.77E-03,,,0
3965,9.01E-03,7.81E-03,7.83E-03,,,0
3970,8.93E-03,7.68E-03,7.70E-03,,,0
3975,8.91E-03,7.51E-03,7.53E-03,,,0
3980,8.84E-03,7.39E-03,7.40E-03,,,0
3985,8.80E-03,7.43E-03,7.45E-03,,,0
3990,8.78E-03,7.37E-03,7.39E-03,,,0
3995,8.70E-03,7.21E-03,7.23E-03,,,0
4000,8.68E-03,7.10E-03,7.12E-03,,,0
