,,,,,,,,,,,,ALAN,ALAN,ALAN,ALAN,ALAN,Surface Normalised,Surface Normalised,Surface Normalised,Seabed Normalised,Seabed Normalised,Seabed Normalised,Surface,Surface,Surface,Seabed,Seabed,Seabed,Residuals,Residuals,Residuals
,Location_Lat (deg),Location_Long (deg),time_increment (m),depth_to_datum(m),modelled_tidal_range (m),date,Jday (decimal),Kd Blue,Kd Green,Kd Red,Kd Bb,binary_day,sky_condition,Falchi_ALAN (mCd/m^2),ALAN_Bb (uW/m^2),ALAN_BB_Below_tide(uW/m^2),Red,Green,Blue,Red,Green,Blue,Red,Green,Blue,Red,Green,Blue,Red,Green,Blue
0,50.3819,-4.1927,0.25,0.029927950950326743,[1.58992795],2021-01-01 00:00:00+00:00,1.0,0.3375413657176974,0.21011342733542945,0.6441549355797538,0.510772050704497,0.0,clear,2.005971193313598,147.32437219334432,144.67054164361923,1.0,1.0,1.0,0.9809063995060782,0.9937314654099793,0.9899489315896383,38.98032063631038,39.67948284063091,68.664568716403,38.23604596695569,39.43075062993028,67.97441643886644,0.744274669354688,0.24873221070063067,0.690152277536555
1,50.3819,-4.1927,0.25,0.0,[1.46868045],2021-01-01 00:15:00+00:00,1.0104166666666667,0.3375413657176974,0.21011342733542945,0.6441549355797538,0.510772050704497,0.0,clear,2.005971193313598,147.32437219334432,147.32437219334432,1.0,1.0,1.0,1.0,1.0,1.0,38.98032063631038,39.67948284063091,68.664568716403,38.98032063631038,39.67948284063091,68.664568716403,0.0,0.0,0.0
2,50.3819,-4.1927,0.25,0.0,[1.38657141],2021-01-01 00:30:00+00:00,1.0208333333333333,0.3375413657176974,0.21011342733542945,0.6441549355797538,0.510772050704497,0.0,clear,2.005971193313598,147.32437219334432,147.32437219334432,1.0,1.0,1.0,1.0,1.0,1.0,38.98032063631038,39.67948284063091,68.664568716403,38.98032063631038,39.67948284063091,68.664568716403,0.0,0.0,0.0
3,50.3819,-4.1927,0.25,0.0,[1.34661104],2021-01-01 00:45:00+00:00,1.03125,0.3375413657176974,0.21011342733542945,0.6441549355797538,0.510772050704497,0.0,clear,2.005971193313598,147.32437219334432,147.32437219334432,1.0,1.0,1.0,1.0,1.0,1.0,38.98032063631038,39.67948284063091,68.664568716403,38.98032063631038,39.67948284063091,68.664568716403,0.0,0.0,0.0
4,50.3819,-4.1927,0.25,0.0,[1.35115519],2021-01-01 01:00:00+00:00,1.0416666666666667,0.3375413657176974,0.21011342733542945,0.6441549355797538,0.510772050704497,0.0,clear,2.005971193313598,147.32437219334432,147.32437219334432,1.0,1.0,1.0,1.0,1.0,1.0,38.98032063631038,39.67948284063091,68.664568716403,38.98032063631038,39.67948284063091,68.664568716403,0.0,0.0,0.0
5,50.3819,-4.1927,0.25,0.0,[1.40177893],2021-01-01 01:15:00+00:00,1.0520833333333333,0.3375413657176974,0.21011342733542945,0.6441549355797538,0.510772050704497,0.0,clear,2.005971193313598,147.32437219334432,147.32437219334432,1.0,1.0,1.0,1.0,1.0,1.0,38.98032063631038,39.67948284063091,68.664568716403,38.98032063631038,39.67948284063091,68.664568716403,0.0,0.0,0.0
6,50.3819,-4.1927,0.25,0.0,[1.499041],2021-01-01 01:30:00+00:00,1.0625,0.3375413657176974,0.21011342733542945,0.6441549355797538,0.510772050704497,0.0,clear,2.005971193313598,147.32437219334432,147.32437219334432,1.0,1.0,1.0,1.0,1.0,1.0,38.98032063631038,39.67948284063091,68.664568716403,38.98032063631038,39.67948284063091,68.664568716403,0.0,0.0,0.0
7,50.3819,-4.1927,0.25,0.08216935666796776,[1.64216936],2021-01-01 01:45:00+00:00,1.0729166666666667,0.3375413657176974,0.21011342733542945,0.6441549355797538,0.510772050704497,0.0,clear,2.005971193313598,147.32437219334432,140.15212941178467,1.0,1.0,1.0,0.9484465942723239,0.9828832989587761,0.9726455422273235,38.98032063631038,39.67948284063091,68.664568716403,36.970752351151766,39.00030099537746,66.78628667097111,2.0095682851586147,0.6791818452534528,1.878282045431888
8,50.3819,-4.1927,0.25,0.2687374021612443,[1.8287374],2021-01-01 02:00:00+00:00,1.0833333333333333,0.3375413657176974,0.21011342733542945,0.6441549355797538,0.510772050704497,0.0,clear,2.005971193313598,147.32437219334432,125.13712665633399,1.0,1.0,1.0,0.8410463361984672,0.9450992442603567,0.9132825337973068,38.98032063631038,39.67948284063091,68.664568716403,32.78425585501035,37.501049245322065,62.71015129941582,6.196064781300031,2.178433595308846,5.954417416987177
9,50.3819,-4.1927,0.25,0.49442433610182324,[2.05442434],2021-01-01 02:15:00+00:00,1.09375,0.3375413657176974,0.21011342733542945,0.6441549355797538,0.510772050704497,0.0,clear,2.005971193313598,147.32437219334432,109.10728522199929,1.0,1.0,1.0,0.7272493492832401,0.9013287714003337,0.8462938276639592,38.98032063631038,39.67948284063091,68.664568716403,28.348412817608782,35.76425951854648,58.11040068389964,10.631907818701599,3.9152233220844295,10.554168032503355
10,50.3819,-4.1927,0.25,0.7529543995232619,[2.3129544],2021-01-01 02:30:00+00:00,1.1041666666666667,0.3375413657176974,0.21011342733542945,0.6441549355797538,0.510772050704497,0.0,clear,2.005971193313598,147.32437219334432,93.25193543484697,1.0,1.0,1.0,0.6156853184056165,0.8536740525710553,0.7755729314703662,38.98032063631038,39.67948284063091,68.664568716403,23.99961112251978,33.87334492048504,53.25438084752907,14.9807095137906,5.806137920145872,15.410187868873926
11,50.3819,-4.1927,0.25,1.0362850391007679,[2.59628504],2021-01-01 02:45:00+00:00,1.1145833333333333,0.3375413657176974,0.21011342733542945,0.6441549355797538,0.510772050704497,0.0,clear,2.005971193313598,147.32437219334432,78.50909707149597,1.0,1.0,1.0,0.5129750232573165,0.8043366317207292,0.7048367471079757,38.98032063631038,39.67948284063091,68.664568716403,19.995930884988972,31.91566157645354,48.39731125564156,18.98438975132141,7.76382126417737,20.267257460761435
12,50.3819,-4.1927,0.25,1.3350678706758212,[2.89506787],2021-01-01 03:00:00+00:00,1.125,0.3375413657176974,0.21011342733542945,0.6441549355797538,0.510772050704497,0.0,clear,2.005971193313598,147.32437219334432,65.47960964789277,1.0,1.0,1.0,0.42316607773575665,0.7553940948125055,0.637219797189192,38.98032063631038,39.67948284063091,68.664568716403,16.49514939254964,29.973647023026732,43.75442255154965,22.485171243760742,9.705835817604179,24.910146164853344
13,50.3819,-4.1927,0.25,1.6393482207930608,[3.19934822],2021-01-01 03:15:00+00:00,1.1354166666666667,0.3375413657176974,0.21011342733542945,0.6441549355797538,0.510772050704497,0.0,clear,2.005971193313598,147.32437219334432,54.43046288794129,1.0,1.0,1.0,0.3478464098777211,0.7086106384926869,0.5750215058917331,38.98032063631038,39.67948284063091,68.664568716403,13.55916458922301,28.117303670759085,39.483603704712436,25.421156047087372,11.562179169871825,29.18096501169056
14,50.3819,-4.1927,0.25,1.939412510488908,[3.49941251],2021-01-01 03:30:00+00:00,1.1458333333333333,0.3375413657176974,0.21011342733542945,0.6441549355797538,0.510772050704497,0.0,clear,2.005971193313598,147.32437219334432,45.36178121857844,1.0,1.0,1.0,0.2867105408156734,0.6653137070764357,0.5196332797337799,38.98032063631038,39.67948284063091,68.664568716403,11.176068810804903,26.39930382357597,35.68039504360999,27.804251825505478,13.280179017054941,32.984173672793005
15,50.3819,-4.1927,0.25,2.22665156032483,[3.78665156],2021-01-01 03:45:00+00:00,1.15625,0.3375413657176974,0.21011342733542945,0.6441549355797538,0.510772050704497,0.0,clear,2.005971193313598,147.32437219334432,38.099673577039624,1.0,1.0,1.0,0.23828005571512487,0.6263478502892542,0.4716174974718968,38.98032063631038,39.67948284063091,68.664568716403,9.28823297301347,24.85315877781852,32.383412063017076,29.69208766329691,14.82632406281239,36.28115665338592
16,50.3819,-4.1927,0.25,2.4942928502299417,[4.05429285],2021-01-01 04:00:00+00:00,1.1666666666666667,0.3375413657176974,0.21011342733542945,0.6441549355797538,0.510772050704497,0.0,clear,2.005971193313598,147.32437219334432,32.383364669388186,1.0,1.0,1.0,0.2005461166895107,0.5920972289218421,0.4308794117424923,38.98032063631038,39.67948284063091,68.664568716403,7.817351930924043,23.494111834989347,29.586148976075663,31.162968705386337,16.185371005641564,39.078419740327334
17,50.3819,-4.1927,0.25,2.7378708940558387,[4.29787089],2021-01-01 04:15:00+00:00,1.1770833333333333,0.3375413657176974,0.21011342733542945,0.6441549355797538,0.510772050704497,0.0,clear,2.005971193313598,147.32437219334432,27.92995055858487,1.0,1.0,1.0,0.17142437882986458,0.5625566509628076,0.39687072512239413,38.98032063631038,39.67948284063091,68.664568716403,6.682177251668459,22.321956978761516,27.250957176695316,32.298143384641925,17.357525861869394,41.41361153970768
18,50.3819,-4.1927,0.25,2.9553500192311293,[4.51535002],2021-01-01 04:30:00+00:00,1.1875,0.3375413657176974,0.21011342733542945,0.6441549355797538,0.510772050704497,0.0,clear,2.005971193313598,147.32437219334432,24.473879672677764,1.0,1.0,1.0,0.1490157459276361,0.5374289458336876,0.3687807880984606,38.98032063631038,39.67948284063091,68.664568716403,5.808681556118218,21.324902634266167,25.322173765676,33.171639080192165,18.354580206364744,43.342394950727
19,50.3819,-4.1927,0.25,3.146878987643435,[4.70687899],2021-01-01 04:45:00+00:00,1.1979166666666667,0.3375413657176974,0.21011342733542945,0.6441549355797538,0.510772050704497,0.0,clear,2.005971193313598,147.32437219334432,21.786160071282243,1.0,1.0,1.0,0.13171989329515119,0.5162306952971463,0.3456938123078379,38.98032063631038,39.67948284063091,68.664568716403,5.134483674825583,20.48376701585008,23.736916530046855,33.8458369614848,19.19571582478083,44.92765218635614
20,50.3819,-4.1927,0.25,3.3142281194720025,[4.87422812],2021-01-01 05:00:00+00:00,1.2083333333333333,0.3375413657176974,0.21011342733542945,0.6441549355797538,0.510772050704497,0.0,clear,2.005971193313598,147.32437219334432,19.680530251938777,1.0,1.0,1.0,0.11825920621722465,0.49839425963887746,0.3267077999342529,38.98032063631038,39.67948284063091,68.664568716403,4.609781776542967,19.776026473209786,22.43325017877035,34.370538859767414,19.903456367421125,46.231318537632646
21,50.3819,-4.1927,0.25,3.4600212741032927,[5.02002127],2021-01-01 05:15:00+00:00,1.21875,0.3375413657176974,0.21011342733542945,0.6441549355797538,0.510772050704497,0.0,clear,2.005971193313598,147.32437219334432,18.01270788125362,1.0,1.0,1.0,0.10765864186956418,0.4833583724273572,0.31101930142368683,38.98032063631038,39.67948284063091,68.664568716403,4.1965683793453215,19.179410244606604,21.3560061947344,34.78375225696506,20.500072596024307,47.30856252166859
22,50.3819,-4.1927,0.25,3.5869134935519527,[5.14691349],2021-01-01 05:30:00+00:00,1.2291666666666667,0.3375413657176974,0.21011342733542945,0.6441549355797538,0.510772050704497,0.0,clear,2.005971193313598,147.32437219334432,16.676579042657664,1.0,1.0,1.0,0.09920885243972731,0.4706414687473828,0.29797917444701144,38.98032063631038,39.67948284063091,68.664568716403,3.867192878060974,18.674810083251103,20.460611499873853,35.113127758249405,21.004672757379808,48.20395721652915
23,50.3819,-4.1927,0.25,3.6968718111699093,[5.25687181],2021-01-01 05:45:00+00:00,1.2395833333333333,0.3375413657176974,0.21011342733542945,0.6441549355797538,0.510772050704497,0.0,clear,2.005971193313598,147.32437219334432,15.599181308558666,1.0,1.0,1.0,0.09242495848165315,0.459892548655529,0.2871222602511974,38.98032063631038,39.67948284063091,68.664568716403,3.6027545164125145,18.24829849291108,19.71512616902729,35.377566119897864,21.43118434771983,48.94944254737571
24,50.3819,-4.1927,0.25,3.7906902905943647,[5.35069029],2021-01-01 06:00:00+00:00,1.25,0.3375413657176974,0.21011342733542945,0.6441549355797538,0.510772050704497,0.0,clear,2.005971193313598,147.32437219334432,14.735133136841668,1.0,1.0,1.0,0.08700481126669521,0.45091567564467716,0.27817224308753563,38.98032063631038,39.67948284063091,68.664568716403,3.3914754400774494,17.89210081431446,19.10057710048005,35.58884519623293,21.78738202631645,49.563991615922944
25,50.3819,-4.1927,0.25,3.867816965787822,[5.42781697],2021-01-01 06:15:00+00:00,1.2604166666666667,0.3375413657176974,0.21011342733542945,0.6441549355797538,0.510772050704497,0.0,clear,2.005971193313598,147.32437219334432,14.06077764973514,1.0,1.0,1.0,0.08278789793891979,0.44366731897575346,0.27102391331570014,38.98032063631038,39.67948284063091,68.664568716403,3.2270988064652326,17.60448977024713,18.60974011965434,35.753221829845145,22.07499307038378,50.054828596748656
26,50.3819,-4.1927,0.25,3.9265022107178535,[5.48650221],2021-01-01 06:30:00+00:00,1.2708333333333333,0.3375413657176974,0.21011342733542945,0.6441549355797538,0.510772050704497,0.5,clear,2.005971193313598,147.32437219334432,13.568416208606498,1.0,1.0,1.0,0.07971673194868226,0.43823024336696215,0.26570810597094124,38.98032063631038,39.67948284063091,68.664568716403,3.107383771438442,17.38874942192488,18.244732500946984,35.87293686487194,22.29073341870603,50.419836215456016
27,50.3819,-4.1927,0.25,3.96421057721119,[5.52421058],2021-01-01 06:45:00+00:00,1.28125,0.3375413657176974,0.21011342733542945,0.6441549355797538,0.510772050704497,0.5,clear,2.005971193313598,147.32437219334432,13.26118464966195,1.0,1.0,1.0,0.07780373750916966,0.4347718487757096,0.2623475697648274,38.98032063631038,39.67948284063091,68.664568716403,3.0328146348107623,17.251522113085148,18.013982731698324,35.94750600149962,22.427960727545763,50.650585984704676
28,50.3819,-4.1927,0.25,3.9781862925492555,[5.53818629],2021-01-01 07:00:00+00:00,1.2916666666666667,0.3375413657176974,0.21011342733542945,0.6441549355797538,0.510772050704497,0.5,clear,2.005971193313598,147.32437219334432,13.149091966271108,1.0,1.0,1.0,0.07710645071886964,0.4334970202418663,0.26111289056685055,38.98032063631038,39.67948284063091,68.664568716403,3.0056341721494038,17.200937576151766,17.929204017066127,35.974686464160975,22.478545264479145,50.73536469933687
29,50.3819,-4.1927,0.25,3.966037460441885,[5.52603746],2021-01-01 07:15:00+00:00,1.3020833333333333,0.3375413657176974,0.21011342733542945,0.6441549355797538,0.510772050704497,0.5,clear,2.005971193313598,147.32437219334432,13.24647795565294,1.0,1.0,1.0,0.07771223224583865,0.43460499245517525,0.2621858433566065,38.98032063631038,39.67948284063091,68.664568716403,3.029247730306209,17.244901340577652,18.00287785762778,35.95107290600417,22.43458150005326,50.661690858775216
30,50.3819,-4.1927,0.25,3.9262102160238537,[5.48621022],2021-01-01 07:30:00+00:00,1.3125,0.3375413657176974,0.21011342733542945,0.6441549355797538,0.510772050704497,0.5,clear,2.005971193313598,147.32437219334432,13.570822817416104,1.0,1.0,1.0,0.07973172726489777,0.4382571304962287,0.2657342955289392,38.98032063631038,39.67948284063091,68.664568716403,3.107968293672566,17.38981628930925,18.246530795651786,35.87235234263782,22.289666551321663,50.41803792075121
31,50.3819,-4.1927,0.25,3.8582589196661945,[5.41825892],2021-01-01 07:45:00+00:00,1.3229166666666667,0.3375413657176974,0.21011342733542945,0.6441549355797538,0.510772050704497,0.75,clear,2.005971193313598,147.32437219334432,14.142643461324699,1.0,1.0,1.0,0.08329918399401079,0.44455921973205237,0.2718997124134518,38.98032063631038,39.67948284063091,68.664568716403,3.2470289008295543,17.639879931002238,18.66987648698367,35.733291735480826,22.039602909628673,49.99469222941933
32,50.3819,-4.1927,0.25,3.7628726442265292,[5.32287264],2021-01-01 08:00:00+00:00,1.3333333333333333,0.3375413657176974,0.21011342733542945,0.6441549355797538,0.510772050704497,0.75,clear,2.005971193313598,147.32437219334432,14.986212720239783,1.0,1.0,1.0,0.08857789135610021,0.45355893230892114,0.2807964719039643,38.98032063631038,39.67948284063091,68.664568716403,3.4527946063490518,17.996983871766712,19.280768640373278,35.52752602996133,21.6824989688642,49.383800076029715
33,50.3819,-4.1927,0.25,3.6416782345726966,[5.20167823],2021-01-01 08:15:00+00:00,1.34375,0.3375413657176974,0.21011342733542945,0.6441549355797538,0.510772050704497,0.75,clear,2.005971193313598,147.32437219334432,16.13098717408648,1.0,1.0,1.0,0.0957700753571562,0.4652569268521551,0.29252151928768283,38.98032063631038,39.67948284063091,68.664568716403,3.733148244785556,18.46115424551476,20.085863962155702,35.24717239152483,21.21832859511615,48.5787047542473
34,50.3819,-4.1927,0.25,3.4968917393419674,[5.05689174],2021-01-01 08:30:00+00:00,1.3541666666666667,0.3375413657176974,0.21011342733542945,0.6441549355797538,0.510772050704497,1.0,clear,2.005971193313598,147.32437219334432,0.0,0.0,0.0,0.0,0.0,0.0,0.0,0.0,0.0,0.0,0.0,0.0,0.0,0.0,0.0,0.0
35,50.3819,-4.1927,0.25,3.33092123793632,[4.89092124],2021-01-01 08:45:00+00:00,1.3645833333333333,0.3375413657176974,0.21011342733542945,0.6441549355797538,0.510772050704497,1.0,clear,2.005971193313598,147.32437219334432,0.0,0.0,0.0,0.0,0.0,0.0,0.0,0.0,0.0,0.0,0.0,0.0,0.0,0.0,0.0,0.0
36,50.3819,-4.1927,0.25,3.1460285618162724,[4.70602856],2021-01-01 09:00:00+00:00,1.375,0.3375413657176974,0.21011342733542945,0.6441549355797538,0.510772050704497,1.0,clear,2.005971193313598,147.32437219334432,0.0,0.0,0.0,0.0,0.0,0.0,0.0,0.0,0.0,0.0,0.0,0.0,0.0,0.0,0.0,0.0
37,50.3819,-4.1927,0.25,2.944135378990174,[4.50413538],2021-01-01 09:15:00+00:00,1.3854166666666667,0.3375413657176974,0.21011342733542945,0.6441549355797538,0.510772050704497,1.0,clear,2.005971193313598,147.32437219334432,0.0,0.0,0.0,0.0,0.0,0.0,0.0,0.0,0.0,0.0,0.0,0.0,0.0,0.0,0.0,0.0
38,50.3819,-4.1927,0.25,2.726817225329944,[4.28681723],2021-01-01 09:30:00+00:00,1.3958333333333333,0.3375413657176974,0.21011342733542945,0.6441549355797538,0.510772050704497,1.0,clear,2.005971193313598,147.32437219334432,0.0,0.0,0.0,0.0,0.0,0.0,0.0,0.0,0.0,0.0,0.0,0.0,0.0,0.0,0.0,0.0
39,50.3819,-4.1927,0.25,2.4954785897201686,[4.05547859],2021-01-01 09:45:00+00:00,1.40625,0.3375413657176974,0.21011342733542945,0.6441549355797538,0.510772050704497,1.0,clear,2.005971193313598,147.32437219334432,0.0,0.0,0.0,0.0,0.0,0.0,0.0,0.0,0.0,0.0,0.0,0.0,0.0,0.0,0.0,0.0
40,50.3819,-4.1927,0.25,2.251655936196324,[3.81165594],2021-01-01 10:00:00+00:00,1.4166666666666667,0.3375413657176974,0.21011342733542945,0.6441549355797538,0.510772050704497,1.0,clear,2.005971193313598,147.32437219334432,0.0,0.0,0.0,0.0,0.0,0.0,0.0,0.0,0.0,0.0,0.0,0.0,0.0,0.0,0.0,0.0
41,50.3819,-4.1927,0.25,1.997364853988167,[3.55736485],2021-01-01 10:15:00+00:00,1.4270833333333333,0.3375413657176974,0.21011342733542945,0.6441549355797538,0.510772050704497,1.0,clear,2.005971193313598,147.32437219334432,0.0,0.0,0.0,0.0,0.0,0.0,0.0,0.0,0.0,0.0,0.0,0.0,0.0,0.0,0.0,0.0
42,50.3819,-4.1927,0.25,1.7353992765995998,[3.29539928],2021-01-01 10:30:00+00:00,1.4375,0.3375413657176974,0.21011342733542945,0.6441549355797538,0.510772050704497,1.0,clear,2.005971193313598,147.32437219334432,0.0,0.0,0.0,0.0,0.0,0.0,0.0,0.0,0.0,0.0,0.0,0.0,0.0,0.0,0.0,0.0
43,50.3819,-4.1927,0.25,1.4695058443275983,[3.02950584],2021-01-01 10:45:00+00:00,1.4479166666666667,0.3375413657176974,0.21011342733542945,0.6441549355797538,0.510772050704497,1.0,clear,2.005971193313598,147.32437219334432,0.0,0.0,0.0,0.0,0.0,0.0,0.0,0.0,0.0,0.0,0.0,0.0,0.0,0.0,0.0,0.0
44,50.3819,-4.1927,0.25,1.2043899833279208,[2.76438998],2021-01-01 11:00:00+00:00,1.4583333333333333,0.3375413657176974,0.21011342733542945,0.6441549355797538,0.510772050704497,1.0,clear,2.005971193313598,147.32437219334432,0.0,0.0,0.0,0.0,0.0,0.0,0.0,0.0,0.0,0.0,0.0,0.0,0.0,0.0,0.0,0.0
45,50.3819,-4.1927,0.25,0.9455526108395529,[2.50555261],2021-01-01 11:15:00+00:00,1.46875,0.3375413657176974,0.21011342733542945,0.6441549355797538,0.510772050704497,1.0,clear,2.005971193313598,147.32437219334432,0.0,0.0,0.0,0.0,0.0,0.0,0.0,0.0,0.0,0.0,0.0,0.0,0.0,0.0,0.0,0.0
46,50.3819,-4.1927,0.25,0.6989961489497913,[2.25899615],2021-01-01 11:30:00+00:00,1.4791666666666667,0.3375413657176974,0.21011342733542945,0.6441549355797538,0.510772050704497,1.0,clear,2.005971193313598,147.32437219334432,0.0,0.0,0.0,0.0,0.0,0.0,0.0,0.0,0.0,0.0,0.0,0.0,0.0,0.0,0.0,0.0
47,50.3819,-4.1927,0.25,0.47086542315149194,[2.03086542],2021-01-01 11:45:00+00:00,1.4895833333333333,0.3375413657176974,0.21011342733542945,0.6441549355797538,0.510772050704497,1.0,clear,2.005971193313598,147.32437219334432,0.0,0.0,0.0,0.0,0.0,0.0,0.0,0.0,0.0,0.0,0.0,0.0,0.0,0.0,0.0,0.0
48,50.3819,-4.1927,0.25,0.26709661007797125,[1.82709661],2021-01-01 12:00:00+00:00,1.5,0.3375413657176974,0.21011342733542945,0.6441549355797538,0.510772050704497,1.0,clear,2.005971193313598,147.32437219334432,0.0,0.0,0.0,0.0,0.0,0.0,0.0,0.0,0.0,0.0,0.0,0.0,0.0,0.0,0.0,0.0
49,50.3819,-4.1927,0.25,0.09313460725228784,[1.65313461],2021-01-01 12:15:00+00:00,1.5104166666666665,0.3375413657176974,0.21011342733542945,0.6441549355797538,0.510772050704497,1.0,clear,2.005971193313598,147.32437219334432,0.0,0.0,0.0,0.0,0.0,0.0,0.0,0.0,0.0,0.0,0.0,0.0,0.0,0.0,0.0,0.0
50,50.3819,-4.1927,0.25,0.0,[1.5137506],2021-01-01 12:30:00+00:00,1.5208333333333335,0.3375413657176974,0.21011342733542945,0.6441549355797538,0.510772050704497,1.0,clear,2.005971193313598,147.32437219334432,0.0,0.0,0.0,0.0,0.0,0.0,0.0,0.0,0.0,0.0,0.0,0.0,0.0,0.0,0.0,0.0
51,50.3819,-4.1927,0.25,0.0,[1.41295603],2021-01-01 12:45:00+00:00,1.53125,0.3375413657176974,0.21011342733542945,0.6441549355797538,0.510772050704497,1.0,clear,2.005971193313598,147.32437219334432,0.0,0.0,0.0,0.0,0.0,0.0,0.0,0.0,0.0,0.0,0.0,0.0,0.0,0.0,0.0,0.0
52,50.3819,-4.1927,0.25,0.0,[1.35397742],2021-01-01 13:00:00+00:00,1.5416666666666665,0.3375413657176974,0.21011342733542945,0.6441549355797538,0.510772050704497,1.0,clear,2.005971193313598,147.32437219334432,0.0,0.0,0.0,0.0,0.0,0.0,0.0,0.0,0.0,0.0,0.0,0.0,0.0,0.0,0.0,0.0
53,50.3819,-4.1927,0.25,0.0,[1.33923789],2021-01-01 13:15:00+00:00,1.5520833333333335,0.3375413657176974,0.21011342733542945,0.6441549355797538,0.510772050704497,1.0,clear,2.005971193313598,147.32437219334432,0.0,0.0,0.0,0.0,0.0,0.0,0.0,0.0,0.0,0.0,0.0,0.0,0.0,0.0,0.0,0.0
54,50.3819,-4.1927,0.25,0.0,[1.37029183],2021-01-01 13:30:00+00:00,1.5625,0.3375413657176974,0.21011342733542945,0.6441549355797538,0.510772050704497,1.0,clear,2.005971193313598,147.32437219334432,0.0,0.0,0.0,0.0,0.0,0.0,0.0,0.0,0.0,0.0,0.0,0.0,0.0,0.0,0.0,0.0
55,50.3819,-4.1927,0.25,0.0,[1.44767938],2021-01-01 13:45:00+00:00,1.5729166666666665,0.3375413657176974,0.21011342733542945,0.6441549355797538,0.510772050704497,1.0,clear,2.005971193313598,147.32437219334432,0.0,0.0,0.0,0.0,0.0,0.0,0.0,0.0,0.0,0.0,0.0,0.0,0.0,0.0,0.0,0.0
56,50.3819,-4.1927,0.25,0.010701789334354839,[1.57070179],2021-01-01 14:00:00+00:00,1.5833333333333335,0.3375413657176974,0.21011342733542945,0.6441549355797538,0.510772050704497,1.0,clear,2.005971193313598,147.32437219334432,0.0,0.0,0.0,0.0,0.0,0.0,0.0,0.0,0.0,0.0,0.0,0.0,0.0,0.0,0.0,0.0
57,50.3819,-4.1927,0.25,0.17715759908027162,[1.7371576],2021-01-01 14:15:00+00:00,1.59375,0.3375413657176974,0.21011342733542945,0.6441549355797538,0.510772050704497,1.0,clear,2.005971193313598,147.32437219334432,0.0,0.0,0.0,0.0,0.0,0.0,0.0,0.0,0.0,0.0,0.0,0.0,0.0,0.0,0.0,0.0
58,50.3819,-4.1927,0.25,0.38311229550013315,[1.9431123],2021-01-01 14:30:00+00:00,1.6041666666666665,0.3375413657176974,0.21011342733542945,0.6441549355797538,0.510772050704497,1.0,clear,2.005971193313598,147.32437219334432,0.0,0.0,0.0,0.0,0.0,0.0,0.0,0.0,0.0,0.0,0.0,0.0,0.0,0.0,0.0,0.0
59,50.3819,-4.1927,0.25,0.6227890093067754,[2.18278901],2021-01-01 14:45:00+00:00,1.6145833333333335,0.3375413657176974,0.21011342733542945,0.6441549355797538,0.510772050704497,1.0,clear,2.005971193313598,147.32437219334432,0.0,0.0,0.0,0.0,0.0,0.0,0.0,0.0,0.0,0.0,0.0,0.0,0.0,0.0,0.0,0.0
60,50.3819,-4.1927,0.25,0.8886599674882683,[2.44865997],2021-01-01 15:00:00+00:00,1.625,0.3375413657176974,0.21011342733542945,0.6441549355797538,0.510772050704497,1.0,clear,2.005971193313598,147.32437219334432,0.0,0.0,0.0,0.0,0.0,0.0,0.0,0.0,0.0,0.0,0.0,0.0,0.0,0.0,0.0,0.0
61,50.3819,-4.1927,0.25,1.1717865835291712,[2.73178658],2021-01-01 15:15:00+00:00,1.6354166666666665,0.3375413657176974,0.21011342733542945,0.6441549355797538,0.510772050704497,1.0,clear,2.005971193313598,147.32437219334432,0.0,0.0,0.0,0.0,0.0,0.0,0.0,0.0,0.0,0.0,0.0,0.0,0.0,0.0,0.0,0.0
62,50.3819,-4.1927,0.25,1.4624065395215644,[3.02240654],2021-01-01 15:30:00+00:00,1.6458333333333335,0.3375413657176974,0.21011342733542945,0.6441549355797538,0.510772050704497,1.0,clear,2.005971193313598,147.32437219334432,0.0,0.0,0.0,0.0,0.0,0.0,0.0,0.0,0.0,0.0,0.0,0.0,0.0,0.0,0.0,0.0
63,50.3819,-4.1927,0.25,1.7507098223019617,[3.31070982],2021-01-01 15:45:00+00:00,1.65625,0.3375413657176974,0.21011342733542945,0.6441549355797538,0.510772050704497,1.0,clear,2.005971193313598,147.32437219334432,0.0,0.0,0.0,0.0,0.0,0.0,0.0,0.0,0.0,0.0,0.0,0.0,0.0,0.0,0.0,0.0
64,50.3819,-4.1927,0.25,2.0276959543099244,[3.58769595],2021-01-01 16:00:00+00:00,1.6666666666666665,0.3375413657176974,0.21011342733542945,0.6441549355797538,0.510772050704497,1.0,clear,2.005971193313598,147.32437219334432,0.0,0.0,0.0,0.0,0.0,0.0,0.0,0.0,0.0,0.0,0.0,0.0,0.0,0.0,0.0,0.0
65,50.3819,-4.1927,0.25,2.2859742881007468,[3.84597429],2021-01-01 16:15:00+00:00,1.6770833333333335,0.3375413657176974,0.21011342733542945,0.6441549355797538,0.510772050704497,1.0,clear,2.005971193313598,147.32437219334432,0.0,0.0,0.0,0.0,0.0,0.0,0.0,0.0,0.0,0.0,0.0,0.0,0.0,0.0,0.0,0.0
66,50.3819,-4.1927,0.25,2.5203669348518525,[4.08036693],2021-01-01 16:30:00+00:00,1.6875,0.3375413657176974,0.21011342733542945,0.6441549355797538,0.510772050704497,0.75,clear,2.005971193313598,147.32437219334432,31.874550145322722,1.0,1.0,1.0,0.1972059232387897,0.5888622846402691,0.42710384555528147,38.98032063631038,39.67948284063091,68.664568716403,7.687150119227635,23.365750918878273,29.326901352170598,31.293170517082746,16.313731921752638,39.3376673642324
67,50.3819,-4.1927,0.25,2.728202105543162,[4.28820211],2021-01-01 16:45:00+00:00,1.6979166666666665,0.3375413657176974,0.21011342733542945,0.6441549355797538,0.510772050704497,0.75,clear,2.005971193313598,147.32437219334432,28.094456261134848,1.0,1.0,1.0,0.17249537550362765,0.5637006702595402,0.39816807467625465,38.98032063631038,39.67948284063091,68.664568716403,6.723925045412165,22.367351072815566,27.340039124285568,32.256395590898215,17.312131767815345,41.32452959211743
68,50.3819,-4.1927,0.25,2.9092396397833897,[4.46923964],2021-01-01 17:00:00+00:00,1.7083333333333335,0.3375413657176974,0.21011342733542945,0.6441549355797538,0.510772050704497,0.75,clear,2.005971193313598,147.32437219334432,25.169000267482495,1.0,1.0,1.0,0.1535082338386633,0.5426610823475898,0.3745654513960188,38.98032063631038,39.67948284063091,68.664568716403,5.983800175344807,21.532511105289387,25.71937517617244,32.99652046096558,18.146971735341523,42.945193540230555
69,50.3819,-4.1927,0.25,3.065239321429534,[4.62523932],2021-01-01 17:15:00+00:00,1.71875,0.3375413657176974,0.21011342733542945,0.6441549355797538,0.510772050704497,0.5,clear,2.005971193313598,147.32437219334432,22.893693553535535,1.0,1.0,1.0,0.13883223216881355,0.5251622904836875,0.3553524849365278,38.98032063631038,39.67948284063091,68.664568716403,5.4117249245950365,20.838168093793904,24.400125120468775,33.568595711715346,18.841314746837007,44.264443595934225
70,50.3819,-4.1927,0.25,3.1992514727407184,[4.75925147],2021-01-01 17:30:00+00:00,1.7291666666666665,0.3375413657176974,0.21011342733542945,0.6441549355797538,0.510772050704497,0.5,clear,2.005971193313598,147.32437219334432,21.10404512751521,1.0,1.0,1.0,0.1273503121645156,0.5105811501852786,0.3396363775779332,38.98032063631038,39.67948284063091,68.664568716403,4.964156001307036,20.259595987526357,23.320985386790188,34.01616463500334,19.419886853104554,45.34358332961281
71,50.3819,-4.1927,0.25,3.3147630992439745,[4.8747631],2021-01-01 17:45:00+00:00,1.7395833333333335,0.3375413657176974,0.21011342733542945,0.6441549355797538,0.510772050704497,0.5,clear,2.005971193313598,147.32437219334432,19.674136342621974,1.0,1.0,1.0,0.11821845994984725,0.4983382400662416,0.326648809083942,38.98032063631038,39.67948284063091,68.664568716403,4.608193473975863,19.773803645538642,22.429199597475538,34.37212716233452,19.90567919509227,46.23536911892746
72,50.3819,-4.1927,0.25,3.414859481525005,[4.97485948],2021-01-01 18:00:00+00:00,1.75,0.3375413657176974,0.21011342733542945,0.6441549355797538,0.510772050704497,0.5,clear,2.005971193313598,147.32437219334432,18.51364490180627,1.0,1.0,1.0,0.11083656064955774,0.4879668384020634,0.3157967927617868,38.98032063631038,39.67948284063091,68.664568716403,4.320444672345623,19.36227179117159,21.684050577011387,34.65987596396476,20.31721104945932,46.980518139391606
73,50.3819,-4.1927,0.25,3.5015545546320426,[5.06155455],2021-01-01 18:15:00+00:00,1.7604166666666665,0.3375413657176974,0.21011342733542945,0.6441549355797538,0.510772050704497,0.5,clear,2.005971193313598,147.32437219334432,17.563991691956833,1.0,1.0,1.0,0.10481654487949119,0.47915860068391974,0.30668948078640873,38.98032063631038,39.67948284063091,68.664568716403,4.085782527392784,19.012765473778312,21.058700928056318,34.8945381089176,20.6667173668526,47.60586778834668
74,50.3819,-4.1927,0.25,3.575405130126035,[5.13540513],2021-01-01 18:30:00+00:00,1.7708333333333335,0.3375413657176974,0.21011342733542945,0.6441549355797538,0.510772050704497,0.0,clear,2.005971193313598,147.32437219334432,16.793556492245784,1.0,1.0,1.0,0.09994703720286237,0.4717808858844053,0.29913894018898796,38.98032063631038,39.67948284063091,68.664568716403,3.8959675568168173,18.72002156598791,20.54024631435873,35.08435307949357,20.959461274643,48.12432240204427
75,50.3819,-4.1927,0.25,3.635462583410168,[5.19546258],2021-01-01 18:45:00+00:00,1.78125,0.3375413657176974,0.21011342733542945,0.6441549355797538,0.510772050704497,0.0,clear,2.005971193313598,147.32437219334432,16.192001315189124,1.0,1.0,1.0,0.0961542923018182,0.4658649455163034,0.29313588521189055,38.98032063631038,39.67948284063091,68.664568716403,3.748125144482384,18.485280111665617,20.12804913337548,35.232195491827994,21.194202728965294,48.53651958302751
76,50.3819,-4.1927,0.25,3.679544842165242,[5.23954484],2021-01-01 19:00:00+00:00,1.7916666666666665,0.3375413657176974,0.21011342733542945,0.6441549355797538,0.510772050704497,0.0,clear,2.005971193313598,147.32437219334432,15.764215740913155,1.0,1.0,1.0,0.09346231512092151,0.4615698981836805,0.28880643474347695,38.98032063631038,39.67948284063091,68.664568716403,3.6431910108254004,18.314854854731106,19.830769284182832,35.337129625484984,21.364627985899805,48.83379943222016
77,50.3819,-4.1927,0.25,3.704747097754867,[5.2647471],2021-01-01 19:15:00+00:00,1.8020833333333335,0.3375413657176974,0.21011342733542945,0.6441549355797538,0.510772050704497,0.0,clear,2.005971193313598,147.32437219334432,15.524743637688571,1.0,1.0,1.0,0.09195728271351727,0.4591321921218402,0.2863600353480799,38.98032063631038,39.67948284063091,68.664568716403,3.5845243650167453,18.218127938879814,19.662788324789823,35.395796271293634,21.461354901751097,49.001780391613174
78,50.3819,-4.1927,0.25,3.70806564106748,[5.26806564],2021-01-01 19:30:00+00:00,1.8125,0.3375413657176974,0.21011342733542945,0.6441549355797538,0.510772050704497,0.0,clear,2.005971193313598,147.32437219334432,15.4934830465482,1.0,1.0,1.0,0.09176091962458541,0.4588121643703838,0.2860394499871291,38.98032063631038,39.67948284063091,68.664568716403,3.5768700688490447,18.205429403207372,19.640775469243344,35.403450567461334,21.47405343742354,49.02379324715965
79,50.3819,-4.1927,0.25,3.686994693627446,[5.24699469],2021-01-01 19:45:00+00:00,1.8229166666666665,0.3375413657176974,0.21011342733542945,0.6441549355797538,0.510772050704497,0.0,clear,2.005971193313598,147.32437219334432,15.693045136473463,1.0,1.0,1.0,0.093014877141749,0.46084796161742564,0.2880811048928022,38.98032063631038,39.67948284063091,68.664568716403,3.625749734932393,18.286208785138374,19.780964822809118,35.35457090137799,21.393274055492537,48.88360389359388
80,50.3819,-4.1927,0.25,3.639973173795098,[5.19997317],2021-01-01 20:00:00+00:00,1.8333333333333335,0.3375413657176974,0.21011342733542945,0.6441549355797538,0.510772050704497,0.0,clear,2.005971193313598,147.32437219334432,16.147701489211286,1.0,1.0,1.0,0.0958753196493843,0.46542363787479135,0.29268992222732243,38.98032063631038,39.67948284063091,68.664568716403,3.737250701041749,18.4677692526768,20.097427277376628,35.24306993526863,21.21171358795411,48.56714143902637
81,50.3819,-4.1927,0.25,3.5666018083709408,[5.12660181],2021-01-01 20:15:00+00:00,1.84375,0.3375413657176974,0.21011342733542945,0.6441549355797538,0.510772050704497,0.0,clear,2.005971193313598,147.32437219334432,16.88359198167601,1.0,1.0,1.0,0.10051541721642476,0.47265434471953055,0.3000291491031852,38.98032063631038,39.67948284063091,68.664568716403,3.91812319198875,18.75467996084826,20.60137212551958,35.06219744432163,20.92480287978265,48.06319659088342
82,50.3819,-4.1927,0.25,3.4676097312189724,[5.02760973],2021-01-01 20:30:00+00:00,1.8541666666666665,0.3375413657176974,0.21011342733542945,0.6441549355797538,0.510772050704497,0.0,clear,2.005971193313598,147.32437219334432,17.92987650183607,1.0,1.0,1.0,0.1071336752303872,0.4825883021605716,0.31022367033811576,38.98032063631038,39.67948284063091,68.664568716403,4.176105011426836,19.148854254669605,21.3013745293863,34.80421562488355,20.530628585961306,47.363194187016695
83,50.3819,-4.1927,0.25,3.3446094088658316,[4.90460941],2021-01-01 20:45:00+00:00,1.8645833333333335,0.3375413657176974,0.21011342733542945,0.6441549355797538,0.510772050704497,0.0,clear,2.005971193313598,147.32437219334432,19.320693933579467,1.0,1.0,1.0,0.11596734242784935,0.4952228845213145,0.3233745507726484,38.98032063631038,39.67948284063091,68.664568716403,4.520444191178369,19.650187948651244,22.204374062664463,34.45987644513201,20.029294891979667,46.46019465373853
84,50.3819,-4.1927,0.25,3.1997254220480227,[4.75972542],2021-01-01 21:00:00+00:00,1.875,0.3375413657176974,0.21011342733542945,0.6441549355797538,0.510772050704497,0.0,clear,2.005971193313598,147.32437219334432,21.09797080335664,1.0,1.0,1.0,0.12731143845788828,0.5105303074563107,0.3395820477464297,38.98032063631038,39.67948284063091,68.664568716403,4.962640691758382,20.2575785743347,23.317254852341566,34.017679944552,19.42190426629621,45.347313864061434
85,50.3819,-4.1927,0.25,3.035205961934437,[4.59520596],2021-01-01 21:15:00+00:00,1.8854166666666665,0.3375413657176974,0.21011342733542945,0.6441549355797538,0.510772050704497,0.0,clear,2.005971193313598,147.32437219334432,23.315147206839267,1.0,1.0,1.0,0.14154424845102453,0.528486759307015,0.3589731926285504,38.98032063631038,39.67948284063091,68.664568716403,5.517440188846515,20.97008129742334,24.648739452589666,33.46288044746387,18.70940154320757,44.01582926381333
86,50.3819,-4.1927,0.25,2.85312151357228,[4.41312151],2021-01-01 21:30:00+00:00,1.8958333333333335,0.3375413657176974,0.21011342733542945,0.6441549355797538,0.510772050704497,0.0,clear,2.005971193313598,147.32437219334432,26.04167928431059,1.0,1.0,1.0,0.15915888407697615,0.5490975646789166,0.3817281655298443,38.98032063631038,39.67948284063091,68.664568716403,6.204064333437885,21.787907395509293,26.211199853010452,32.7762563028725,17.891575445121617,42.45336886339254
87,50.3819,-4.1927,0.25,2.65522558922093,[4.21522559],2021-01-01 21:45:00+00:00,1.90625,0.3375413657176974,0.21011342733542945,0.6441549355797538,0.510772050704497,0.0,clear,2.005971193313598,147.32437219334432,29.367745809276222,1.0,1.0,1.0,0.18079767902197044,0.5724106939055943,0.4080977819401533,38.98032063631038,39.67948284063091,68.664568716403,7.047551498577135,22.712960306620662,28.0218581910413,31.932769137733246,16.96652253401025,40.64271052536169
88,50.3819,-4.1927,0.25,2.4430060144630237,[4.00300601],2021-01-01 22:00:00+00:00,1.9166666666666665,0.3375413657176974,0.21011342733542945,0.6441549355797538,0.510772050704497,0.0,clear,2.005971193313598,147.32437219334432,33.40800775068246,1.0,1.0,1.0,0.20728214761037345,0.5985122019139846,0.4384034882618165,38.98032063631038,39.67948284063091,68.664568716403,8.079924576035374,23.748654645754176,30.102786445264275,30.900396060275007,15.930828194876735,38.561782271138725
89,50.3819,-4.1927,0.25,2.217904372503648,[3.77790437],2021-01-01 22:15:00+00:00,1.9270833333333335,0.3375413657176974,0.21011342733542945,0.6441549355797538,0.510772050704497,0.0,clear,2.005971193313598,147.32437219334432,38.3026318559534,1.0,1.0,1.0,0.2396264448051265,0.627500074526436,0.473012023606622,38.98032063631038,39.67948284063091,68.664568716403,9.340715651442963,24.898878439666333,32.47916659862173,29.639604984867418,14.780604400964577,36.185402117781265
90,50.3819,-4.1927,0.25,1.9816385538826449,[3.54163855],2021-01-01 22:30:00+00:00,1.9375,0.3375413657176974,0.21011342733542945,0.6441549355797538,0.510772050704497,0.0,clear,2.005971193313598,147.32437219334432,44.21316219610263,1.0,1.0,1.0,0.27901708708087636,0.6594369802206995,0.5122794593337621,38.98032063631038,39.67948284063091,68.664568716403,10.876175517421895,26.166118341144713,35.17544813742488,28.104145118888486,13.513364499486197,33.48912057897812
91,50.3819,-4.1927,0.25,1.7365391214431085,[3.29653912],2021-01-01 22:45:00+00:00,1.9479166666666665,0.3375413657176974,0.21011342733542945,0.6441549355797538,0.510772050704497,0.0,clear,2.005971193313598,147.32437219334432,51.310317003628576,1.0,1.0,1.0,0.3267368258927824,0.6942867728184351,0.5564634511664296,38.98032063631038,39.67948284063091,68.664568716403,12.736306236990979,27.548940088526106,38.209322880784065,26.244014399319404,12.130542752104805,30.455245835618932
92,50.3819,-4.1927,0.25,1.4858095028912475,[3.0458095],2021-01-01 23:00:00+00:00,1.9583333333333335,0.3375413657176974,0.21011342733542945,0.6441549355797538,0.510772050704497,0.0,clear,2.005971193313598,147.32437219334432,59.75069577472153,1.0,1.0,1.0,0.3840081415681812,0.7318435429394646,0.6056081199735456,38.98032063631038,39.67948284063091,68.664568716403,14.968760485281372,29.03917330409302,41.583820369135154,24.01156015102901,10.640309536537892,27.080748347267843
93,50.3819,-4.1927,0.25,1.2336418420897668,[2.79364184],2021-01-01 23:15:00+00:00,1.96875,0.3375413657176974,0.21011342733542945,0.6441549355797538,0.510772050704497,0.0,clear,2.005971193313598,147.32437219334432,69.6402894160709,1.0,1.0,1.0,0.4517363881598977,0.7716650350440749,0.659413053716471,38.98032063631038,39.67948284063091,68.664568716403,17.608829253561577,30.619269516746222,45.27831293940776,21.371491382748804,9.060213323884689,23.386255776995235
94,50.3819,-4.1927,0.25,0.985157968455356,[2.54515797],2021-01-01 23:30:00+00:00,1.9791666666666665,0.3375413657176974,0.21011342733542945,0.6441549355797538,0.510772050704497,0.0,clear,2.005971193313598,147.32437219334432,80.98534684089542,1.0,1.0,1.0,0.53015049086828,0.813023782398932,0.717106032251579,38.98032063631038,39.67948284063091,68.664568716403,20.665436119542896,32.260363222723264,49.23977642848565,18.314884516767485,7.419119617907647,19.42479228791735
95,50.3819,-4.1927,0.25,0.7461878769756889,[2.30618788],2021-01-01 23:45:00+00:00,1.9895833333333335,0.3375413657176974,0.21011342733542945,0.6441549355797538,0.510772050704497,0.0,clear,2.005971193313598,147.32437219334432,93.6359776924811,1.0,1.0,1.0,0.6183747561195005,0.8548886159559143,0.7773463499694366,38.98032063631038,39.67948284063091,68.664568716403,24.104446266938368,33.92153816747341,53.376151863921436,14.875874369372013,5.757944673157503,15.28841685248156
96,50.3819,-4.1927,0.25,0.522934983993546,[2.08293498],2021-01-02 00:00:00+00:00,2.0,0.3375413657176974,0.21011342733542945,0.6441549355797538,0.510772050704497,0.0,clear,2.005971193313598,147.32437219334432,107.23415133555815,1.0,1.0,1.0,0.714015112481007,0.8959455286608953,0.8381885626818046,38.98032063631038,39.67948284063091,68.664568716403,27.832538023680875,35.55065523063998,57.553856159567836,11.147782612629506,4.128827609990928,11.11071255683516
97,50.3819,-4.1927,0.25,0.3215988568054242,[1.88159886],2021-01-02 00:15:00+00:00,2.0104166666666665,0.3375413657176974,0.21011342733542945,0.6441549355797538,0.510772050704497,0.0,clear,2.005971193313598,147.32437219334432,121.18314333396134,1.0,1.0,1.0,0.8128899911015967,0.9346602001651974,0.8971314197530716,38.98032063631038,39.67948284063091,68.664568716403,31.68671249518773,37.0868333742756,61.60114201927897,7.29360814112265,2.5926494663553115,7.063426697124029
98,50.3819,-4.1927,0.25,0.14802724493737585,[1.70802724],2021-01-02 00:30:00+00:00,2.0208333333333335,0.3375413657176974,0.21011342733542945,0.6441549355797538,0.510772050704497,0.0,clear,2.005971193313598,147.32437219334432,134.65655331993224,1.0,1.0,1.0,0.9090524547929998,0.9693761955101032,0.9512624152125699,38.98032063631038,39.67948284063091,68.664568716403,35.43515616305618,38.464346115859215,65.31802347669499,3.5451644732542036,1.2151367247716962,3.346545239708007
99,50.3819,-4.1927,0.25,0.007450883721817014,[1.56745088],2021-01-02 00:45:00+00:00,2.03125,0.3375413657176974,0.21011342733542945,0.6441549355797538,0.510772050704497,0.0,clear,2.005971193313598,147.32437219334432,146.65915583618238,1.0,1.0,1.0,0.9952119757847655,0.9984356940885023,0.9974881784490256,38.98032063631038,39.67948284063091,68.664568716403,38.79368191718612,39.61741199105814,68.49209557291277,0.1866387191242609,0.06207084957276976,0.17247314349022247
100,50.3819,-4.1927,0.25,0.0,[1.46432278],2021-01-02 01:00:00+00:00,2.0416666666666665,0.3375413657176974,0.21011342733542945,0.6441549355797538,0.510772050704497,0.0,clear,2.005971193313598,147.32437219334432,147.32437219334432,1.0,1.0,1.0,1.0,1.0,1.0,38.98032063631038,39.67948284063091,68.664568716403,38.98032063631038,39.67948284063091,68.664568716403,0.0,0.0,0.0
101,50.3819,-4.1927,0.25,0.0,[1.40224828],2021-01-02 01:15:00+00:00,2.0520833333333335,0.3375413657176974,0.21011342733542945,0.6441549355797538,0.510772050704497,0.0,clear,2.005971193313598,147.32437219334432,147.32437219334432,1.0,1.0,1.0,1.0,1.0,1.0,38.98032063631038,39.67948284063091,68.664568716403,38.98032063631038,39.67948284063091,68.664568716403,0.0,0.0,0.0
102,50.3819,-4.1927,0.25,0.0,[1.38396373],2021-01-02 01:30:00+00:00,2.0625,0.3375413657176974,0.21011342733542945,0.6441549355797538,0.510772050704497,0.0,clear,2.005971193313598,147.32437219334432,147.32437219334432,1.0,1.0,1.0,1.0,1.0,1.0,38.98032063631038,39.67948284063091,68.664568716403,38.98032063631038,39.67948284063091,68.664568716403,0.0,0.0,0.0
103,50.3819,-4.1927,0.25,0.0,[1.41130872],2021-01-02 01:45:00+00:00,2.0729166666666665,0.3375413657176974,0.21011342733542945,0.6441549355797538,0.510772050704497,0.0,clear,2.005971193313598,147.32437219334432,147.32437219334432,1.0,1.0,1.0,1.0,1.0,1.0,38.98032063631038,39.67948284063091,68.664568716403,38.98032063631038,39.67948284063091,68.664568716403,0.0,0.0,0.0
104,50.3819,-4.1927,0.25,0.0,[1.4851436],2021-01-02 02:00:00+00:00,2.0833333333333335,0.3375413657176974,0.21011342733542945,0.6441549355797538,0.510772050704497,0.0,clear,2.005971193313598,147.32437219334432,147.32437219334432,1.0,1.0,1.0,1.0,1.0,1.0,38.98032063631038,39.67948284063091,68.664568716403,38.98032063631038,39.67948284063091,68.664568716403,0.0,0.0,0.0
105,50.3819,-4.1927,0.25,0.04518913174332573,[1.60518913],2021-01-02 02:15:00+00:00,2.09375,0.3375413657176974,0.21011342733542945,0.6441549355797538,0.510772050704497,0.0,clear,2.005971193313598,147.32437219334432,143.33573041622202,1.0,1.0,1.0,0.9713107779220428,0.9905500903509412,0.9848625396097671,38.98032063631038,39.67948284063091,68.664568716403,37.862005560905295,39.30451531286557,67.62516152724602,1.1183150754050857,0.37496752776534237,1.0394071891569752
106,50.3819,-4.1927,0.25,0.20980180866901454,[1.76980181],2021-01-02 02:30:00+00:00,2.1041666666666665,0.3375413657176974,0.21011342733542945,0.6441549355797538,0.510772050704497,0.0,clear,2.005971193313598,147.32437219334432,129.69773745349823,1.0,1.0,1.0,0.8735893451534726,0.9568753210216363,0.9316325617998609,38.98032063631038,39.67948284063091,68.664568716403,34.05279277854678,37.968317881101214,63.97014805814511,4.9275278577636,1.7111649595296967,4.69442065825789
107,50.3819,-4.1927,0.25,0.41573554304661187,[1.97573554],2021-01-02 02:45:00+00:00,2.1145833333333335,0.3375413657176974,0.21011342733542945,0.6441549355797538,0.510772050704497,0.0,clear,2.005971193313598,147.32437219334432,114.44861305168597,1.0,1.0,1.0,0.7650622300837037,0.9163548304633947,0.8690731822138622,38.98032063631038,39.67948284063091,68.664568716403,29.822371035393434,36.36048577130152,59.67453523970676,9.157949600916947,3.3189970693293915,8.990033476696233
108,50.3819,-4.1927,0.25,0.6579679224252275,[2.21796792],2021-01-02 03:00:00+00:00,2.125,0.3375413657176974,0.21011342733542945,0.6441549355797538,0.510772050704497,0.0,clear,2.005971193313598,147.32437219334432,98.7901612257955,1.0,1.0,1.0,0.6545329934885764,0.8708827772744607,0.8008421711160535,38.98032063631038,39.67948284063091,68.664568716403,25.513905953228765,34.55617821706296,54.98948228959162,13.466414683081616,5.123304623567954,13.675086426811376
109,50.3819,-4.1927,0.25,0.929676534337263,[2.48967653],2021-01-02 03:15:00+00:00,2.1354166666666665,0.3375413657176974,0.21011342733542945,0.6441549355797538,0.510772050704497,0.0,clear,2.005971193313598,147.32437219334432,83.76093536452547,1.0,1.0,1.0,0.5494399852678643,0.8225569793447937,0.7306620141661883,38.98032063631038,39.67948284063091,68.664568716403,21.417346796151,32.63863554735293,50.17059208017965,17.56297384015938,7.040847293277977,18.493976636223344
110,50.3819,-4.1927,0.25,1.2224345671590773,[2.78243457],2021-01-02 03:30:00+00:00,2.1458333333333335,0.3375413657176974,0.21011342733542945,0.6441549355797538,0.510772050704497,0.0,clear,2.005971193313598,147.32437219334432,70.11595578936732,1.0,1.0,1.0,0.45500937317497114,0.7734842922076279,0.6619122840234358,38.98032063631038,39.67948284063091,68.664568716403,17.736411258886978,30.691456700150116,45.44992151055847,21.243909377423403,8.988026140480795,23.21464720584453
111,50.3819,-4.1927,0.25,1.5266562568919304,[3.08665626],2021-01-02 03:45:00+00:00,2.15625,0.3375413657176974,0.21011342733542945,0.6441549355797538,0.510772050704497,0.0,clear,2.005971193313598,147.32437219334432,58.28654034087282,1.0,1.0,1.0,0.37403602495001276,0.7255894075381882,0.5973156144092137,38.98032063631038,39.67948284063091,68.664568716403,14.580044182082487,28.79101244575509,41.01441905098193,24.400276454227892,10.88847039487582,27.65014966542107
112,50.3819,-4.1927,0.25,1.8322697890060753,[3.39226979],2021-01-02 04:00:00+00:00,2.1666666666666665,0.3375413657176974,0.21011342733542945,0.6441549355797538,0.510772050704497,0.0,clear,2.005971193313598,147.32437219334432,48.41194742246396,1.0,1.0,1.0,0.3071971276340415,0.6804611933615904,0.5387698213110297,38.98032063631038,39.67948284063091,68.664568716403,11.974642533728503,27.00034824570646,36.994397417735364,27.00567810258188,12.679134594924452,31.670171298667633
113,50.3819,-4.1927,0.25,2.129540061610317,[3.68954006],2021-01-02 04:15:00+00:00,2.1770833333333335,0.3375413657176974,0.21011342733542945,0.6441549355797538,0.510772050704497,0.0,clear,2.005971193313598,147.32437219334432,40.41453997956724,1.0,1.0,1.0,0.25366171224673656,0.63925939948463,0.48733287845370155,38.98032063631038,39.67948284063091,68.664568716403,9.887814876533291,25.365482372562393,33.46250192034666,29.09250575977709,14.314000468068517,35.202066796056336
114,50.3819,-4.1927,0.25,2.409919875637192,[3.96991988],2021-01-02 04:30:00+00:00,2.1875,0.3375413657176974,0.21011342733542945,0.6441549355797538,0.510772050704497,0.0,clear,2.005971193313598,147.32437219334432,34.086165346896564,1.0,1.0,1.0,0.211747281826429,0.6026874602453064,0.44332699386345603,38.98032063631038,39.67948284063091,68.664568716403,8.25397693946138,23.91432673706706,30.440856833973648,30.726343696849,15.76515610356385,38.22371188242935
115,50.3819,-4.1927,0.25,2.666787309362825,[4.22678731],2021-01-02 04:45:00+00:00,2.1979166666666665,0.3375413657176974,0.21011342733542945,0.6441549355797538,0.510772050704497,0.0,clear,2.005971193313598,147.32437219334432,29.162236293041893,1.0,1.0,1.0,0.17945618286263573,0.5710218399007695,0.40650825996608364,38.98032063631038,39.67948284063091,68.664568716403,6.995259548153889,22.657851297968072,27.912714350226562,31.985061088156492,17.02163154266284,40.75185436617643
116,50.3819,-4.1927,0.25,2.89593599248261,[4.45593599],2021-01-02 05:00:00+00:00,2.2083333333333335,0.3375413657176974,0.21011342733542945,0.6441549355797538,0.510772050704497,0.0,clear,2.005971193313598,147.32437219334432,25.373200100306768,1.0,1.0,1.0,0.15482939236662516,0.5441800913015469,0.37625123146278555,38.98032063631038,39.67948284063091,68.664568716403,6.035299358376156,21.59278459501269,25.835128537407687,32.945021277934224,18.08669824561822,42.82944017899531
117,50.3819,-4.1927,0.25,3.09572367491964,[4.65572367],2021-01-02 05:15:00+00:00,2.21875,0.3375413657176974,0.21011342733542945,0.6441549355797538,0.510772050704497,0.0,clear,2.005971193313598,147.32437219334432,22.47370128042613,1.0,1.0,1.0,0.13613262502924386,0.5218092854398925,0.35171475144623365,38.98032063631038,39.67948284063091,68.664568716403,5.306493372702538,20.705122587694092,24.15034171925251,33.67382726360784,18.97436025293682,44.51422699715049
118,50.3819,-4.1927,0.25,3.2668457702106575,[4.82684577],2021-01-02 05:30:00+00:00,2.2291666666666665,0.3375413657176974,0.21011342733542945,0.6441549355797538,0.510772050704497,0.0,clear,2.005971193313598,147.32437219334432,20.255150043643017,1.0,1.0,1.0,0.12192431121433306,0.5033808887443846,0.33197501037081867,38.98032063631038,39.67948284063091,68.664568716403,4.752648744495996,19.973893337234344,22.794920911735677,34.22767189181438,19.705589503396567,45.86964780466732
119,50.3819,-4.1927,0.25,3.4117717624317927,[4.97177176],2021-01-02 05:45:00+00:00,2.2395833333333335,0.3375413657176974,0.21011342733542945,0.6441549355797538,0.510772050704497,0.0,clear,2.005971193313598,147.32437219334432,18.54839850946456,1.0,1.0,1.0,0.11105723056758275,0.48828351996937736,0.31612609815178117,38.98032063631038,39.67948284063091,68.664568716403,4.329046456505026,19.37483755198777,21.706662189591338,34.651274179805355,20.30464528864314,46.957906526811655
120,50.3819,-4.1927,0.25,3.5339480077400514,[5.09394801],2021-01-02 06:00:00+00:00,2.25,0.3375413657176974,0.21011342733542945,0.6441549355797538,0.510772050704497,0.0,clear,2.005971193313598,147.32437219334432,17.221793333247067,1.0,1.0,1.0,0.10265206166888412,0.47590837730507224,0.30335436453592074,38.98032063631038,39.67948284063091,68.664568716403,4.001410277831409,18.883798290989116,20.829696609097493,34.97891035847897,20.795684549641795,47.8348721073055
121,50.3819,-4.1927,0.25,3.636915968021318,[5.19691597],2021-01-02 06:15:00+00:00,2.2604166666666665,0.3375413657176974,0.21011342733542945,0.6441549355797538,0.510772050704497,0.0,clear,2.005971193313598,147.32437219334432,16.177713945382155,1.0,1.0,1.0,0.09606431431052806,0.4657227034385887,0.2929921146318747,38.98032063631038,39.67948284063091,68.664568716403,3.7446177735316835,18.47963601958372,20.118177188504582,35.235702862778695,21.199846821047192,48.546391527898415
122,50.3819,-4.1927,0.25,3.723509940650444,[5.28350994],2021-01-02 06:30:00+00:00,2.2708333333333335,0.3375413657176974,0.21011342733542945,0.6441549355797538,0.510772050704497,0.5,clear,2.005971193313598,147.32437219334432,15.348824275744063,1.0,1.0,1.0,0.09085256002460224,0.4573257069139436,0.284552180601062,38.98032063631038,39.67948284063091,68.664568716403,3.54146192038863,18.146447540071225,19.538652758283938,35.438858715921754,21.533035300559686,49.12591595811906
123,50.3819,-4.1927,0.25,3.7952793242135185,[5.35527932],2021-01-02 06:45:00+00:00,2.28125,0.3375413657176974,0.21011342733542945,0.6441549355797538,0.510772050704497,0.5,clear,2.005971193313598,147.32437219334432,14.694119048525565,1.0,1.0,1.0,0.08674800057080585,0.45048110436657857,0.2777416909795139,38.98032063631038,39.67948284063091,68.664568716403,3.381464876808848,17.874857250742117,19.0710134256728,35.59885575950153,21.804625589888794,49.593555290730194
124,50.3819,-4.1927,0.25,3.8522315006138723,[5.4122315],2021-01-02 07:00:00+00:00,2.2916666666666665,0.3375413657176974,0.21011342733542945,0.6441549355797538,0.510772050704497,0.5,clear,2.005971193313598,147.32437219334432,14.194513916754895,1.0,1.0,1.0,0.08362322937791017,0.4451225847141063,0.27245345637032686,38.98032063631038,39.67948284063091,68.664568716403,3.2596602937946684,17.66223396214066,18.707899076961816,35.720660342515714,22.01724887849025,49.95666963944118
125,50.3819,-4.1927,0.25,3.8929233678396353,[5.45292337],2021-01-02 07:15:00+00:00,2.3020833333333335,0.3375413657176974,0.21011342733542945,0.6441549355797538,0.510772050704497,0.5,clear,2.005971193313598,147.32437219334432,13.847988452065213,1.0,1.0,1.0,0.08145978621129744,0.44133305087228974,0.26873683945342713,38.98032063631038,39.67948284063091,68.664568716403,3.1753285854816697,17.51186721909031,18.452699179278806,35.80499205082871,22.1676156215406,50.21186953712419
126,50.3819,-4.1927,0.25,3.914857532474183,[5.47485753],2021-01-02 07:30:00+00:00,2.3125,0.3375413657176974,0.21011342733542945,0.6441549355797538,0.510772050704497,0.5,clear,2.005971193313598,147.32437219334432,13.664722855836974,1.0,1.0,1.0,0.08031693355369765,0.43930377550202354,0.26675454297756945,38.98032063631038,39.67948284063091,68.664568716403,3.1307798224483703,17.431346621856918,18.316585646695994,35.84954081386201,22.248136218773993,50.347983069707
127,50.3819,-4.1927,0.25,3.9150790407789633,[5.47507904],2021-01-02 07:45:00+00:00,2.3229166666666665,0.3375413657176974,0.21011342733542945,0.6441549355797538,0.510772050704497,0.75,clear,2.005971193313598,147.32437219334432,13.662884521497618,1.0,1.0,1.0,0.08030547429595357,0.4392833299589994,0.2667345989619561,38.98032063631038,39.67948284063091,68.664568716403,3.1303331369072516,17.43053535328332,18.315216199465432,35.84998749940313,22.24894748734759,50.349352516937564
128,50.3819,-4.1927,0.25,3.8908332193594126,[5.45083322],2021-01-02 08:00:00+00:00,2.3333333333333335,0.3375413657176974,0.21011342733542945,0.6441549355797538,0.510772050704497,0.75,clear,2.005971193313598,147.32437219334432,13.865579933195107,1.0,1.0,1.0,0.08156953585999561,0.44152691290659385,0.2689265033007892,38.98032063631038,39.67948284063091,68.664568716403,3.1796066619776466,17.51955956435393,18.465722365559017,35.80071397433274,22.15992327627698,50.19884635084398
129,50.3819,-4.1927,0.25,3.840141778268929,[5.40014178],2021-01-02 08:15:00+00:00,2.34375,0.3375413657176974,0.21011342733542945,0.6441549355797538,0.510772050704497,0.75,clear,2.005971193313598,147.32437219334432,14.299129223732592,1.0,1.0,1.0,0.08427700054909396,0.44625472822329504,0.27356755100738983,38.98032063631038,39.67948284063091,68.664568716403,3.2851445036701885,17.707156831086646,18.784397904725,35.69517613264019,21.972326009544265,49.880170811678
130,50.3819,-4.1927,0.25,3.762182426169749,[5.32218243],2021-01-02 08:30:00+00:00,2.3541666666666665,0.3375413657176974,0.21011342733542945,0.6441549355797538,0.510772050704497,1.0,clear,2.005971193313598,147.32437219334432,0.0,0.0,0.0,0.0,0.0,0.0,0.0,0.0,0.0,0.0,0.0,0.0,0.0,0.0,0.0,0.0
131,50.3819,-4.1927,0.25,3.6574092943757486,[5.21740929],2021-01-02 08:45:00+00:00,2.3645833333333335,0.3375413657176974,0.21011342733542945,0.6441549355797538,0.510772050704497,1.0,clear,2.005971193313598,147.32437219334432,0.0,0.0,0.0,0.0,0.0,0.0,0.0,0.0,0.0,0.0,0.0,0.0,0.0,0.0,0.0,0.0
132,50.3819,-4.1927,0.25,3.527414612310683,[5.08741461],2021-01-02 09:00:00+00:00,2.375,0.3375413657176974,0.21011342733542945,0.6441549355797538,0.510772050704497,1.0,clear,2.005971193313598,147.32437219334432,0.0,0.0,0.0,0.0,0.0,0.0,0.0,0.0,0.0,0.0,0.0,0.0,0.0,0.0,0.0,0.0
133,50.3819,-4.1927,0.25,3.3745913431487815,[4.93459134],2021-01-02 09:15:00+00:00,2.3854166666666665,0.3375413657176974,0.21011342733542945,0.6441549355797538,0.510772050704497,1.0,clear,2.005971193313598,147.32437219334432,0.0,0.0,0.0,0.0,0.0,0.0,0.0,0.0,0.0,0.0,0.0,0.0,0.0,0.0,0.0,0.0
134,50.3819,-4.1927,0.25,3.2016983287279364,[4.76169833],2021-01-02 09:30:00+00:00,2.3958333333333335,0.3375413657176974,0.21011342733542945,0.6441549355797538,0.510772050704497,1.0,clear,2.005971193313598,147.32437219334432,0.0,0.0,0.0,0.0,0.0,0.0,0.0,0.0,0.0,0.0,0.0,0.0,0.0,0.0,0.0,0.0
135,50.3819,-4.1927,0.25,3.0114449824510108,[4.57144498],2021-01-02 09:45:00+00:00,2.40625,0.3375413657176974,0.21011342733542945,0.6441549355797538,0.510772050704497,1.0,clear,2.005971193313598,147.32437219334432,0.0,0.0,0.0,0.0,0.0,0.0,0.0,0.0,0.0,0.0,0.0,0.0,0.0,0.0,0.0,0.0
136,50.3819,-4.1927,0.25,2.8061993498980082,[4.36619935],2021-01-02 10:00:00+00:00,2.4166666666666665,0.3375413657176974,0.21011342733542945,0.6441549355797538,0.510772050704497,1.0,clear,2.005971193313598,147.32437219334432,0.0,0.0,0.0,0.0,0.0,0.0,0.0,0.0,0.0,0.0,0.0,0.0,0.0,0.0,0.0,0.0
137,50.3819,-4.1927,0.25,2.5878860028390647,[4.147886],2021-01-02 10:15:00+00:00,2.4270833333333335,0.3375413657176974,0.21011342733542945,0.6441549355797538,0.510772050704497,1.0,clear,2.005971193313598,147.32437219334432,0.0,0.0,0.0,0.0,0.0,0.0,0.0,0.0,0.0,0.0,0.0,0.0,0.0,0.0,0.0,0.0
138,50.3819,-4.1927,0.25,2.3580889022246994,[3.9180889],2021-01-02 10:30:00+00:00,2.4375,0.3375413657176974,0.21011342733542945,0.6441549355797538,0.510772050704497,1.0,clear,2.005971193313598,147.32437219334432,0.0,0.0,0.0,0.0,0.0,0.0,0.0,0.0,0.0,0.0,0.0,0.0,0.0,0.0,0.0,0.0
139,50.3819,-4.1927,0.25,2.1183221389148823,[3.67832214],2021-01-02 10:45:00+00:00,2.4479166666666665,0.3375413657176974,0.21011342733542945,0.6441549355797538,0.510772050704497,1.0,clear,2.005971193313598,147.32437219334432,0.0,0.0,0.0,0.0,0.0,0.0,0.0,0.0,0.0,0.0,0.0,0.0,0.0,0.0,0.0,0.0
140,50.3819,-4.1927,0.25,1.870391043496677,[3.43039104],2021-01-02 11:00:00+00:00,2.4583333333333335,0.3375413657176974,0.21011342733542945,0.6441549355797538,0.510772050704497,1.0,clear,2.005971193313598,147.32437219334432,0.0,0.0,0.0,0.0,0.0,0.0,0.0,0.0,0.0,0.0,0.0,0.0,0.0,0.0,0.0,0.0
141,50.3819,-4.1927,0.25,1.6167467965417592,[3.1767468],2021-01-02 11:15:00+00:00,2.46875,0.3375413657176974,0.21011342733542945,0.6441549355797538,0.510772050704497,1.0,clear,2.005971193313598,147.32437219334432,0.0,0.0,0.0,0.0,0.0,0.0,0.0,0.0,0.0,0.0,0.0,0.0,0.0,0.0,0.0,0.0
142,50.3819,-4.1927,0.25,1.3607429751619127,[2.92074298],2021-01-02 11:30:00+00:00,2.4791666666666665,0.3375413657176974,0.21011342733542945,0.6441549355797538,0.510772050704497,1.0,clear,2.005971193313598,147.32437219334432,0.0,0.0,0.0,0.0,0.0,0.0,0.0,0.0,0.0,0.0,0.0,0.0,0.0,0.0,0.0,0.0
143,50.3819,-4.1927,0.25,1.1067297517155512,[2.66672975],2021-01-02 11:45:00+00:00,2.4895833333333335,0.3375413657176974,0.21011342733542945,0.6441549355797538,0.510772050704497,1.0,clear,2.005971193313598,147.32437219334432,0.0,0.0,0.0,0.0,0.0,0.0,0.0,0.0,0.0,0.0,0.0,0.0,0.0,0.0,0.0,0.0
144,50.3819,-4.1927,0.25,0.8599626742855224,[2.41996267],2021-01-02 12:00:00+00:00,2.5,0.3375413657176974,0.21011342733542945,0.6441549355797538,0.510772050704497,1.0,clear,2.005971193313598,147.32437219334432,0.0,0.0,0.0,0.0,0.0,0.0,0.0,0.0,0.0,0.0,0.0,0.0,0.0,0.0,0.0,0.0
145,50.3819,-4.1927,0.25,0.6263468827482321,[2.18634688],2021-01-02 12:15:00+00:00,2.5104166666666665,0.3375413657176974,0.21011342733542945,0.6441549355797538,0.510772050704497,1.0,clear,2.005971193313598,147.32437219334432,0.0,0.0,0.0,0.0,0.0,0.0,0.0,0.0,0.0,0.0,0.0,0.0,0.0,0.0,0.0,0.0
146,50.3819,-4.1927,0.25,0.4120729368660425,[1.97207294],2021-01-02 12:30:00+00:00,2.5208333333333335,0.3375413657176974,0.21011342733542945,0.6441549355797538,0.510772050704497,1.0,clear,2.005971193313598,147.32437219334432,0.0,0.0,0.0,0.0,0.0,0.0,0.0,0.0,0.0,0.0,0.0,0.0,0.0,0.0,0.0,0.0
147,50.3819,-4.1927,0.25,0.22321860715250508,[1.78321861],2021-01-02 12:45:00+00:00,2.53125,0.3375413657176974,0.21011342733542945,0.6441549355797538,0.510772050704497,1.0,clear,2.005971193313598,147.32437219334432,0.0,0.0,0.0,0.0,0.0,0.0,0.0,0.0,0.0,0.0,0.0,0.0,0.0,0.0,0.0,0.0
148,50.3819,-4.1927,0.25,0.06538838378009393,[1.62538838],2021-01-02 13:00:00+00:00,2.5416666666666665,0.3375413657176974,0.21011342733542945,0.6441549355797538,0.510772050704497,1.0,clear,2.005971193313598,147.32437219334432,0.0,0.0,0.0,0.0,0.0,0.0,0.0,0.0,0.0,0.0,0.0,0.0,0.0,0.0,0.0,0.0
149,50.3819,-4.1927,0.25,0.0,[1.50344121],2021-01-02 13:15:00+00:00,2.5520833333333335,0.3375413657176974,0.21011342733542945,0.6441549355797538,0.510772050704497,1.0,clear,2.005971193313598,147.32437219334432,0.0,0.0,0.0,0.0,0.0,0.0,0.0,0.0,0.0,0.0,0.0,0.0,0.0,0.0,0.0,0.0
150,50.3819,-4.1927,0.25,0.0,[1.42132422],2021-01-02 13:30:00+00:00,2.5625,0.3375413657176974,0.21011342733542945,0.6441549355797538,0.510772050704497,1.0,clear,2.005971193313598,147.32437219334432,0.0,0.0,0.0,0.0,0.0,0.0,0.0,0.0,0.0,0.0,0.0,0.0,0.0,0.0,0.0,0.0
151,50.3819,-4.1927,0.25,0.0,[1.38199596],2021-01-02 13:45:00+00:00,2.5729166666666665,0.3375413657176974,0.21011342733542945,0.6441549355797538,0.510772050704497,1.0,clear,2.005971193313598,147.32437219334432,0.0,0.0,0.0,0.0,0.0,0.0,0.0,0.0,0.0,0.0,0.0,0.0,0.0,0.0,0.0,0.0
152,50.3819,-4.1927,0.25,0.0,[1.38739729],2021-01-02 14:00:00+00:00,2.5833333333333335,0.3375413657176974,0.21011342733542945,0.6441549355797538,0.510772050704497,1.0,clear,2.005971193313598,147.32437219334432,0.0,0.0,0.0,0.0,0.0,0.0,0.0,0.0,0.0,0.0,0.0,0.0,0.0,0.0,0.0,0.0
153,50.3819,-4.1927,0.25,0.0,[1.43841911],2021-01-02 14:15:00+00:00,2.59375,0.3375413657176974,0.21011342733542945,0.6441549355797538,0.510772050704497,1.0,clear,2.005971193313598,147.32437219334432,0.0,0.0,0.0,0.0,0.0,0.0,0.0,0.0,0.0,0.0,0.0,0.0,0.0,0.0,0.0,0.0
154,50.3819,-4.1927,0.25,0.0,[1.53482609],2021-01-02 14:30:00+00:00,2.6041666666666665,0.3375413657176974,0.21011342733542945,0.6441549355797538,0.510772050704497,1.0,clear,2.005971193313598,147.32437219334432,0.0,0.0,0.0,0.0,0.0,0.0,0.0,0.0,0.0,0.0,0.0,0.0,0.0,0.0,0.0,0.0
155,50.3819,-4.1927,0.25,0.1151221115020431,[1.67512211],2021-01-02 14:45:00+00:00,2.6145833333333335,0.3375413657176974,0.21011342733542945,0.6441549355797538,0.510772050704497,1.0,clear,2.005971193313598,147.32437219334432,0.0,0.0,0.0,0.0,0.0,0.0,0.0,0.0,0.0,0.0,0.0,0.0,0.0,0.0,0.0,0.0
156,50.3819,-4.1927,0.25,0.2963782779872741,[1.85637828],2021-01-02 15:00:00+00:00,2.625,0.3375413657176974,0.21011342733542945,0.6441549355797538,0.510772050704497,1.0,clear,2.005971193313598,147.32437219334432,0.0,0.0,0.0,0.0,0.0,0.0,0.0,0.0,0.0,0.0,0.0,0.0,0.0,0.0,0.0,0.0
157,50.3819,-4.1927,0.25,0.5140772591771889,[2.07407726],2021-01-02 15:15:00+00:00,2.6354166666666665,0.3375413657176974,0.21011342733542945,0.6441549355797538,0.510772050704497,1.0,clear,2.005971193313598,147.32437219334432,0.0,0.0,0.0,0.0,0.0,0.0,0.0,0.0,0.0,0.0,0.0,0.0,0.0,0.0,0.0,0.0
158,50.3819,-4.1927,0.25,0.7620482245508038,[2.32204822],2021-01-02 15:30:00+00:00,2.6458333333333335,0.3375413657176974,0.21011342733542945,0.6441549355797538,0.510772050704497,1.0,clear,2.005971193313598,147.32437219334432,0.0,0.0,0.0,0.0,0.0,0.0,0.0,0.0,0.0,0.0,0.0,0.0,0.0,0.0,0.0,0.0
159,50.3819,-4.1927,0.25,1.0325667189394996,[2.59256672],2021-01-02 15:45:00+00:00,2.65625,0.3375413657176974,0.21011342733542945,0.6441549355797538,0.510772050704497,1.0,clear,2.005971193313598,147.32437219334432,0.0,0.0,0.0,0.0,0.0,0.0,0.0,0.0,0.0,0.0,0.0,0.0,0.0,0.0,0.0,0.0
160,50.3819,-4.1927,0.25,1.3166710140177629,[2.87667101],2021-01-02 16:00:00+00:00,2.6666666666666665,0.3375413657176974,0.21011342733542945,0.6441549355797538,0.510772050704497,1.0,clear,2.005971193313598,147.32437219334432,0.0,0.0,0.0,0.0,0.0,0.0,0.0,0.0,0.0,0.0,0.0,0.0,0.0,0.0,0.0,0.0
161,50.3819,-4.1927,0.25,1.6047044359014166,[3.16470444],2021-01-02 16:15:00+00:00,2.6770833333333335,0.3375413657176974,0.21011342733542945,0.6441549355797538,0.510772050704497,1.0,clear,2.005971193313598,147.32437219334432,0.0,0.0,0.0,0.0,0.0,0.0,0.0,0.0,0.0,0.0,0.0,0.0,0.0,0.0,0.0,0.0
162,50.3819,-4.1927,0.25,1.8870409471011387,[3.44704095],2021-01-02 16:30:00+00:00,2.6875,0.3375413657176974,0.21011342733542945,0.6441549355797538,0.510772050704497,0.75,clear,2.005971193313598,147.32437219334432,46.827916994930504,1.0,1.0,1.0,0.29654783548384755,0.6726752269553671,0.5289008052299542,38.98032063631038,39.67948284063091,68.664568716403,11.559529711164199,26.69140512529299,36.31674568487307,27.420790925146182,12.98807771533792,32.34782303152993
163,50.3819,-4.1927,0.25,2.1549014038925933,[3.7149014],2021-01-02 16:45:00+00:00,2.6979166666666665,0.3375413657176974,0.21011342733542945,0.6441549355797538,0.510772050704497,0.75,clear,2.005971193313598,147.32437219334432,39.79676246971361,1.0,1.0,1.0,0.24955139949563768,0.635862000493493,0.4831788698866618,38.98032063631038,39.67948284063091,68.664568716403,9.727593567579941,25.230675337590796,33.17726871364663,29.25272706873044,14.448807503040115,35.48730000275636
164,50.3819,-4.1927,0.25,2.4011332683663626,[3.96113327],2021-01-02 17:00:00+00:00,2.7083333333333335,0.3375413657176974,0.21011342733542945,0.6441549355797538,0.510772050704497,0.75,clear,2.005971193313598,147.32437219334432,34.26856400135456,1.0,1.0,1.0,0.2129491560403569,0.6038011600239812,0.4446437840418354,38.98032063631038,39.67948284063091,68.664568716403,8.300826381684804,23.9585177683246,30.531273663662063,30.679494254625578,15.72096507230631,38.133295052740934
165,50.3819,-4.1927,0.25,2.6208171234286293,[4.18081712],2021-01-02 17:15:00+00:00,2.71875,0.3375413657176974,0.21011342733542945,0.6441549355797538,0.510772050704497,0.5,clear,2.005971193313598,147.32437219334432,29.987964551875162,1.0,1.0,1.0,0.18484968728785806,0.5765640360165634,0.4128651753982049,38.98032063631038,39.67948284063091,68.664568716403,7.205500080002414,22.87776277364413,28.349209206739815,31.774820556307965,16.801720066986782,40.31535950966318
166,50.3819,-4.1927,0.25,2.8115835055605083,[4.37158351],2021-01-02 17:30:00+00:00,2.7291666666666665,0.3375413657176974,0.21011342733542945,0.6441549355797538,0.510772050704497,0.5,clear,2.005971193313598,147.32437219334432,26.707055937594777,1.0,1.0,1.0,0.16347496953371798,0.5539108938522906,0.3871179948013381,38.98032063631038,39.67948284063091,68.664568716403,6.372306728435398,21.978897807850498,26.581290155392615,32.608013907874984,17.700585032780413,42.08327856101038
167,50.3819,-4.1927,0.25,2.9735708806855476,[4.53357088],2021-01-02 17:45:00+00:00,2.7395833333333335,0.3375413657176974,0.21011342733542945,0.6441549355797538,0.510772050704497,0.5,clear,2.005971193313598,147.32437219334432,24.20451934168642,1.0,1.0,1.0,0.1472769635547524,0.5353753607791246,0.36651963815702826,38.98032063631038,39.67948284063091,68.664568716403,5.740903261706447,21.243417441331857,25.16691288014443,33.23941737460393,18.436065399299054,43.497655836258566
168,50.3819,-4.1927,0.25,3.1090208902072303,[4.66902089],2021-01-02 18:00:00+00:00,2.75,0.3375413657176974,0.21011342733542945,0.6441549355797538,0.510772050704497,0.5,clear,2.005971193313598,147.32437219334432,22.292923284935316,1.0,1.0,1.0,0.13497156514999736,0.5203534249546486,0.35013966636994304,38.98032063631038,39.67948284063091,68.664568716403,5.261234886331553,20.647354796551504,24.042189181797372,33.71908574997883,19.032128044079407,44.62237953460563
169,50.3819,-4.1927,0.25,3.2215765763744497,[4.78157658],2021-01-02 18:15:00+00:00,2.7604166666666665,0.3375413657176974,0.21011342733542945,0.6441549355797538,0.510772050704497,0.5,clear,2.005971193313598,147.32437219334432,20.819807940217423,1.0,1.0,1.0,0.12553201516587154,0.5081917226127859,0.33708661718953364,38.98032063631038,39.67948284063091,68.664568716403,4.89327820128785,20.1647847371647,23.145907189390563,34.08704243502253,19.51469810346621,45.51866152701243
170,50.3819,-4.1927,0.25,3.3154078383736887,[4.87540784],2021-01-02 18:30:00+00:00,2.7708333333333335,0.3375413657176974,0.21011342733542945,0.6441549355797538,0.510772050704497,0.0,clear,2.005971193313598,147.32437219334432,19.666433384341662,1.0,1.0,1.0,0.11816937261149243,0.4982707355804382,0.32657772950360336,38.98032063631038,39.67948284063091,68.664568716403,4.606280033787609,19.77112510245254,22.424318948747043,34.37404060252277,19.90835773817837,46.24024976765595
171,50.3819,-4.1927,0.25,3.3943226526883454,[4.95432265],2021-01-02 18:45:00+00:00,2.78125,0.3375413657176974,0.21011342733542945,0.6441549355797538,0.510772050704497,0.0,clear,2.005971193313598,147.32437219334432,18.746025378017325,1.0,1.0,1.0,0.11231254770575522,0.4900769957497252,0.3179935104262107,38.98032063631038,39.67948284063091,68.664568716403,4.377979121051244,19.44600174343917,21.834887248030757,34.602341515259134,20.233481097191742,46.82968146837224
172,50.3819,-4.1927,0.25,3.461024589325556,[5.02102459],2021-01-02 19:00:00+00:00,2.7916666666666665,0.3375413657176974,0.21011342733542945,0.6441549355797538,0.510772050704497,0.0,clear,2.005971193313598,147.32437219334432,18.001734336014124,1.0,1.0,1.0,0.10758908559640819,0.483256486388518,0.310913989339177,38.98032063631038,39.67948284063091,68.664568716403,4.193857053515434,19.175367459276785,21.34877498587091,34.786463582794944,20.504115381354126,47.315793730532086
173,50.3819,-4.1927,0.25,3.516646030998871,[5.07664603],2021-01-02 19:15:00+00:00,2.8020833333333335,0.3375413657176974,0.21011342733542945,0.6441549355797538,0.510772050704497,0.0,clear,2.005971193313598,147.32437219334432,17.403730301897575,1.0,1.0,1.0,0.10380253386111674,0.4776416325850249,0.30513117769039455,38.98032063631038,39.67948284063091,68.664568716403,4.046256052767796,18.95257296412843,20.95170071803907,34.934064583542586,20.726909876502482,47.712867998363926
174,50.3819,-4.1927,0.25,3.5606288821296386,[5.12062888],2021-01-02 19:30:00+00:00,2.8125,0.3375413657176974,0.21011342733542945,0.6441549355797538,0.510772050704497,0.0,clear,2.005971193313598,147.32437219334432,16.94495445978893,1.0,1.0,1.0,0.10090289419969,0.47324789451492616,0.30063465094918856,38.98032063631038,39.67948284063091,68.664568716403,3.933227169035619,18.77823170976972,20.642948648632387,35.04709346727476,20.90125113086119,48.02162006777061
175,50.3819,-4.1927,0.25,3.59095306950127,[5.15095307],2021-01-02 19:45:00+00:00,2.8229166666666665,0.3375413657176974,0.21011342733542945,0.6441549355797538,0.510772050704497,0.0,clear,2.005971193313598,147.32437219334432,16.635712025511783,1.0,1.0,1.0,0.09895103539635433,0.4702421722683226,0.29757314957149666,38.98032063631038,39.67948284063091,68.664568716403,3.85714308704479,18.658966205461912,20.4327319769085,35.12317754926559,21.020516635169,48.2318367394945
176,50.3819,-4.1927,0.25,3.604643494777704,[5.16464349],2021-01-02 20:00:00+00:00,2.8333333333333335,0.3375413657176974,0.21011342733542945,0.6441549355797538,0.510772050704497,0.0,clear,2.005971193313598,147.32437219334432,16.497954033077658,1.0,1.0,1.0,0.09808224690394395,0.4688914444707404,0.29620121116301995,38.98032063631038,39.67948284063091,68.664568716403,3.823277433045496,18.605370024995384,20.33852841778498,35.157043203264884,21.074112815635527,48.32604029861802
177,50.3819,-4.1927,0.25,3.598433469055862,[5.15843347],2021-01-02 20:15:00+00:00,2.84375,0.3375413657176974,0.21011342733542945,0.6441549355797538,0.510772050704497,0.0,clear,2.005971193313598,147.32437219334432,16.5602996130329,1.0,1.0,1.0,0.09847538313520808,0.46950365794132115,0.29682274171676404,38.98032063631038,39.67948284063091,68.664568716403,3.838602009393923,18.629662338896097,20.381205545201883,35.14171862691646,21.049820501734814,48.28336317120112
178,50.3819,-4.1927,0.25,3.5694381661472083,[5.12943817],2021-01-02 20:30:00+00:00,2.8541666666666665,0.3375413657176974,0.21011342733542945,0.6441549355797538,0.510772050704497,0.0,clear,2.005971193313598,147.32437219334432,16.85453070461682,1.0,1.0,1.0,0.10033193779977241,0.4723727470418158,0.29974204223121975,38.98032063631038,39.67948284063091,68.664568716403,3.9109711054974783,18.743506310627417,20.581658055980558,35.0693495308129,20.935976530003494,48.08291066042244
179,50.3819,-4.1927,0.25,3.5156998263878863,[5.07569983],2021-01-02 20:45:00+00:00,2.8645833333333335,0.3375413657176974,0.21011342733542945,0.6441549355797538,0.510772050704497,0.0,clear,2.005971193313598,147.32437219334432,17.413735255531407,1.0,1.0,1.0,0.10386582103642386,0.47773660209846375,0.3052286470255253,38.98032063631038,39.67948284063091,68.664568716403,4.048723007153434,18.95634130530731,20.9583934078989,34.93159762915695,20.723141535323602,47.7061753085041
180,50.3819,-4.1927,0.25,3.4365043386864085,[4.99650434],2021-01-02 21:00:00+00:00,2.875,0.3375413657176974,0.21011342733542945,0.6441549355797538,0.510772050704497,0.0,clear,2.005971193313598,147.32437219334432,18.271844020570665,1.0,1.0,1.0,0.10930192947829609,0.4857526648658671,0.3134979782870777,38.98032063631038,39.67948284063091,68.664568716403,4.260624257231367,19.27441453033591,21.526203472546463,34.71969637907901,20.405068310295,47.13836524385653
181,50.3819,-4.1927,0.25,3.3324267511330157,[4.89242675],2021-01-02 21:15:00+00:00,2.8854166666666665,0.3375413657176974,0.21011342733542945,0.6441549355797538,0.510772050704497,0.0,clear,2.005971193313598,147.32437219334432,19.46418848738998,1.0,1.0,1.0,0.11688097856312049,0.49649215013494397,0.3247070535807257,38.98032063631038,39.67948284063091,68.664568716403,4.556058020676157,19.700551751787454,22.29586979329449,34.42426261563423,19.978931088843456,46.36869892310851
182,50.3819,-4.1927,0.25,3.2051272173053404,[4.76512722],2021-01-02 21:30:00+00:00,2.8958333333333335,0.3375413657176974,0.21011342733542945,0.6441549355797538,0.510772050704497,0.0,clear,2.005971193313598,147.32437219334432,21.028862628615897,1.0,1.0,1.0,0.12686921628093417,0.5099511895166304,0.33896344196497524,38.98032063631038,39.67948284063091,68.664568716403,4.945402729508223,20.23459947398446,23.274778553152522,34.03491790680216,19.44488336664645,45.389790163250474
183,50.3819,-4.1927,0.25,3.056973975460949,[4.61697398],2021-01-02 21:45:00+00:00,2.90625,0.3375413657176974,0.21011342733542945,0.6441549355797538,0.510772050704497,0.0,clear,2.005971193313598,147.32437219334432,23.008914214218454,1.0,1.0,1.0,0.13957336887378613,0.5260751113165016,0.35634526570564756,38.98032063631038,39.67948284063091,68.664568716403,5.440614670990207,20.874388352366122,24.46829398381032,33.539705965320174,18.80509448826479,44.19627473259268
184,50.3819,-4.1927,0.25,2.89060387699582,[4.45060388],2021-01-02 22:00:00+00:00,2.9166666666666665,0.3375413657176974,0.21011342733542945,0.6441549355797538,0.510772050704497,0.0,clear,2.005971193313598,147.32437219334432,25.455507923477835,1.0,1.0,1.0,0.1553621005227711,0.54479010460535,0.37692902178373383,38.98032063631038,39.67948284063091,68.664568716403,6.056064493108303,21.616989607433506,25.881668717475755,32.92425614320208,18.062493233197404,42.78289999892724
185,50.3819,-4.1927,0.25,2.7085368644711045,[4.26853686],2021-01-02 22:15:00+00:00,2.9270833333333335,0.3375413657176974,0.21011342733542945,0.6441549355797538,0.510772050704497,0.0,clear,2.005971193313598,147.32437219334432,28.43203807406234,1.0,1.0,1.0,0.17469435245840512,0.5660346612715116,0.40081983884095146,38.98032063631038,39.67948284063091,68.664568716403,6.809641872181248,22.459962629125275,27.522121366992085,32.170678764129136,17.219520211505635,41.142447349410915
186,50.3819,-4.1927,0.25,2.512938676157735,[4.07293868],2021-01-02 22:30:00+00:00,2.9375,0.3375413657176974,0.21011342733542945,0.6441549355797538,0.510772050704497,0.0,clear,2.005971193313598,147.32437219334432,32.01868667141128,1.0,1.0,1.0,0.19815180481577108,0.5897820849022806,0.4281760857455335,38.98032063631038,39.67948284063091,68.664568716403,7.724020886382348,23.402248117591565,29.400526262394646,31.256299749928033,16.277234723039346,39.26404245400835
187,50.3819,-4.1927,0.25,2.3055826229819587,[3.86558262],2021-01-02 22:45:00+00:00,2.9479166666666665,0.3375413657176974,0.21011342733542945,0.6441549355797538,0.510772050704497,0.0,clear,2.005971193313598,147.32437219334432,36.31621378691189,1.0,1.0,1.0,0.22646781846615824,0.6160458620009411,0.45921833467931744,38.98032063631038,39.67948284063091,68.664568716403,8.827788177616581,24.444381210308023,31.53202889742014,30.1525324586938,15.235101630322887,37.132539818982856
188,50.3819,-4.1927,0.25,2.08800802871111,[3.64800803],2021-01-02 23:00:00+00:00,2.9583333333333335,0.3375413657176974,0.21011342733542945,0.6441549355797538,0.510772050704497,0.0,clear,2.005971193313598,147.32437219334432,41.44699928825405,1.0,1.0,1.0,0.26053953141618447,0.6448622678432709,0.4942128018173238,38.98032063631038,39.67948284063091,68.664568716403,10.155914473036932,25.587801291457403,33.934908890911686,28.82440616327345,14.091681549173508,34.72965982549131
189,50.3819,-4.1927,0.25,1.861823222806405,[3.42182322],2021-01-02 23:15:00+00:00,2.96875,0.3375413657176974,0.21011342733542945,0.6441549355797538,0.510772050704497,0.0,clear,2.005971193313598,147.32437219334432,47.55069321762613,1.0,1.0,1.0,0.30140433254823584,0.6762489114986627,0.5334220372805316,38.98032063631038,39.67948284063091,68.664568716403,11.748837523903354,26.83320707980652,36.62719413369275,27.231483112407027,12.84627576082439,32.03737458271025
190,50.3819,-4.1927,0.25,1.6290667177614613,[3.18906672],2021-01-02 23:30:00+00:00,2.9791666666666665,0.3375413657176974,0.21011342733542945,0.6441549355797538,0.510772050704497,0.0,clear,2.005971193313598,147.32437219334432,54.771434527977156,1.0,1.0,1.0,0.3501578008146801,0.7101430918563577,0.57702054601769,38.98032063631038,39.67948284063091,68.664568716403,13.649263349061535,28.178110627706925,39.620866932808056,25.331057287248846,11.501372212923986,29.04370178359494
191,50.3819,-4.1927,0.25,1.3925289260957503,[2.95252893],2021-01-02 23:45:00+00:00,2.9895833333333335,0.3375413657176974,0.21011342733542945,0.6441549355797538,0.510772050704497,0.0,clear,2.005971193313598,147.32437219334432,63.233732668035664,1.0,1.0,1.0,0.40778941371450705,0.7463287999137824,0.6249796964110317,38.98032063631038,39.67948284063091,68.664568716403,15.89576209868451,29.61394080964759,42.91396131057197,23.08455853762587,10.06554203098332,25.750607405831026
