,,,,,,,,,,,,Lunar position,Lunar position,Lunar position,Lunar position,Lunar position,Lunar position,Surface Normalised,Surface Normalised,Surface Normalised,Seabed Normalised,Seabed Normalised,Seabed Normalised,Surface,Surface,Surface,Seabed,Seabed,Seabed,Residuals,Residuals,Residuals
,Location_Lat (deg),Location_Long (deg),time_increment (m),depth_to_datum(m),modelled_tidal_range (m),date,Jday (decimal),Kd Blue,Kd Green,Kd Red,Kd Bb,Lunar_Alt (deg),Lunar_Az (deg),phase,I_atmos,BB_I(uW/m2),BB_I_Below_tide(uW/m2),Red,Green,Blue,Red,Green,Blue,Red,Green,Blue,Red,Green,Blue,Red,Green,Blue
0,50.3819,-4.1927,0.25,2.841752789981332,4.401752789981332,2010-12-31 00:00:00+00:00,365.0,0.3375413657176974,0.21011342733542945,0.6441549355797538,0.510772050704497,-39.4384993824829,74.16253342886804,0.20445729011680175,25.078768038961567,0.0,0.0,0.0,0.0,0.0,0.0,0.0,0.0,0.0,0.0,0.0,0.0,0.0,0.0,0.0,0.0,0.0
1,50.3819,-4.1927,0.25,2.9587601637945284,4.5187601637945285,2010-12-31 00:15:00+00:00,365.0104166666667,0.3375413657176974,0.21011342733542945,0.6441549355797538,0.510772050704497,-37.25390075589508,77.40891829252648,0.20352686062924075,24.88300833868685,0.0,0.0,0.0,0.0,0.0,0.0,0.0,0.0,0.0,0.0,0.0,0.0,0.0,0.0,0.0,0.0,0.0
2,50.3819,-4.1927,0.25,3.065348193852959,4.625348193852959,2010-12-31 00:30:00+00:00,365.0208333333333,0.3375413657176974,0.21011342733542945,0.6441549355797538,0.510772050704497,-35.040183717031034,80.53212071547756,0.20259812888575357,24.68823049800621,0.0,0.0,0.0,0.0,0.0,0.0,0.0,0.0,0.0,0.0,0.0,0.0,0.0,0.0,0.0,0.0,0.0
3,50.3819,-4.1927,0.25,3.1596065412344365,4.719606541234437,2010-12-31 00:45:00+00:00,365.03125,0.3375413657176974,0.21011342733542945,0.6441549355797538,0.510772050704497,-32.8048747409979,83.55000529016912,0.20167109938200317,24.494432777033833,0.0,0.0,0.0,0.0,0.0,0.0,0.0,0.0,0.0,0.0,0.0,0.0,0.0,0.0,0.0,0.0,0.0
4,50.3819,-4.1927,0.25,3.239285881260893,4.799285881260893,2010-12-31 01:00:00+00:00,365.0416666666667,0.3375413657176974,0.21011342733542945,0.6441549355797538,0.510772050704497,-30.55479034478731,86.47879308240285,0.2007457765770716,24.301613425773592,0.0,0.0,0.0,0.0,0.0,0.0,0.0,0.0,0.0,0.0,0.0,0.0,0.0,0.0,0.0,0.0,0.0
5,50.3819,-4.1927,0.25,3.302197122513457,4.862197122513457,2010-12-31 01:15:00+00:00,365.0520833333333,0.3375413657176974,0.21011342733542945,0.6441549355797538,0.510772050704497,-28.296173609202455,89.33320765293348,0.19982216494131344,24.109770694091047,0.0,0.0,0.0,0.0,0.0,0.0,0.0,0.0,0.0,0.0,0.0,0.0,0.0,0.0,0.0,0.0,0.0
6,50.3819,-4.1927,0.25,3.3465749121173762,4.906574912117376,2010-12-31 01:30:00+00:00,365.0625,0.3375413657176974,0.21011342733542945,0.6441549355797538,0.510772050704497,-26.03481259202634,92.12663273452694,0.19890026893230317,23.91890282662896,0.0,0.0,0.0,0.0,0.0,0.0,0.0,0.0,0.0,0.0,0.0,0.0,0.0,0.0,0.0,0.0,0.0
7,50.3819,-4.1927,0.25,3.3713184887753305,4.9313184887753305,2010-12-31 01:45:00+00:00,365.0729166666667,0.3375413657176974,0.21011342733542945,0.6441549355797538,0.510772050704497,-23.776142637316603,94.87126795162719,0.19798009297112973,23.729008057891132,0.0,0.0,0.0,0.0,0.0,0.0,0.0,0.0,0.0,0.0,0.0,0.0,0.0,0.0,0.0,0.0,0.0
8,50.3819,-4.1927,0.25,3.3760608699504586,4.936060869950459,2010-12-31 02:00:00+00:00,365.0833333333333,0.3375413657176974,0.21011342733542945,0.6441549355797538,0.510772050704497,-21.52533470702683,97.5782747196392,0.197061641490068,23.540084622080013,0.0,0.0,0.0,0.0,0.0,0.0,0.0,0.0,0.0,0.0,0.0,0.0,0.0,0.0,0.0,0.0,0.0
9,50.3819,-4.1927,0.25,3.3610656179536345,4.9210656179536345,2010-12-31 02:15:00+00:00,365.09375,0.3375413657176974,0.21011342733542945,0.6441549355797538,0.510772050704497,-19.287371768550155,100.25790808709712,0.19614491890043123,23.352130746403628,0.0,0.0,0.0,0.0,0.0,0.0,0.0,0.0,0.0,0.0,0.0,0.0,0.0,0.0,0.0,0.0,0.0
10,50.3819,-4.1927,0.25,3.326996376139586,4.886996376139586,2010-12-31 02:30:00+00:00,365.1041666666667,0.3375413657176974,0.21011342733542945,0.6441549355797538,0.510772050704497,-17.067114999719436,102.9196325294829,0.1952299296087543,23.165144654372572,0.0,0.0,0.0,0.0,0.0,0.0,0.0,0.0,0.0,0.0,0.0,0.0,0.0,0.0,0.0,0.0,0.0
11,50.3819,-4.1927,0.25,3.2746363119244823,4.834636311924482,2010-12-31 02:45:00+00:00,365.1145833333333,0.3375413657176974,0.21011342733542945,0.6441549355797538,0.510772050704497,-14.869361309267159,105.57222096587171,0.19431667798530328,22.97912455933687,0.0,0.0,0.0,0.0,0.0,0.0,0.0,0.0,0.0,0.0,0.0,0.0,0.0,0.0,0.0,0.0,0.0
12,50.3819,-4.1927,0.25,3.2046447517488086,4.764644751748809,2010-12-31 03:00:00+00:00,365.125,0.3375413657176974,0.21011342733542945,0.6441549355797538,0.510772050704497,-12.698893340160373,108.22383696748547,0.19340516841084754,22.794068674012493,0.0,0.0,0.0,0.0,0.0,0.0,0.0,0.0,0.0,0.0,0.0,0.0,0.0,0.0,0.0,0.0,0.0
13,50.3819,-4.1927,0.25,3.1174246524155973,4.677424652415597,2010-12-31 03:15:00+00:00,365.1354166666667,0.3375413657176974,0.21011342733542945,0.6441549355797538,0.510772050704497,-10.56052285484498,110.8821004067588,0.1924954052535437,22.609975205700838,0.0,0.0,0.0,0.0,0.0,0.0,0.0,0.0,0.0,0.0,0.0,0.0,0.0,0.0,0.0,0.0,0.0
14,50.3819,-4.1927,0.25,3.013141308863631,4.573141308863631,2010-12-31 03:30:00+00:00,365.1458333333333,0.3375413657176974,0.21011342733542945,0.6441549355797538,0.510772050704497,-8.459128085810915,113.55413689542999,0.19158739284483967,22.426842351403536,0.0,0.0,0.0,0.0,0.0,0.0,0.0,0.0,0.0,0.0,0.0,0.0,0.0,0.0,0.0,0.0,0.0
15,50.3819,-4.1927,0.25,2.891889094883092,4.451889094883092,2010-12-31 03:45:00+00:00,365.15625,0.3375413657176974,0.21011342733542945,0.6441549355797538,0.510772050704497,-6.3996853575074475,116.2466113250106,0.1906811355271903,22.24466830744569,0.0,0.0,0.0,0.0,0.0,0.0,0.0,0.0,0.0,0.0,0.0,0.0,0.0,0.0,0.0,0.0,0.0
16,50.3819,-4.1927,0.25,2.7539608353717457,4.313960835371746,2010-12-31 04:00:00+00:00,365.1666666666667,0.3375413657176974,0.21011342733542945,0.6441549355797538,0.510772050704497,-4.387295045728919,118.96574572547213,0.18977663762970093,22.063451264491665,0.0,0.0,0.0,0.0,0.0,0.0,0.0,0.0,0.0,0.0,0.0,0.0,0.0,0.0,0.0,0.0,0.0
17,50.3819,-4.1927,0.25,2.600144909100758,4.160144909100758,2010-12-31 04:15:00+00:00,365.1770833333333,0.3375413657176974,0.21011342733542945,0.6441549355797538,0.510772050704497,-2.427201662726062,121.71732161158074,0.1888739034454202,21.88318940298718,0.0,0.0,0.0,0.0,0.0,0.0,0.0,0.0,0.0,0.0,0.0,0.0,0.0,0.0,0.0,0.0,0.0
18,50.3819,-4.1927,0.25,2.4319661825277343,3.9919661825277344,2010-12-31 04:30:00+00:00,365.1875,0.3375413657176974,0.21011342733542945,0.6441549355797538,0.510772050704497,-0.524807619967197,124.50666698098516,0.18797293727771786,21.703880902418582,0.0,0.0,0.0,0.0,0.0,0.0,0.0,0.0,0.0,0.0,0.0,0.0,0.0,0.0,0.0,0.0,0.0
19,50.3819,-4.1927,0.25,2.2518007483123683,3.8118007483123684,2010-12-31 04:45:00+00:00,365.1979166666667,0.3375413657176974,0.21011342733542945,0.6441549355797538,0.510772050704497,1.314319973963588,127.3386282016994,0.18707374340913824,21.525523935034904,0.1700243339773415,0.08454858189890892,0.03425323036906734,0.04811632424864559,0.06495258244349934,0.01121840460710986,0.03663128708653522,0.0452714679422418,0.04597125835591906,0.03954077018392645,0.07391747532262657,0.012075012173191221,0.028522779387499995,0.04797168323299615,0.03389624618272784,0.011017990796426458,0.025945792089630423
20,50.3819,-4.1927,0.25,2.0628274553927723,3.6228274553927724,2010-12-31 05:00:00+00:00,365.2083333333333,0.3375413657176974,0.21011342733542945,0.6441549355797538,0.510772050704497,3.084450341152071,130.21752728391854,0.18617632611698354,21.348116668916948,0.42047950684196217,0.22171858565893995,0.09390628296550554,0.11449357531494046,0.1558082817226893,0.03440714419615973,0.08958706676647504,0.11260971895055938,0.12603161654936315,0.09408790508746247,0.17731327048183265,0.03703438229978487,0.06975654814740749,0.11932632211849263,0.08899723424957828,0.024331356940054977,0.05798694836334002
21,50.3819,-4.1927,0.25,1.8688225695601655,3.4288225695601655,2010-12-31 05:15:00+00:00,365.21875,0.3375413657176974,0.21011342733542945,0.6441549355797538,0.510772050704497,4.779698868630116,133.1471054126777,0.18528068964234023,21.171657261826304,0.6928205681003036,0.3879877448848834,0.17067300788499887,0.18509063824608316,0.23989553187911047,0.07016823721532796,0.14896014448185102,0.17996341589218523,0.22906023330717837,0.15210277394143737,0.27300642084720134,0.0755260973569695,0.11598711583758962,0.1906973282095069,0.15353413595020887,0.036115658103847745,0.08230909263769443
22,50.3819,-4.1927,0.25,1.6738459868312483,3.2338459868312484,2010-12-31 05:30:00+00:00,365.2291666666667,0.3375413657176974,0.21011342733542945,0.6441549355797538,0.510772050704497,6.394046831354696,136.13045423970226,0.1843868382364114,20.99614387033249,0.9922800112755042,0.5903402218632001,0.26064447459696377,0.26477103634774746,0.32090382113310634,0.12030856126561937,0.21919909244476668,0.2499163748548383,0.3498109332064746,0.21758209636890571,0.3651956456108077,0.12949500331809966,0.17067834228627046,0.2648226292235698,0.22031592988837495,0.04690375408263525,0.10037301638723789
23,50.3819,-4.1927,0.25,1.4818968742664684,3.0418968742664685,2010-12-31 05:45:00+00:00,365.2395833333333,0.3375413657176974,0.21011342733542945,0.6441549355797538,0.510772050704497,7.921372046335602,139.16993721237787,0.1834947761371576,20.821574645139588,1.3127863443049377,0.8289439378244794,0.3574630694362952,0.35245593730252217,0.4025607384431546,0.18491446351794738,0.3000302437345188,0.32527939667450173,0.4797511633412461,0.28963931543943133,0.4581230234473658,0.19903404059461668,0.23361713803289036,0.34468067612469366,0.2807171227466294,0.056022177406540974,0.11344234732267211
24,50.3819,-4.1927,0.25,1.2966252833829413,2.8566252833829413,2010-12-31 06:00:00+00:00,365.25,0.3375413657176974,0.21011342733542945,0.6441549355797538,0.510772050704497,9.355491392288888,142.2671042447832,0.1826045075465621,20.647947726627677,1.6427507626367825,1.098666909147767,0.4556026493200245,0.4443968509611198,0.4855191037704481,0.2630848973634819,0.38859969068389194,0.4065181920564438,0.6114642874222529,0.3651940173881606,0.5525314779105859,0.28317336105291513,0.3025813212962855,0.4307649569186098,0.32829092636933777,0.06261269609187509,0.1217665209919761
25,50.3819,-4.1927,0.25,1.121171446625953,2.681171446625953,2010-12-31 06:15:00+00:00,365.2604166666667,0.3375413657176974,0.21011342733542945,0.6441549355797538,0.510772050704497,10.690215848688265,145.4226041932225,0.18171603667659597,20.47526125381501,1.9700088976496102,1.3912429610633963,0.55096574912874,0.5365602287300932,0.568394912348897,0.3530797968710622,0.48128547589807497,0.49221373979557187,0.7394510977666204,0.4409315346786663,0.6468459809677823,0.3800400319510609,0.3747506719875719,0.5215718129247899,0.35941106581555954,0.06618086269109441,0.1252741680429924
26,50.3819,-4.1927,0.25,0.958169559104443,2.518169559104443,2010-12-31 06:30:00+00:00,365.2708333333333,0.3375413657176974,0.21011342733542945,0.6441549355797538,0.510772050704497,11.919418238046958,148.63610079262716,0.18082936772567032,20.30351335969515,2.2839299840136964,1.6966030540015684,0.6406581335717875,0.6254943167438056,0.649016865108785,0.45227503901006166,0.5744814745875683,0.5798973693416698,0.8598272413700951,0.5140153038688341,0.7385955462568129,0.4868095591966688,0.44731729800151965,0.6144853298151922,0.37301768217342635,0.06669800586731445,0.12411021644162068
27,50.3819,-4.1927,0.25,0.8099067268290012,2.3699067268290013,2010-12-31 06:45:00+00:00,365.28125,0.3375413657176974,0.21011342733542945,0.6441549355797538,0.510772050704497,13.037113242494025,151.90619887314122,0.17994450485659635,20.13270216695819,2.575940970211782,2.003595785282928,0.7226634549966038,0.7084908813253126,0.7251436055850807,0.5571088991064174,0.6648548091944534,0.6666253046393515,0.9698865781731094,0.5822197674769443,0.8252294605502662,0.5996482542838342,0.5176860699044977,0.7063861501035955,0.37023832388927524,0.06453369757244654,0.11884331044667074
28,50.3819,-4.1927,0.25,0.6785824372777336,2.2385824372777336,2010-12-31 07:00:00+00:00,365.2916666666667,0.3375413657176974,0.21011342733542945,0.6441549355797538,0.510772050704497,14.037548455096783,155.23038855096974,0.17906145224134473,19.962825796628465,2.839419577586938,2.300372897588568,0.7955847071680442,0.7835115288764269,0.794779909660766,0.6630568465794725,0.7493949775960069,0.7492985337937289,1.0677541861940367,0.6438698255432866,0.9044771146762731,0.7136861054994136,0.5835128743791337,0.7939904214274801,0.35406808069462314,0.06035695116415296,0.11048669324879301
29,50.3819,-4.1927,0.25,0.566581547558354,2.126581547558354,2010-12-31 07:15:00+00:00,365.3020833333333,0.3375413657176974,0.21011342733542945,0.6441549355797538,0.510772050704497,14.915304266259303,158.60501544635045,0.17818021403916323,19.793882363769693,3.069404024405247,2.5746226446325795,0.85846384456658,0.8490632762480116,0.8562812381964724,0.7646529751525656,0.8253934050399911,0.8248280356203408,1.1521442726004807,0.6977385825285544,0.9744669867233361,0.8230398444875501,0.6426886924349092,0.8740248780303647,0.3291044281129306,0.05504989009364514,0.10044210869297143
30,50.3819,-4.1927,0.25,0.4766634968957768,2.036663496895777,2010-12-31 07:30:00+00:00,365.3125,0.3375413657176974,0.21011342733542945,0.6441549355797538,0.510772050704497,15.665399393357395,162.02528467630836,0.17730079437305368,19.625869972964306,3.2622925706029235,2.813830137134975,0.91066059538646,0.9040832441329748,0.9083628692170326,0.8556244169527925,0.8904177091632373,0.890233650700751,1.2221975286416151,0.7429525912800142,1.0337370346705936,0.9209576238529257,0.6933195609859296,0.9433316089784255,0.30123990478868945,0.04963303029408461,0.09040542569216814
31,50.3819,-4.1927,0.25,0.41198593465520106,1.9719859346552011,2010-12-31 07:45:00+00:00,365.3229166666667,0.3375413657176974,0.21011342733542945,0.6441549355797538,0.510772050704497,16.28339789062728,165.48530514765017,0.1764231973753307,19.45878672701576,3.415587770228552,3.0057647822556124,0.9517716009773188,0.9478466946051897,0.9500722100318368,0.9292566372231098,0.942318815750392,0.9427450589836962,1.2773726066977775,0.7789162806224355,1.0812031869684362,1.0002122048064144,0.7337321135030014,0.9989750585675098,0.27716040189136315,0.04518416711943407,0.08222812840092641
32,50.3819,-4.1927,0.25,0.3759193530577305,1.9359193530577306,2010-12-31 08:00:00+00:00,365.3333333333333,0.3375413657176974,0.21011342733542945,0.6441549355797538,0.510772050704497,16.765512665731023,168.97817844343103,0.17554742716525967,19.29263072260584,3.5276951206729814,3.139352994261614,0.9815762256067301,0.979897943197728,0.9807511749711946,0.9790982627911318,0.979292979232658,0.97994980547727,1.3173733915661496,0.8052551806630205,1.1161165275704257,1.0538596044628752,0.7625218719832508,1.0383988810031042,0.26351378710327444,0.042733308679769655,0.0777176465673215
33,50.3819,-4.1927,0.25,0.3716618238141265,1.9316618238141265,2010-12-31 08:15:00+00:00,365.34375,0.3375413657176974,0.21011342733542945,0.6441549355797538,0.510772050704497,17.108700060922512,172.49613351305854,0.17467348782631648,19.127400045969093,3.597770842923853,3.205946412106109,1.0,1.0,1.0,1.0,1.0,1.0,1.3420999380377792,0.8217745391272167,1.1380221161633652,1.0763573427845945,0.7786452963042154,1.059644968751606,0.26574259525318467,0.043129242823001235,0.07837714741175916
34,50.3819,-4.1927,0.25,0.40171684649490214,1.9617168464949022,2010-12-31 08:30:00+00:00,365.3541666666667,0.3375413657176974,0.21011342733542945,0.6441549355797538,0.510772050704497,17.310740008329013,176.03070461043905,0.17380138345073803,18.963092781313485,0.0,0.0,0.0,0.0,0.0,0.0,0.0,0.0,0.0,0.0,0.0,0.0,0.0,0.0,0.0,0.0,0.0
35,50.3819,-4.1927,0.25,0.4673391360506547,2.0273391360506547,2010-12-31 08:45:00+00:00,365.3645833333333,0.3375413657176974,0.21011342733542945,0.6441549355797538,0.510772050704497,17.37029673232012,179.57294589678156,0.17293111811039985,18.79970700525659,0.0,0.0,0.0,0.0,0.0,0.0,0.0,0.0,0.0,0.0,0.0,0.0,0.0,0.0,0.0,0.0,0.0
36,50.3819,-4.1927,0.25,0.5680719676299937,2.1280719676299937,2010-12-31 09:00:00+00:00,365.375,0.3375413657176974,0.21011342733542945,0.6441549355797538,0.510772050704497,17.286955987716716,183.1136724805105,0.17206269587090633,18.637240789447514,0.0,0.0,0.0,0.0,0.0,0.0,0.0,0.0,0.0,0.0,0.0,0.0,0.0,0.0,0.0,0.0,0.0
37,50.3819,-4.1927,0.25,0.7014898527318323,2.2614898527318323,2010-12-31 09:15:00+00:00,365.3854166666667,0.3375413657176974,0.21011342733542945,0.6441549355797538,0.510772050704497,17.061236272026314,186.64371483154125,0.17119612076229623,18.475692195059185,0.0,0.0,0.0,0.0,0.0,0.0,0.0,0.0,0.0,0.0,0.0,0.0,0.0,0.0,0.0,0.0,0.0
38,50.3819,-4.1927,0.25,0.8632230911798522,2.4232230911798522,2010-12-31 09:30:00+00:00,365.3958333333333,0.3375413657176974,0.21011342733542945,0.6441549355797538,0.510772050704497,16.694573220074787,190.15417207169466,0.17033139682361753,18.31505928109455,0.0,0.0,0.0,0.0,0.0,0.0,0.0,0.0,0.0,0.0,0.0,0.0,0.0,0.0,0.0,0.0,0.0
39,50.3819,-4.1927,0.25,1.047284007622053,2.607284007622053,2010-12-31 09:45:00+00:00,365.40625,0.3375413657176974,0.21011342733542945,0.6441549355797538,0.510772050704497,16.18927824144268,193.6366497237263,0.16946852808013657,18.155340100068813,0.0,0.0,0.0,0.0,0.0,0.0,0.0,0.0,0.0,0.0,0.0,0.0,0.0,0.0,0.0,0.0,0.0
40,50.3819,-4.1927,0.25,1.2466512126833273,2.8066512126833274,2010-12-31 10:00:00+00:00,365.4166666666667,0.3375413657176974,0.21011342733542945,0.6441549355797538,0.510772050704497,15.548474198357553,197.08346922251988,0.16860751852181655,17.996532694015304,0.0,0.0,0.0,0.0,0.0,0.0,0.0,0.0,0.0,0.0,0.0,0.0,0.0,0.0,0.0,0.0,0.0
41,50.3819,-4.1927,0.25,1.4540126430399707,3.0140126430399707,2010-12-31 10:15:00+00:00,365.4270833333333,0.3375413657176974,0.21011342733542945,0.6441549355797538,0.510772050704497,14.776012316531858,200.48783946028723,0.16774837214708987,17.838635102555404,0.0,0.0,0.0,0.0,0.0,0.0,0.0,0.0,0.0,0.0,0.0,0.0,0.0,0.0,0.0,0.0,0.0
42,50.3819,-4.1927,0.25,1.6625333538160878,3.222533353816088,2010-12-31 10:30:00+00:00,365.4375,0.3375413657176974,0.21011342733542945,0.6441549355797538,0.510772050704497,13.8763754466231,203.84398437132643,0.16689109294102705,17.681645358802747,0.0,0.0,0.0,0.0,0.0,0.0,0.0,0.0,0.0,0.0,0.0,0.0,0.0,0.0,0.0,0.0,0.0
43,50.3819,-4.1927,0.25,1.8665082794399468,3.426508279439947,2010-12-31 10:45:00+00:00,365.4479166666667,0.3375413657176974,0.21011342733542945,0.6441549355797538,0.510772050704497,12.854573189450802,207.14722458770075,0.1660356848527516,17.52556148521659,0.0,0.0,0.0,0.0,0.0,0.0,0.0,0.0,0.0,0.0,0.0,0.0,0.0,0.0,0.0,0.0,0.0
44,50.3819,-4.1927,0.25,2.061784847741695,3.621784847741695,2010-12-31 11:00:00+00:00,365.4583333333333,0.3375413657176974,0.21011342733542945,0.6441549355797538,0.510772050704497,11.71603427694839,210.39401488916113,0.16518215184058377,17.370381501835823,0.0,0.0,0.0,0.0,0.0,0.0,0.0,0.0,0.0,0.0,0.0,0.0,0.0,0.0,0.0,0.0,0.0
45,50.3819,-4.1927,0.25,2.245889758743018,3.8058897587430183,2010-12-31 11:15:00+00:00,365.46875,0.3375413657176974,0.21011342733542945,0.6441549355797538,0.510772050704497,10.466501063677686,213.5819421242133,0.16433049784855325,17.21610342192463,0.0,0.0,0.0,0.0,0.0,0.0,0.0,0.0,0.0,0.0,0.0,0.0,0.0,0.0,0.0,0.0,0.0
46,50.3819,-4.1927,0.25,2.4178569951485938,3.977856995148594,2010-12-31 11:30:00+00:00,365.4791666666667,0.3375413657176974,0.21011342733542945,0.6441549355797538,0.510772050704497,9.11193015025512,216.7096903687731,0.16348072678544745,17.06272524816739,0.0,0.0,0.0,0.0,0.0,0.0,0.0,0.0,0.0,0.0,0.0,0.0,0.0,0.0,0.0,0.0,0.0
47,50.3819,-4.1927,0.25,2.577815812125738,4.137815812125738,2010-12-31 11:45:00+00:00,365.4895833333333,0.3375413657176974,0.21011342733542945,0.6441549355797538,0.510772050704497,7.658402172524264,219.7769811693963,0.1626328425684574,16.910244980542465,0.0,0.0,0.0,0.0,0.0,0.0,0.0,0.0,0.0,0.0,0.0,0.0,0.0,0.0,0.0,0.0,0.0
48,50.3819,-4.1927,0.25,2.7264440514648283,4.286444051464828,2010-12-31 12:00:00+00:00,365.5,0.3375413657176974,0.21011342733542945,0.6441549355797538,0.510772050704497,6.112042789478018,222.78449689798288,0.16178684910129199,16.758660612303075,0.0,0.0,0.0,0.0,0.0,0.0,0.0,0.0,0.0,0.0,0.0,0.0,0.0,0.0,0.0,0.0,0.0
49,50.3819,-4.1927,0.25,2.8644134751739574,4.424413475173957,2010-12-31 12:15:00+00:00,365.5104166666667,0.3375413657176974,0.21011342733542945,0.6441549355797538,0.510772050704497,4.47895596876308,225.7337948035689,0.16094275025151195,16.60797012590527,0.0,0.0,0.0,0.0,0.0,0.0,0.0,0.0,0.0,0.0,0.0,0.0,0.0,0.0,0.0,0.0,0.0
50,50.3819,-4.1927,0.25,2.9919458348176016,4.551945834817602,2010-12-31 12:30:00+00:00,365.5208333333333,0.3375413657176974,0.21011342733542945,0.6441549355797538,0.510772050704497,2.765169880317271,228.6272184210664,0.16010054989552902,16.458171501038947,0.0,0.0,0.0,0.0,0.0,0.0,0.0,0.0,0.0,0.0,0.0,0.0,0.0,0.0,0.0,0.0,0.0
51,50.3819,-4.1927,0.25,3.1085640551943814,4.6685640551943814,2010-12-31 12:45:00+00:00,365.53125,0.3375413657176974,0.21011342733542945,0.6441549355797538,0.510772050704497,0.9765951092374476,231.46781180613476,0.15926025189573007,16.30926271047502,0.0,0.0,0.0,0.0,0.0,0.0,0.0,0.0,0.0,0.0,0.0,0.0,0.0,0.0,0.0,0.0,0.0
52,50.3819,-4.1927,0.25,3.2130713261504984,4.7730713261504985,2010-12-31 13:00:00+00:00,365.5416666666667,0.3375413657176974,0.21011342733542945,0.6441549355797538,0.510772050704497,-0.8810055360256748,234.2592408837811,0.1584218600791445,16.16124171627501,0.0,0.0,0.0,0.0,0.0,0.0,0.0,0.0,0.0,0.0,0.0,0.0,0.0,0.0,0.0,0.0,0.0
53,50.3819,-4.1927,0.25,3.3037350162466157,4.863735016246616,2010-12-31 13:15:00+00:00,365.5520833333333,0.3375413657176974,0.21011342733542945,0.6441549355797538,0.510772050704497,-2.8020366044667466,237.00572506436805,0.15758537828075736,16.014106477434538,0.0,0.0,0.0,0.0,0.0,0.0,0.0,0.0,0.0,0.0,0.0,0.0,0.0,0.0,0.0,0.0,0.0
54,50.3819,-4.1927,0.25,3.378605699663767,4.938605699663767,2010-12-31 13:30:00+00:00,365.5625,0.3375413657176974,0.21011342733542945,0.6441549355797538,0.510772050704497,-4.781080060602356,239.7119812842521,0.1567508103217854,15.867854945980081,0.0,0.0,0.0,0.0,0.0,0.0,0.0,0.0,0.0,0.0,0.0,0.0,0.0,0.0,0.0,0.0,0.0
55,50.3819,-4.1927,0.25,3.435875043127077,4.995875043127077,2010-12-31 13:45:00+00:00,365.5729166666667,0.3375413657176974,0.21011342733542945,0.6441549355797538,0.510772050704497,-6.812896919185402,242.38318189321066,0.15591815998806507,15.722485063170968,0.0,0.0,0.0,0.0,0.0,0.0,0.0,0.0,0.0,0.0,0.0,0.0,0.0,0.0,0.0,0.0,0.0
56,50.3819,-4.1927,0.25,3.474175377243562,5.034175377243562,2010-12-31 14:00:00+00:00,365.5833333333333,0.3375413657176974,0.21011342733542945,0.6441549355797538,0.510772050704497,-8.8924214727964,245.02492726056855,0.1550874310732468,15.577994767037055,0.0,0.0,0.0,0.0,0.0,0.0,0.0,0.0,0.0,0.0,0.0,0.0,0.0,0.0,0.0,0.0,0.0
57,50.3819,-4.1927,0.25,3.492747453021583,5.052747453021583,2010-12-31 14:15:00+00:00,365.59375,0.3375413657176974,0.21011342733542945,0.6441549355797538,0.510772050704497,-11.0147489687188,247.6432335973536,0.15425862735711204,15.434381988525912,0.0,0.0,0.0,0.0,0.0,0.0,0.0,0.0,0.0,0.0,0.0,0.0,0.0,0.0,0.0,0.0,0.0
58,50.3819,-4.1927,0.25,3.49144404953686,5.05144404953686,2010-12-31 14:30:00+00:00,365.6041666666667,0.3375413657176974,0.21011342733542945,0.6441549355797538,0.510772050704497,-13.175117415763786,250.24453635152165,0.1534317525841632,15.29164464778231,0.0,0.0,0.0,0.0,0.0,0.0,0.0,0.0,0.0,0.0,0.0,0.0,0.0,0.0,0.0,0.0,0.0
59,50.3819,-4.1927,0.25,3.470584447448449,5.030584447448449,2010-12-31 14:45:00+00:00,365.6145833333333,0.3375413657176974,0.21011342733542945,0.6441549355797538,0.510772050704497,-15.36888398664466,252.83570951494087,0.15260681050670383,15.14978066158121,0.0,0.0,0.0,0.0,0.0,0.0,0.0,0.0,0.0,0.0,0.0,0.0,0.0,0.0,0.0,0.0,0.0
60,50.3819,-4.1927,0.25,3.4307157974615996,4.9907157974616,2010-12-31 15:00:00+00:00,365.625,0.3375413657176974,0.21011342733542945,0.6441549355797538,0.510772050704497,-17.591496229933085,255.4241012548672,0.15178380486280713,15.008787939458085,0.0,0.0,0.0,0.0,0.0,0.0,0.0,0.0,0.0,0.0,0.0,0.0,0.0,0.0,0.0,0.0,0.0
61,50.3819,-4.1927,0.25,3.3723615484006806,4.932361548400681,2010-12-31 15:15:00+00:00,365.6354166666667,0.3375413657176974,0.21011342733542945,0.6441549355797538,0.510772050704497,-19.83845806689472,258.01758650035015,0.15096273935541088,14.868664380117679,0.0,0.0,0.0,0.0,0.0,0.0,0.0,0.0,0.0,0.0,0.0,0.0,0.0,0.0,0.0,0.0,0.0
62,50.3819,-4.1927,0.25,3.2958384583268363,4.855838458326836,2010-12-31 15:30:00+00:00,365.6458333333333,0.3375413657176974,0.21011342733542945,0.6441549355797538,0.510772050704497,-22.10529027906594,260.62463735999495,0.1501436176950653,14.72940787872563,0.0,0.0,0.0,0.0,0.0,0.0,0.0,0.0,0.0,0.0,0.0,0.0,0.0,0.0,0.0,0.0,0.0
63,50.3819,-4.1927,0.25,3.2012024656522526,4.761202465652253,2010-12-31 15:45:00+00:00,365.65625,0.3375413657176974,0.21011342733542945,0.6441549355797538,0.510772050704497,-24.38748488555372,263.2544124848599,0.1493264435782019,14.59101632313361,0.0,0.0,0.0,0.0,0.0,0.0,0.0,0.0,0.0,0.0,0.0,0.0,0.0,0.0,0.0,0.0,0.0
64,50.3819,-4.1927,0.25,3.0883459509222715,4.6483459509222715,2010-12-31 16:00:00+00:00,365.6666666666667,0.3375413657176974,0.21011342733542945,0.6441549355797538,0.510772050704497,-26.68045250710466,265.91686675010436,0.14851122066610534,14.453487590308042,0.0,0.0,0.0,0.0,0.0,0.0,0.0,0.0,0.0,0.0,0.0,0.0,0.0,0.0,0.0,0.0,0.0
65,50.3819,-4.1927,0.25,2.957225060537923,4.517225060537923,2010-12-31 16:15:00+00:00,365.6770833333333,0.3375413657176974,0.21011342733542945,0.6441549355797538,0.510772050704497,-28.979461464422187,268.6228827552893,0.14769795262730123,14.316819553477712,0.0,0.0,0.0,0.0,0.0,0.0,0.0,0.0,0.0,0.0,0.0,0.0,0.0,0.0,0.0,0.0,0.0
66,50.3819,-4.1927,0.25,2.8081577051509172,4.368157705150917,2010-12-31 16:30:00+00:00,365.6875,0.3375413657176974,0.21011342733542945,0.6441549355797538,0.510772050704497,-31.27956695363332,271.3844255189073,0.14688664311631322,14.181010078484512,0.0,0.0,0.0,0.0,0.0,0.0,0.0,0.0,0.0,0.0,0.0,0.0,0.0,0.0,0.0,0.0,0.0
67,50.3819,-4.1927,0.25,2.642110888522421,4.202110888522421,2010-12-31 16:45:00+00:00,365.6979166666667,0.3375413657176974,0.21011342733542945,0.6441549355797538,0.510772050704497,-33.575528232578414,274.214721266046,0.1460772957526888,14.046057020262031,0.0,0.0,0.0,0.0,0.0,0.0,0.0,0.0,0.0,0.0,0.0,0.0,0.0,0.0,0.0,0.0,0.0
68,50.3819,-4.1927,0.25,2.460896200753257,4.020896200753257,2010-12-31 17:00:00+00:00,365.7083333333333,0.3375413657176974,0.21011342733542945,0.6441549355797538,0.510772050704497,-35.86171129938852,277.12846000273686,0.14526991416273477,13.91195822979169,0.0,0.0,0.0,0.0,0.0,0.0,0.0,0.0,0.0,0.0,0.0,0.0,0.0,0.0,0.0,0.0,0.0
69,50.3819,-4.1927,0.25,2.267214738350217,3.827214738350217,2010-12-31 17:15:00+00:00,365.71875,0.3375413657176974,0.21011342733542945,0.6441549355797538,0.510772050704497,-38.13197408087468,280.14201916586137,0.14446450195201876,13.778711549463972,0.0,0.0,0.0,0.0,0.0,0.0,0.0,0.0,0.0,0.0,0.0,0.0,0.0,0.0,0.0,0.0,0.0
70,50.3819,-4.1927,0.25,2.0645316120707333,3.6245316120707334,2010-12-31 17:30:00+00:00,365.7291666666667,0.3375413657176974,0.21011342733542945,0.6441549355797538,0.510772050704497,-40.379530800571246,283.27370141422324,0.14366106271889556,13.646314815294359,0.0,0.0,0.0,0.0,0.0,0.0,0.0,0.0,0.0,0.0,0.0,0.0,0.0,0.0,0.0,0.0,0.0
71,50.3819,-4.1927,0.25,1.856805307422789,3.416805307422789,2010-12-31 17:45:00+00:00,365.7395833333333,0.3375413657176974,0.21011342733542945,0.6441549355797538,0.510772050704497,-42.59679202814782,286.54397236596645,0.14285960002658454,13.51476585229671,0.0,0.0,0.0,0.0,0.0,0.0,0.0,0.0,0.0,0.0,0.0,0.0,0.0,0.0,0.0,0.0,0.0
72,50.3819,-4.1927,0.25,1.6481364393266964,3.2081364393266965,2010-12-31 18:00:00+00:00,365.75,0.3375413657176974,0.21011342733542945,0.6441549355797538,0.510772050704497,-44.775177252657414,289.9756723585755,0.14206011744534974,13.38406248140388,0.0,0.0,0.0,0.0,0.0,0.0,0.0,0.0,0.0,0.0,0.0,0.0,0.0,0.0,0.0,0.0,0.0
73,50.3819,-4.1927,0.25,1.4424232217709112,3.0024232217709113,2010-12-31 18:15:00+00:00,365.7604166666667,0.3375413657176974,0.21011342733542945,0.6441549355797538,0.510772050704497,-46.90489804111054,293.5941578512042,0.14126261853106287,13.254202515885131,0.0,0.0,0.0,0.0,0.0,0.0,0.0,0.0,0.0,0.0,0.0,0.0,0.0,0.0,0.0,0.0,0.0
74,50.3819,-4.1927,0.25,1.2431106647032708,2.803110664703271,2010-12-31 18:30:00+00:00,365.7708333333333,0.3375413657176974,0.21011342733542945,0.6441549355797538,0.510772050704497,-48.97471274422294,297.42730049075317,0.14046710680498997,13.125183758045557,0.0,0.0,0.0,0.0,0.0,0.0,0.0,0.0,0.0,0.0,0.0,0.0,0.0,0.0,0.0,0.0,0.0
75,50.3819,-4.1927,0.25,1.053096626202934,2.613096626202934,2010-12-31 18:45:00+00:00,365.78125,0.3375413657176974,0.21011342733542945,0.6441549355797538,0.510772050704497,-50.971659349052445,301.50523261378277,0.13967358579474398,12.997004005865033,0.0,0.0,0.0,0.0,0.0,0.0,0.0,0.0,0.0,0.0,0.0,0.0,0.0,0.0,0.0,0.0,0.0
76,50.3819,-4.1927,0.25,0.8748159400011546,2.4348159400011546,2010-12-31 19:00:00+00:00,365.7916666666667,0.3375413657176974,0.21011342733542945,0.6441549355797538,0.510772050704497,-52.880783029669495,305.85967650560826,0.1388820590137787,12.869661049609592,0.0,0.0,0.0,0.0,0.0,0.0,0.0,0.0,0.0,0.0,0.0,0.0,0.0,0.0,0.0,0.0,0.0
77,50.3819,-4.1927,0.25,0.7104744649490926,2.2704744649490927,2010-12-31 19:15:00+00:00,365.8020833333333,0.3375413657176974,0.21011342733542945,0.6441549355797538,0.510772050704497,-54.68489115272704,310.5226362938615,0.13809252994076182,12.7431526685038,0.0,0.0,0.0,0.0,0.0,0.0,0.0,0.0,0.0,0.0,0.0,0.0,0.0,0.0,0.0,0.0,0.0
78,50.3819,-4.1927,0.25,0.5623608243921416,2.1223608243921417,2010-12-31 19:30:00+00:00,365.8125,0.3375413657176974,0.21011342733542945,0.6441549355797538,0.510772050704497,-56.36439250045592,315.5241834247043,0.13730500206099988,12.617476637365964,0.0,0.0,0.0,0.0,0.0,0.0,0.0,0.0,0.0,0.0,0.0,0.0,0.0,0.0,0.0,0.0,0.0
79,50.3819,-4.1927,0.25,0.4331366335265434,1.9931366335265435,2010-12-31 19:45:00+00:00,365.8229166666667,0.3375413657176974,0.21011342733542945,0.6441549355797538,0.510772050704497,-57.89730892395004,320.88906922552235,0.1365194788449916,12.492630723109894,0.0,0.0,0.0,0.0,0.0,0.0,0.0,0.0,0.0,0.0,0.0,0.0,0.0,0.0,0.0,0.0,0.0
80,50.3819,-4.1927,0.25,0.3260039402524433,1.8860039402524433,2010-12-31 20:00:00+00:00,365.8333333333333,0.3375413657176974,0.21011342733542945,0.6441549355797538,0.510772050704497,-59.25958104897548,326.63202163985824,0.1357359637289769,12.36861268164568,0.0,0.0,0.0,0.0,0.0,0.0,0.0,0.0,0.0,0.0,0.0,0.0,0.0,0.0,0.0,0.0,0.0
81,50.3819,-4.1927,0.25,0.2446730994099564,1.8046730994099565,2010-12-31 20:15:00+00:00,365.84375,0.3375413657176974,0.21011342733542945,0.6441549355797538,0.510772050704497,-60.42580980641374,332.7519194622249,0.13495446015537926,12.245420264278437,0.0,0.0,0.0,0.0,0.0,0.0,0.0,0.0,0.0,0.0,0.0,0.0,0.0,0.0,0.0,0.0,0.0
82,50.3819,-4.1927,0.25,0.19310037007172154,1.7531003700717216,2010-12-31 20:30:00+00:00,365.8541666666667,0.3375413657176974,0.21011342733542945,0.6441549355797538,0.510772050704497,-61.37055477189006,339.2256455152003,0.134174971545151,12.123051213281231,0.0,0.0,0.0,0.0,0.0,0.0,0.0,0.0,0.0,0.0,0.0,0.0,0.0,0.0,0.0,0.0,0.0
83,50.3819,-4.1927,0.25,0.17502152404910198,1.735021524049102,2010-12-31 20:45:00+00:00,365.8645833333333,0.3375413657176974,0.21011342733542945,0.6441549355797538,0.510772050704497,-62.07021452771164,346.0032082451249,0.13339750131208544,12.00150326412349,0.0,0.0,0.0,0.0,0.0,0.0,0.0,0.0,0.0,0.0,0.0,0.0,0.0,0.0,0.0,0.0,0.0
84,50.3819,-4.1927,0.25,0.19336199587439507,1.7533619958743951,2010-12-31 21:00:00+00:00,365.875,0.3375413657176974,0.21011342733542945,0.6441549355797538,0.510772050704497,-62.5053273044473,353.0063123092364,0.1326220528353385,11.880774141150892,0.0,0.0,0.0,0.0,0.0,0.0,0.0,0.0,0.0,0.0,0.0,0.0,0.0,0.0,0.0,0.0,0.0
85,50.3819,-4.1927,0.25,0.24964210568769474,1.8096421056876948,2010-12-31 21:15:00+00:00,365.8854166666667,0.3375413657176974,0.21011342733542945,0.6441549355797538,0.510772050704497,-62.662893102892,0.1323315654008474,0.13184862949989945,11.760861563885527,0.0,0.0,0.0,0.0,0.0,0.0,0.0,0.0,0.0,0.0,0.0,0.0,0.0,0.0,0.0,0.0,0.0
86,50.3819,-4.1927,0.25,0.3435077492402214,1.9035077492402215,2010-12-31 21:30:00+00:00,365.8958333333333,0.3375413657176974,0.21011342733542945,0.6441549355797538,0.510772050704497,-62.538149463101085,7.2641508796315515,0.13107723467619892,11.641763243791539,0.0,0.0,0.0,0.0,0.0,0.0,0.0,0.0,0.0,0.0,0.0,0.0,0.0,0.0,0.0,0.0,0.0
87,50.3819,-4.1927,0.25,0.47249884561807365,2.0324988456180737,2010-12-31 21:45:00+00:00,365.90625,0.3375413657176974,0.21011342733542945,0.6441549355797538,0.510772050704497,-62.13527481667191,14.283984626562004,0.13030787170060254,11.523476881256201,0.0,0.0,0.0,0.0,0.0,0.0,0.0,0.0,0.0,0.0,0.0,0.0,0.0,0.0,0.0,0.0,0.0
88,50.3819,-4.1927,0.25,0.6321230359101997,2.1921230359101997,2010-12-31 22:00:00+00:00,365.9166666666667,0.3375413657176974,0.21011342733542945,0.6441549355797538,0.510772050704497,-61.46679111639085,21.087387406665123,0.12954054391476505,11.406000171639585,0.0,0.0,0.0,0.0,0.0,0.0,0.0,0.0,0.0,0.0,0.0,0.0,0.0,0.0,0.0,0.0,0.0
89,50.3819,-4.1927,0.25,0.8162403783700878,2.376240378370088,2010-12-31 22:15:00+00:00,365.9270833333333,0.3375413657176974,0.21011342733542945,0.6441549355797538,0.510772050704497,-60.55185930236523,27.593575978050588,0.12877525464631456,11.289330802246049,0.0,0.0,0.0,0.0,0.0,0.0,0.0,0.0,0.0,0.0,0.0,0.0,0.0,0.0,0.0,0.0,0.0
90,50.3819,-4.1927,0.25,1.017699972935155,2.577699972935155,2010-12-31 22:30:00+00:00,365.9375,0.3375413657176974,0.21011342733542945,0.6441549355797538,0.510772050704497,-59.41397761402132,33.749952885322514,0.12801200718802574,11.173466449142214,0.0,0.0,0.0,0.0,0.0,0.0,0.0,0.0,0.0,0.0,0.0,0.0,0.0,0.0,0.0,0.0,0.0
91,50.3819,-4.1927,0.25,1.2291163969407646,2.7891163969407646,2010-12-31 22:45:00+00:00,365.9479166666667,0.3375413657176974,0.21011342733542945,0.6441549355797538,0.510772050704497,-58.078657487320015,39.531103699071544,0.12725080483873946,11.058404783369552,0.0,0.0,0.0,0.0,0.0,0.0,0.0,0.0,0.0,0.0,0.0,0.0,0.0,0.0,0.0,0.0,0.0
92,50.3819,-4.1927,0.25,1.4436447157937704,3.0036447157937705,2010-12-31 23:00:00+00:00,365.9583333333333,0.3375413657176974,0.21011342733542945,0.6441549355797538,0.510772050704497,-56.57149577241511,44.93413924563469,0.12649165087568776,10.94414346669622,0.0,0.0,0.0,0.0,0.0,0.0,0.0,0.0,0.0,0.0,0.0,0.0,0.0,0.0,0.0,0.0,0.0
93,50.3819,-4.1927,0.25,1.6556142772968312,3.2156142772968312,2010-12-31 23:15:00+00:00,365.96875,0.3375413657176974,0.21011342733542945,0.6441549355797538,0.510772050704497,-54.916824858065745,49.97258663896542,0.125734548568589,10.830680153723186,0.0,0.0,0.0,0.0,0.0,0.0,0.0,0.0,0.0,0.0,0.0,0.0,0.0,0.0,0.0,0.0,0.0
94,50.3819,-4.1927,0.25,1.8609130865312973,3.4209130865312973,2010-12-31 23:30:00+00:00,365.9791666666667,0.3375413657176974,0.21011342733542945,0.6441549355797538,0.510772050704497,-53.13692796253476,54.67048917048364,0.12497950115276091,10.718012487833564,0.0,0.0,0.0,0.0,0.0,0.0,0.0,0.0,0.0,0.0,0.0,0.0,0.0,0.0,0.0,0.0,0.0
95,50.3819,-4.1927,0.25,2.057068800835337,3.617068800835337,2010-12-31 23:45:00+00:00,365.9895833333333,0.3375413657176974,0.21011342733542945,0.6441549355797538,0.510772050704497,-51.25170308401222,59.05758462762344,0.12422651186865413,10.606138107093686,0.0,0.0,0.0,0.0,0.0,0.0,0.0,0.0,0.0,0.0,0.0,0.0,0.0,0.0,0.0,0.0,0.0
96,50.3819,-4.1927,0.25,2.2430367320177402,3.8030367320177403,2011-01-01 00:00:00+00:00,1.0,0.3375413657176974,0.21011342733542945,0.6441549355797538,0.510772050704497,-49.27863316292722,63.165799573436075,0.1234755839424036,10.49505464129504,0.0,0.0,0.0,0.0,0.0,0.0,0.0,0.0,0.0,0.0,0.0,0.0,0.0,0.0,0.0,0.0,0.0
97,50.3819,-4.1927,0.25,2.4187649175994843,3.9787649175994844,2011-01-01 00:15:00+00:00,1.0104166666666667,0.3375413657176974,0.21011342733542945,0.6441549355797538,0.510772050704497,-47.232937951409525,67.02693723980772,0.12272672056591355,10.384759709003315,0.0,0.0,0.0,0.0,0.0,0.0,0.0,0.0,0.0,0.0,0.0,0.0,0.0,0.0,0.0,0.0,0.0
98,50.3819,-4.1927,0.25,2.5846480013897186,4.144648001389719,2011-01-01 00:30:00+00:00,1.0208333333333333,0.3375413657176974,0.21011342733542945,0.6441549355797538,0.510772050704497,-45.12781623531945,70.67129751091093,0.12197992493606397,10.275250923335422,0.0,0.0,0.0,0.0,0.0,0.0,0.0,0.0,0.0,0.0,0.0,0.0,0.0,0.0,0.0,0.0,0.0
99,50.3819,-4.1927,0.25,2.740996497516772,4.300996497516772,2011-01-01 00:45:00+00:00,1.03125,0.3375413657176974,0.21011342733542945,0.6441549355797538,0.510772050704497,-42.97471907540325,74.1269572619632,0.1212352002287147,10.166525888086897,0.0,0.0,0.0,0.0,0.0,0.0,0.0,0.0,0.0,0.0,0.0,0.0,0.0,0.0,0.0,0.0,0.0
100,50.3819,-4.1927,0.25,2.8876337213471435,4.4476337213471435,2011-01-01 01:00:00+00:00,1.0416666666666667,0.3375413657176974,0.21011342733542945,0.6441549355797538,0.510772050704497,-40.783619550972794,77.41948461662173,0.12049254961151712,10.058582199588416,0.0,0.0,0.0,0.0,0.0,0.0,0.0,0.0,0.0,0.0,0.0,0.0,0.0,0.0,0.0,0.0,0.0
101,50.3819,-4.1927,0.25,3.023693890913886,4.583693890913886,2011-01-01 01:15:00+00:00,1.0520833333333333,0.3375413657176974,0.21011342733542945,0.6441549355797538,0.510772050704497,-38.56326131513408,80.57191926298039,0.11975197621837064,9.951417442975345,0.0,0.0,0.0,0.0,0.0,0.0,0.0,0.0,0.0,0.0,0.0,0.0,0.0,0.0,0.0,0.0,0.0
102,50.3819,-4.1927,0.25,3.1476419047780753,4.707641904778075,2011-01-01 01:30:00+00:00,1.0625,0.3375413657176974,0.21011342733542945,0.6441549355797538,0.510772050704497,-36.321378710371576,83.60490335493127,0.11901348318771127,9.845029197731597,0.0,0.0,0.0,0.0,0.0,0.0,0.0,0.0,0.0,0.0,0.0,0.0,0.0,0.0,0.0,0.0,0.0
103,50.3819,-4.1927,0.25,3.2574813966570635,4.8174813966570635,2011-01-01 01:45:00+00:00,1.0729166666666667,0.3375413657176974,0.21011342733542945,0.6441549355797538,0.510772050704497,-34.06488716835381,86.53688789286763,0.11827707364324008,9.739415034849275,0.0,0.0,0.0,0.0,0.0,0.0,0.0,0.0,0.0,0.0,0.0,0.0,0.0,0.0,0.0,0.0,0.0
104,50.3819,-4.1927,0.25,3.3510758240197664,4.9110758240197665,2011-01-01 02:00:00+00:00,1.0833333333333333,0.3375413657176974,0.21011342733542945,0.6441549355797538,0.510772050704497,-31.800045661566628,89.3843681128293,0.11754275067503878,9.634572514118325,0.0,0.0,0.0,0.0,0.0,0.0,0.0,0.0,0.0,0.0,0.0,0.0,0.0,0.0,0.0,0.0,0.0
105,50.3819,-4.1927,0.25,3.426487088091425,4.986487088091425,2011-01-01 02:15:00+00:00,1.09375,0.3375413657176974,0.21011342733542945,0.6441549355797538,0.510772050704497,-29.53259431657254,92.16212055833257,0.11681051737777343,9.53049918958529,0.0,0.0,0.0,0.0,0.0,0.0,0.0,0.0,0.0,0.0,0.0,0.0,0.0,0.0,0.0,0.0,0.0
106,50.3819,-4.1927,0.25,3.4822413140443813,5.042241314044381,2011-01-01 02:30:00+00:00,1.1041666666666667,0.3375413657176974,0.21011342733542945,0.6441549355797538,0.510772050704497,-27.2678706976073,94.88342676245288,0.11608037682459782,9.427192605787816,0.0,0.0,0.0,0.0,0.0,0.0,0.0,0.0,0.0,0.0,0.0,0.0,0.0,0.0,0.0,0.0,0.0
107,50.3819,-4.1927,0.25,3.517459269530281,5.077459269530281,2011-01-01 02:45:00+00:00,1.1145833333333333,0.3375413657176974,0.21011342733542945,0.6441549355797538,0.510772050704497,-25.010908108382438,97.56027607185152,0.11535233208078977,9.324650299673872,0.0,0.0,0.0,0.0,0.0,0.0,0.0,0.0,0.0,0.0,0.0,0.0,0.0,0.0,0.0,0.0,0.0
108,50.3819,-4.1927,0.25,3.5318311722564038,5.091831172256404,2011-01-01 03:00:00+00:00,1.125,0.3375413657176974,0.21011342733542945,0.6441549355797538,0.510772050704497,-22.76651892059086,100.20354460629176,0.11462638617780974,9.222869796932553,0.0,0.0,0.0,0.0,0.0,0.0,0.0,0.0,0.0,0.0,0.0,0.0,0.0,0.0,0.0,0.0,0.0
109,50.3819,-4.1927,0.25,3.5254606928167322,5.085460692816732,2011-01-01 03:15:00+00:00,1.1354166666666667,0.3375413657176974,0.21011342733542945,0.6441549355797538,0.510772050704497,-20.53936546222536,102.82314988918166,0.1139025421511945,9.12184861731391,0.0,0.0,0.0,0.0,0.0,0.0,0.0,0.0,0.0,0.0,0.0,0.0,0.0,0.0,0.0,0.0,0.0
110,50.3819,-4.1927,0.25,3.498638833832851,5.058638833832851,2011-01-01 03:30:00+00:00,1.1458333333333333,0.3375413657176974,0.21011342733542945,0.6441549355797538,0.510772050704497,-18.334020570664126,105.42818195843175,0.11318080302183547,9.021584271956293,0.0,0.0,0.0,0.0,0.0,0.0,0.0,0.0,0.0,0.0,0.0,0.0,0.0,0.0,0.0,0.0,0.0
111,50.3819,-4.1927,0.25,3.4516258755919442,5.011625875591944,2011-01-01 03:45:00+00:00,1.15625,0.3375413657176974,0.21011342733542945,0.6441549355797538,0.510772050704497,-16.155019457863734,108.02701235671576,0.11246117177719356,8.92207426077768,0.0,0.0,0.0,0.0,0.0,0.0,0.0,0.0,0.0,0.0,0.0,0.0,0.0,0.0,0.0,0.0,0.0
112,50.3819,-4.1927,0.25,3.3845146036026645,4.944514603602665,2011-01-01 04:00:00+00:00,1.1666666666666667,0.3375413657176974,0.21011342733542945,0.6441549355797538,0.510772050704497,-14.006904141243183,110.62738254422344,0.11174365140847164,8.823316077623744,0.0,0.0,0.0,0.0,0.0,0.0,0.0,0.0,0.0,0.0,0.0,0.0,0.0,0.0,0.0,0.0,0.0
113,50.3819,-4.1927,0.25,3.297222510549956,4.857222510549956,2011-01-01 04:15:00+00:00,1.1770833333333333,0.3375413657176974,0.21011342733542945,0.6441549355797538,0.510772050704497,-11.89426136287273,113.23647317051308,0.1110282448922923,8.725307207688614,0.0,0.0,0.0,0.0,0.0,0.0,0.0,0.0,0.0,0.0,0.0,0.0,0.0,0.0,0.0,0.0,0.0
114,50.3819,-4.1927,0.25,3.189621945863799,4.749621945863799,2011-01-01 04:30:00+00:00,1.1875,0.3375413657176974,0.21011342733542945,0.6441549355797538,0.510772050704497,-9.821754578913941,115.86095546834554,0.1103149551717692,8.62804512492418,0.0,0.0,0.0,0.0,0.0,0.0,0.0,0.0,0.0,0.0,0.0,0.0,0.0,0.0,0.0,0.0,0.0
115,50.3819,-4.1927,0.25,3.0617760904460956,4.621776090446096,2011-01-01 04:45:00+00:00,1.1979166666666667,0.3375413657176974,0.21011342733542945,0.6441549355797538,0.510772050704497,-7.79415031476957,118.50702580909741,0.10960378519384456,8.531527297140995,0.0,0.0,0.0,0.0,0.0,0.0,0.0,0.0,0.0,0.0,0.0,0.0,0.0,0.0,0.0,0.0,0.0
116,50.3819,-4.1927,0.25,2.9142164813414966,4.474216481341497,2011-01-01 05:00:00+00:00,1.2083333333333333,0.3375413657176974,0.21011342733542945,0.6441549355797538,0.510772050704497,-5.816338944058467,121.18042423541694,0.10889473788455395,8.435751182601564,0.0,0.0,0.0,0.0,0.0,0.0,0.0,0.0,0.0,0.0,0.0,0.0,0.0,0.0,0.0,0.0,0.0
117,50.3819,-4.1927,0.25,2.7481835077337693,4.308183507733769,2011-01-01 05:15:00+00:00,1.21875,0.3375413657176974,0.21011342733542945,0.6441549355797538,0.510772050704497,-3.893349683947227,123.88643767220395,0.10818781616089401,8.340714231618385,0.0,0.0,0.0,0.0,0.0,0.0,0.0,0.0,0.0,0.0,0.0,0.0,0.0,0.0,0.0,0.0,0.0
118,50.3819,-4.1927,0.25,2.5657589033155026,4.125758903315503,2011-01-01 05:30:00+00:00,1.2291666666666667,0.3375413657176974,0.21011342733542945,0.6441549355797538,0.510772050704497,-2.030359409355436,126.62988844360703,0.10748302290692086,8.246413883332579,0.0,0.0,0.0,0.0,0.0,0.0,0.0,0.0,0.0,0.0,0.0,0.0,0.0,0.0,0.0,0.0,0.0
119,50.3819,-4.1927,0.25,2.3698469297726246,3.9298469297726246,2011-01-01 05:45:00+00:00,1.2395833333333333,0.3375413657176974,0.21011342733542945,0.6441549355797538,0.510772050704497,-0.23269468354831344,129.41510881149708,0.10678036101031618,8.152847570617462,0.0,0.0,0.0,0.0,0.0,0.0,0.0,0.0,0.0,0.0,0.0,0.0,0.0,0.0,0.0,0.0,0.0
120,50.3819,-4.1927,0.25,2.1640013964232927,3.7240013964232928,2011-01-01 06:00:00+00:00,1.25,0.3375413657176974,0.21011342733542945,0.6441549355797538,0.510772050704497,1.494173717430489,132.24590242761715,0.10607983334349902,8.060012717511375,0.07283862097005224,0.030832017626063787,0.014795985491551662,0.020531212758954795,0.02782142658578607,0.004577059260236775,0.01375181775440971,0.014392746011177727,0.019857691211419365,0.016872027902712906,0.03166139875783997,0.004926551343116078,0.010707788210103918,0.015251200897264226,0.014931139868303286,0.006164239692608988,0.016410197860575744
121,50.3819,-4.1927,0.25,1.9521380097410188,3.512138009741019,2011-01-01 06:15:00+00:00,1.2604166666666667,0.3375413657176974,0.21011342733542945,0.6441549355797538,0.510772050704497,3.1446446274785798,135.12549397855412,0.10538144274606465,7.967906736898158,0.16035921103202766,0.07383926803065734,0.03595092318994517,0.04361839765100207,0.05930277878394223,0.012747413973817918,0.03054555213366641,0.03295314446031866,0.048249731785626374,0.03584448862711989,0.06748787380606985,0.013720772632233862,0.023784150491894543,0.03491863373192153,0.03452895915339251,0.012060338135225349,0.032569240074148326
122,50.3819,-4.1927,0.25,1.7382042389838457,3.2982042389838457,2011-01-01 06:30:00+00:00,1.2708333333333333,0.3375413657176974,0.21011342733542945,0.6441549355797538,0.510772050704497,4.71300952806775,138.05646883696082,0.10468519206068228,7.876527035254841,0.25339805670646515,0.12703026411523727,0.062216992380110664,0.06772003875799928,0.0879976210747055,0.02532034715608153,0.0496040529738467,0.052559812195289844,0.0835014216182435,0.05565060364003211,0.10014323895277831,0.02725374158330338,0.03862396252571086,0.05569474055126819,0.05624768003494013,0.01702664111432125,0.04444849840151012
123,50.3819,-4.1927,0.25,1.5258926312817191,3.085892631281719,2011-01-01 06:45:00+00:00,1.28125,0.3375413657176974,0.21011342733542945,0.6441549355797538,0.510772050704497,6.193485591153336,141.0407052075664,0.10399108411531349,7.785871010268807,0.35296527686898865,0.19251584435555527,0.09212621876039866,0.09414085557533075,0.11506383842958504,0.04298715309948942,0.07210274082620374,0.07383206049282134,0.12364259248998592,0.07736255820345929,0.13094519290351592,0.04626953788404097,0.05614245999496546,0.07823577143378237,0.07737305460594496,0.021220098208493826,0.05270942146973355
124,50.3819,-4.1927,0.25,1.318473945764978,2.878473945764978,2011-01-01 07:00:00+00:00,1.2916666666666667,0.3375413657176974,0.21011342733542945,0.6441549355797538,0.510772050704497,7.5802593680704975,144.07930211812004,0.10329912170482808,7.695936048445515,0.45680766471816725,0.27055419033711636,0.12360181293261945,0.12243886754039698,0.14157602181122766,0.06591834036260152,0.09795353654792671,0.09743204746894348,0.16588598547822572,0.10061714394426806,0.16111664393960407,0.07095168967346026,0.07627106048940618,0.1032433788956336,0.09493429580476546,0.024346083454861875,0.05787326504397046
125,50.3819,-4.1927,0.25,1.1187952501119356,2.6787952501119356,2011-01-01 07:15:00+00:00,1.3020833333333333,0.3375413657176974,0.21011342733542945,0.6441549355797538,0.510772050704497,8.867541464078377,147.17250753328224,0.10260930762712966,7.606719529819975,0.5611685708855233,0.35980335836069066,0.15486763211781868,0.1514121857338254,0.167715292177151,0.09392966703259992,0.1263230335338693,0.1234684957720733,0.207847839469382,0.1244266791496589,0.1908637117163985,0.10110188681585097,0.09836083587602701,0.13083277034420643,0.10674595265353104,0.026065843273631886,0.06003094137219206
126,50.3819,-4.1927,0.25,0.9294427957358291,2.489442795735829,2011-01-01 07:30:00+00:00,1.3125,0.3375413657176974,0.21011342733542945,0.6441549355797538,0.510772050704497,10.049632080482963,150.3196517665988,0.10192164466518377,7.518218825586,0.6622061731519692,0.4577564581258828,0.1846113885225786,0.17978962078284225,0.1930691090385066,0.12649475496914842,0.15608636043936955,0.15151439924795565,0.24776693309722111,0.14774653275867725,0.2197169160337768,0.13615355833478096,0.12153591037335948,0.16055147085651833,0.11161337476244015,0.026210622385317767,0.05916544517725847
127,50.3819,-4.1927,0.25,0.7530215262268829,2.313021526226883,2011-01-01 07:45:00+00:00,1.3229166666666667,0.3375413657176974,0.21011342733542945,0.6441549355797538,0.510772050704497,11.120996737742637,153.51909218740397,0.10123613556931232,7.430431295828767,0.7566080433268401,0.5609840924504507,0.21191424983492513,0.20649020022840586,0.21699320787277945,0.16267790028144374,0.18603661051416254,0.18073791372063794,0.28441010157277546,0.16968838912698492,0.24694306961645748,0.17509955247671202,0.144856531717232,0.19151802093673587,0.10931054909606344,0.02483185740975291,0.05542504867972162
128,50.3819,-4.1927,0.25,0.592465182561491,2.152465182561491,2011-01-01 08:00:00+00:00,1.3333333333333333,0.3375413657176974,0.21011342733542945,0.6441549355797538,0.510772050704497,12.076350778667665,156.7681757349917,0.10055278309245613,7.343354294058618,0.8417474952865825,0.6652157957813618,0.2361494239610025,0.23067548713976488,0.2388265648591477,0.20103487113155666,0.21495688630897197,0.2100013510926367,0.3169361272657187,0.18956324213222647,0.27178991273703446,0.21638535969820571,0.16737516843268102,0.22252687511635208,0.10055076756751297,0.022188073699545452,0.049263037620682376
129,50.3819,-4.1927,0.25,0.45127363869744963,2.0112736386974497,2011-01-01 08:15:00+00:00,1.34375,0.3375413657176974,0.21011342733542945,0.6441549355797538,0.510772050704497,12.910750439224996,160.06322578461615,0.09987158996658557,7.256985164167935,0.9156504752736542,0.7653683927142781,0.2568997287481876,0.2517288350753297,0.25799005494242727,0.2395228219461358,0.24163885335945498,0.23792496955517387,0.34478511003486484,0.2068643474290602,0.29359838827468393,0.2578121481662103,0.1881509565726837,0.252115996929519,0.08697296186865455,0.01871339085637652,0.041482391345164904
130,50.3819,-4.1927,0.25,0.33358303909938125,1.8935830390993813,2011-01-01 08:30:00+00:00,1.3541666666666667,0.3375413657176974,0.21011342733542945,0.6441549355797538,0.510772050704497,13.619687476298841,163.3995593942458,0.09919255891490708,7.171321241983327,0.0,0.0,0.0,0.0,0.0,0.0,0.0,0.0,0.0,0.0,0.0,0.0,0.0,0.0,0.0,0.0,0.0
131,50.3819,-4.1927,0.25,0.2440086631604923,1.8040086631604924,2011-01-01 08:45:00+00:00,1.3645833333333333,0.3375413657176974,0.21011342733542945,0.6441549355797538,0.510772050704497,14.199183583376177,166.77153965995828,0.09851569262751952,7.0863598521959625,0.0,0.0,0.0,0.0,0.0,0.0,0.0,0.0,0.0,0.0,0.0,0.0,0.0,0.0,0.0,0.0,0.0
132,50.3819,-4.1927,0.25,0.1872529535508396,1.7472529535508396,2011-01-01 09:00:00+00:00,1.375,0.3375413657176974,0.21011342733542945,0.6441549355797538,0.510772050704497,14.645880269904668,170.17266592384493,0.09784099379760541,7.002098312926406,0.0,0.0,0.0,0.0,0.0,0.0,0.0,0.0,0.0,0.0,0.0,0.0,0.0,0.0,0.0,0.0,0.0
133,50.3819,-4.1927,0.25,0.16752966266066394,1.727529662660664,2011-01-01 09:15:00+00:00,1.3854166666666667,0.3375413657176974,0.21011342733542945,0.6441549355797538,0.510772050704497,14.957119583385564,173.59570188020157,0.0971684651028708,6.918533933366851,0.0,0.0,0.0,0.0,0.0,0.0,0.0,0.0,0.0,0.0,0.0,0.0,0.0,0.0,0.0,0.0,0.0
134,50.3819,-4.1927,0.25,0.18790550472274004,1.74790550472274,2011-01-01 09:30:00+00:00,1.3958333333333333,0.3375413657176974,0.21011342733542945,0.6441549355797538,0.510772050704497,15.13101115258775,177.03283858779534,0.09649810918878493,6.835664011716957,0.0,0.0,0.0,0.0,0.0,0.0,0.0,0.0,0.0,0.0,0.0,0.0,0.0,0.0,0.0,0.0,0.0
135,50.3819,-4.1927,0.25,0.2496904178028463,1.8096904178028463,2011-01-01 09:45:00+00:00,1.40625,0.3375413657176974,0.21011342733542945,0.6441549355797538,0.510772050704497,15.166481532357187,180.47588626535543,0.09582992870295814,6.753485839457429,0.0,0.0,0.0,0.0,0.0,0.0,0.0,0.0,0.0,0.0,0.0,0.0,0.0,0.0,0.0,0.0,0.0
136,50.3819,-4.1927,0.25,0.3520084932250942,1.9120084932250943,2011-01-01 10:00:00+00:00,1.4166666666666667,0.3375413657176974,0.21011342733542945,0.6441549355797538,0.510772050704497,15.063302739517074,183.91648594293753,0.0951639262781716,6.671996699227598,0.0,0.0,0.0,0.0,0.0,0.0,0.0,0.0,0.0,0.0,0.0,0.0,0.0,0.0,0.0,0.0,0.0
137,50.3819,-4.1927,0.25,0.4916524495774883,2.0516524495774884,2011-01-01 10:15:00+00:00,1.4270833333333333,0.3375413657176974,0.21011342733542945,0.6441549355797538,0.510772050704497,14.822098128728225,187.34633006183756,0.09450010451459251,6.591193862669597,0.0,0.0,0.0,0.0,0.0,0.0,0.0,0.0,0.0,0.0,0.0,0.0,0.0,0.0,0.0,0.0,0.0
138,50.3819,-4.1927,0.25,0.6632709660995708,2.223270966099571,2011-01-01 10:30:00+00:00,1.4375,0.3375413657176974,0.21011342733542945,0.6441549355797538,0.510772050704497,14.444325214622616,190.7573801871763,0.09383846601489321,6.511074594730512,0.0,0.0,0.0,0.0,0.0,0.0,0.0,0.0,0.0,0.0,0.0,0.0,0.0,0.0,0.0,0.0,0.0
139,50.3819,-4.1927,0.25,0.8598718569771235,2.4198718569771236,2011-01-01 10:45:00+00:00,1.4479166666666667,0.3375413657176974,0.21011342733542945,0.6441549355797538,0.510772050704497,13.932236551792215,194.14207026445914,0.09317901336615214,6.431636151438599,0.0,0.0,0.0,0.0,0.0,0.0,0.0,0.0,0.0,0.0,0.0,0.0,0.0,0.0,0.0,0.0,0.0
140,50.3819,-4.1927,0.25,1.0735598050894803,2.6335598050894804,2011-01-01 11:00:00+00:00,1.4583333333333333,0.3375413657176974,0.21011342733542945,0.6441549355797538,0.510772050704497,13.288821166414975,197.49348536495322,0.09252174912345523,6.352875777952426,0.0,0.0,0.0,0.0,0.0,0.0,0.0,0.0,0.0,0.0,0.0,0.0,0.0,0.0,0.0,0.0,0.0
141,50.3819,-4.1927,0.25,1.296379630382647,2.856379630382647,2011-01-01 11:15:00+00:00,1.46875,0.3375413657176974,0.21011342733542945,0.6441549355797538,0.510772050704497,12.517730131263251,200.8055082889486,0.09186667584411895,6.274790712691266,0.0,0.0,0.0,0.0,0.0,0.0,0.0,0.0,0.0,0.0,0.0,0.0,0.0,0.0,0.0,0.0,0.0
142,50.3819,-4.1927,0.25,1.521115666701446,3.081115666701446,2011-01-01 11:30:00+00:00,1.4791666666666667,0.3375413657176974,0.21011342733542945,0.6441549355797538,0.510772050704497,11.623190600196668,204.0729293643863,0.09121379606991703,6.197378185188512,0.0,0.0,0.0,0.0,0.0,0.0,0.0,0.0,0.0,0.0,0.0,0.0,0.0,0.0,0.0,0.0,0.0
143,50.3819,-4.1927,0.25,1.7419092179045368,3.301909217904537,2011-01-01 11:45:00+00:00,1.4895833333333333,0.3375413657176974,0.21011342733542945,0.6441549355797538,0.510772050704497,10.609912918347758,207.29151796026883,0.09056311231055747,6.120635414160338,0.0,0.0,0.0,0.0,0.0,0.0,0.0,0.0,0.0,0.0,0.0,0.0,0.0,0.0,0.0,0.0,0.0
144,50.3819,-4.1927,0.25,1.954596435185958,3.514596435185958,2011-01-01 12:00:00+00:00,1.5,0.3375413657176974,0.21011342733542945,0.6441549355797538,0.510772050704497,9.482995320191332,210.45805714108107,0.08991462707782388,6.0445596115657185,0.0,0.0,0.0,0.0,0.0,0.0,0.0,0.0,0.0,0.0,0.0,0.0,0.0,0.0,0.0,0.0,0.0
145,50.3819,-4.1927,0.25,2.15672886975213,3.71672886975213,2011-01-01 12:15:00+00:00,1.5104166666666665,0.3375413657176974,0.21011342733542945,0.6441549355797538,0.510772050704497,8.247830300712987,213.5703452262376,0.08926834286797558,5.969147980517638,0.0,0.0,0.0,0.0,0.0,0.0,0.0,0.0,0.0,0.0,0.0,0.0,0.0,0.0,0.0,0.0,0.0
146,50.3819,-4.1927,0.25,2.3473045938879444,3.9073045938879445,2011-01-01 12:30:00+00:00,1.5208333333333335,0.3375413657176974,0.21011342733542945,0.6441549355797538,0.510772050704497,6.910016073347448,216.6271697103129,0.08862426214555019,5.8943977134243,0.0,0.0,0.0,0.0,0.0,0.0,0.0,0.0,0.0,0.0,0.0,0.0,0.0,0.0,0.0,0.0,0.0
147,50.3819,-4.1927,0.25,2.526294387580973,4.086294387580973,2011-01-01 12:45:00+00:00,1.53125,0.3375413657176974,0.21011342733542945,0.6441549355797538,0.510772050704497,5.475275733130687,219.628259912417,0.08798238737648206,5.820305995869639,0.0,0.0,0.0,0.0,0.0,0.0,0.0,0.0,0.0,0.0,0.0,0.0,0.0,0.0,0.0,0.0,0.0
148,50.3819,-4.1927,0.25,2.694082650380079,4.254082650380079,2011-01-01 13:00:00+00:00,1.5416666666666665,0.3375413657176974,0.21011342733542945,0.6441549355797538,0.510772050704497,3.949385934404302,222.57422493222774,0.08734272101173296,5.746870004704679,0.0,0.0,0.0,0.0,0.0,0.0,0.0,0.0,0.0,0.0,0.0,0.0,0.0,0.0,0.0,0.0,0.0
149,50.3819,-4.1927,0.25,2.850949471339453,4.410949471339453,2011-01-01 13:15:00+00:00,1.5520833333333335,0.3375413657176974,0.21011342733542945,0.6441549355797538,0.510772050704497,2.3381161206887047,225.46648321837185,0.08670526547007479,5.674086906105233,0.0,0.0,0.0,0.0,0.0,0.0,0.0,0.0,0.0,0.0,0.0,0.0,0.0,0.0,0.0,0.0,0.0
150,50.3819,-4.1927,0.25,2.996698480621181,4.556698480621181,2011-01-01 13:30:00+00:00,1.5625,0.3375413657176974,0.21011342733542945,0.6441549355797538,0.510772050704497,0.6471786854999858,228.30718938321291,0.08607002317212487,5.601953859499452,0.0,0.0,0.0,0.0,0.0,0.0,0.0,0.0,0.0,0.0,0.0,0.0,0.0,0.0,0.0,0.0,0.0
151,50.3819,-4.1927,0.25,3.1304913267686145,4.690491326768615,2011-01-01 13:45:00+00:00,1.5729166666666665,0.3375413657176974,0.21011342733542945,0.6441549355797538,0.510772050704497,-1.1178100632688135,231.09916299404458,0.08543699652281411,5.5304680155618,0.0,0.0,0.0,0.0,0.0,0.0,0.0,0.0,0.0,0.0,0.0,0.0,0.0,0.0,0.0,0.0,0.0
152,50.3819,-4.1927,0.25,3.2508953689900344,4.8108953689900344,2011-01-01 14:00:00+00:00,1.5833333333333335,0.3375413657176974,0.21011342733542945,0.6441549355797538,0.510772050704497,-2.95135864750719,233.84582316353104,0.08480618789571753,5.459626514482792,0.0,0.0,0.0,0.0,0.0,0.0,0.0,0.0,0.0,0.0,0.0,0.0,0.0,0.0,0.0,0.0,0.0
153,50.3819,-4.1927,0.25,3.3560999808369023,4.916099980836902,2011-01-01 14:15:00+00:00,1.59375,0.3375413657176974,0.21011342733542945,0.6441549355797538,0.510772050704497,-4.84811962146458,236.55113186922526,0.08417759966543098,5.389426489649673,0.0,0.0,0.0,0.0,0.0,0.0,0.0,0.0,0.0,0.0,0.0,0.0,0.0,0.0,0.0,0.0,0.0
154,50.3819,-4.1927,0.25,3.4442209143859173,5.004220914385917,2011-01-01 14:30:00+00:00,1.6041666666666665,0.3375413657176974,0.21011342733542945,0.6441549355797538,0.510772050704497,-6.802900084611444,239.21954813355833,0.08355123419131011,5.3198650658209905,0.0,0.0,0.0,0.0,0.0,0.0,0.0,0.0,0.0,0.0,0.0,0.0,0.0,0.0,0.0,0.0,0.0
155,50.3819,-4.1927,0.25,3.513599336539643,5.073599336539643,2011-01-01 14:45:00+00:00,1.6145833333333335,0.3375413657176974,0.21011342733542945,0.6441549355797538,0.510772050704497,-8.810664386253269,241.8559946070555,0.0829270938011511,5.2509393573571685,0.0,0.0,0.0,0.0,0.0,0.0,0.0,0.0,0.0,0.0,0.0,0.0,0.0,0.0,0.0,0.0,0.0
156,50.3819,-4.1927,0.25,3.5630142314189475,5.1230142314189475,2011-01-01 15:00:00+00:00,1.625,0.3375413657176974,0.21011342733542945,0.6441549355797538,0.510772050704497,-10.866529844840588,244.4658376539847,0.08230518082388716,5.182646471880754,0.0,0.0,0.0,0.0,0.0,0.0,0.0,0.0,0.0,0.0,0.0,0.0,0.0,0.0,0.0,0.0,0.0
157,50.3819,-4.1927,0.25,3.591759279464172,5.151759279464172,2011-01-01 15:15:00+00:00,1.6354166666666665,0.3375413657176974,0.21011342733542945,0.6441549355797538,0.510772050704497,-12.96575616965442,247.0548817407442,0.0816854975729508,5.114983508444788,0.0,0.0,0.0,0.0,0.0,0.0,0.0,0.0,0.0,0.0,0.0,0.0,0.0,0.0,0.0,0.0,0.0
158,50.3819,-4.1927,0.25,3.599578537206962,5.159578537206962,2011-01-01 15:30:00+00:00,1.6458333333333335,0.3375413657176974,0.21011342733542945,0.6441549355797538,0.510772050704497,-15.103729126132556,249.62937883741535,0.08106804633056808,5.047947555865747,0.0,0.0,0.0,0.0,0.0,0.0,0.0,0.0,0.0,0.0,0.0,0.0,0.0,0.0,0.0,0.0,0.0
159,50.3819,-4.1927,0.25,3.586497279407206,5.146497279407206,2011-01-01 15:45:00+00:00,1.65625,0.3375413657176974,0.21011342733542945,0.6441549355797538,0.510772050704497,-17.27593879318801,252.19605356419348,0.08045282937960335,4.981535696234825,0.0,0.0,0.0,0.0,0.0,0.0,0.0,0.0,0.0,0.0,0.0,0.0,0.0,0.0,0.0,0.0,0.0
160,50.3819,-4.1927,0.25,3.5526140006420888,5.112614000642089,2011-01-01 16:00:00+00:00,1.6666666666666665,0.3375413657176974,0.21011342733542945,0.6441549355797538,0.510772050704497,-19.47795252329693,254.76214492978255,0.07983984898778929,4.915745003216794,0.0,0.0,0.0,0.0,0.0,0.0,0.0,0.0,0.0,0.0,0.0,0.0,0.0,0.0,0.0,0.0,0.0
161,50.3819,-4.1927,0.25,3.4979291889272894,5.0579291889272895,2011-01-01 16:15:00+00:00,1.6770833333333335,0.3375413657176974,0.21011342733542945,0.6441549355797538,0.510772050704497,-21.705382488412653,257.33546576941995,0.07922910739141364,4.850572540351281,0.0,0.0,0.0,0.0,0.0,0.0,0.0,0.0,0.0,0.0,0.0,0.0,0.0,0.0,0.0,0.0,0.0
162,50.3819,-4.1927,0.25,3.4222739990543265,4.9822739990543266,2011-01-01 16:30:00+00:00,1.6875,0.3375413657176974,0.21011342733542945,0.6441549355797538,0.510772050704497,-23.953847425571187,259.9244812974644,0.07862060682752015,4.7860153645484775,0.0,0.0,0.0,0.0,0.0,0.0,0.0,0.0,0.0,0.0,0.0,0.0,0.0,0.0,0.0,0.0,0.0
163,50.3819,-4.1927,0.25,3.3253712601443053,4.885371260144305,2011-01-01 16:45:00+00:00,1.6979166666666665,0.3375413657176974,0.21011342733542945,0.6441549355797538,0.510772050704497,-26.218927875280254,262.53840851088495,0.07801434951772795,4.72207052437892,0.0,0.0,0.0,0.0,0.0,0.0,0.0,0.0,0.0,0.0,0.0,0.0,0.0,0.0,0.0,0.0,0.0
164,50.3819,-4.1927,0.25,3.207021109573962,4.767021109573962,2011-01-01 17:00:00+00:00,1.7083333333333335,0.3375413657176974,0.21011342733542945,0.6441549355797538,0.510772050704497,-28.496113882902574,265.187338546928,0.07741033765264227,4.658735058487028,0.0,0.0,0.0,0.0,0.0,0.0,0.0,0.0,0.0,0.0,0.0,0.0,0.0,0.0,0.0,0.0,0.0
165,50.3819,-4.1927,0.25,3.0673652119551753,4.627365211955175,2011-01-01 17:15:00+00:00,1.71875,0.3375413657176974,0.21011342733542945,0.6441549355797538,0.510772050704497,-30.780743744005967,267.8823843634982,0.07680857342317843,4.596005998939965,0.0,0.0,0.0,0.0,0.0,0.0,0.0,0.0,0.0,0.0,0.0,0.0,0.0,0.0,0.0,0.0,0.0
166,50.3819,-4.1927,0.25,2.9071577489298766,4.467157748929877,2011-01-01 17:30:00+00:00,1.7291666666666665,0.3375413657176974,0.21011342733542945,0.6441549355797538,0.510772050704497,-33.0679319072051,270.63585615384414,0.07620905899980329,4.533880369081446,0.0,0.0,0.0,0.0,0.0,0.0,0.0,0.0,0.0,0.0,0.0,0.0,0.0,0.0,0.0,0.0,0.0
167,50.3819,-4.1927,0.25,2.7279654860609326,4.287965486060933,2011-01-01 17:45:00+00:00,1.7395833333333335,0.3375413657176974,0.21011342733542945,0.6441549355797538,0.510772050704497,-35.35248366184029,273.46146661596765,0.07561179654271288,4.472355184641483,0.0,0.0,0.0,0.0,0.0,0.0,0.0,0.0,0.0,0.0,0.0,0.0,0.0,0.0,0.0,0.0,0.0
168,50.3819,-4.1927,0.25,2.532235267316152,4.092235267316152,2011-01-01 18:00:00+00:00,1.75,0.3375413657176974,0.21011342733542945,0.6441549355797538,0.510772050704497,-37.628793648602745,276.37456712407084,0.07501678818132057,4.41142745167738,0.0,0.0,0.0,0.0,0.0,0.0,0.0,0.0,0.0,0.0,0.0,0.0,0.0,0.0,0.0,0.0,0.0
169,50.3819,-4.1927,0.25,2.323201260760564,3.883201260760564,2011-01-01 18:15:00+00:00,1.7604166666666665,0.3375413657176974,0.21011342733542945,0.6441549355797538,0.510772050704497,-39.89072464859207,279.39241356954403,0.07442403604521669,4.351094169815497,0.0,0.0,0.0,0.0,0.0,0.0,0.0,0.0,0.0,0.0,0.0,0.0,0.0,0.0,0.0,0.0,0.0
170,50.3819,-4.1927,0.25,2.104647308276094,3.664647308276094,2011-01-01 18:30:00+00:00,1.7708333333333335,0.3375413657176974,0.21011342733542945,0.6441549355797538,0.510772050704497,-42.13146251307157,282.5344561730192,0.0738335422483164,4.291352330659353,0.0,0.0,0.0,0.0,0.0,0.0,0.0,0.0,0.0,0.0,0.0,0.0,0.0,0.0,0.0,0.0,0.0
171,50.3819,-4.1927,0.25,1.880580207846776,3.440580207846776,2011-01-01 18:45:00+00:00,1.78125,0.3375413657176974,0.21011342733542945,0.6441549355797538,0.510772050704497,-44.34334272765251,285.8226396924959,0.07324530887421965,4.2321989163797005,0.0,0.0,0.0,0.0,0.0,0.0,0.0,0.0,0.0,0.0,0.0,0.0,0.0,0.0,0.0,0.0,0.0
172,50.3819,-4.1927,0.25,1.65489651013121,3.21489651013121,2011-01-01 19:00:00+00:00,1.7916666666666665,0.3375413657176974,0.21011342733542945,0.6441549355797538,0.510772050704497,-46.517644174320125,289.28168704440714,0.0726593380062967,4.173630902816906,0.0,0.0,0.0,0.0,0.0,0.0,0.0,0.0,0.0,0.0,0.0,0.0,0.0,0.0,0.0,0.0,0.0
173,50.3819,-4.1927,0.25,1.4311305475005152,2.991130547500515,2011-01-01 19:15:00+00:00,1.8020833333333335,0.3375413657176974,0.21011342733542945,0.6441549355797538,0.510772050704497,-48.6443466768163,292.9393175059735,0.07207563171240922,4.115645257982599,0.0,0.0,0.0,0.0,0.0,0.0,0.0,0.0,0.0,0.0,0.0,0.0,0.0,0.0,0.0,0.0,0.0
174,50.3819,-4.1927,0.25,1.2123526206294621,2.772352620629462,2011-01-01 19:30:00+00:00,1.8125,0.3375413657176974,0.21011342733542945,0.6441549355797538,0.510772050704497,-50.711851820006174,296.82631670019987,0.07149419202992252,4.058238940648122,0.0,0.0,0.0,0.0,0.0,0.0,0.0,0.0,0.0,0.0,0.0,0.0,0.0,0.0,0.0,0.0,0.0
175,50.3819,-4.1927,0.25,1.001247466372944,2.561247466372944,2011-01-01 19:45:00+00:00,1.8229166666666665,0.3375413657176974,0.21011342733542945,0.6441549355797538,0.510772050704497,-52.706672679654865,300.9763253520057,0.07091502099625324,4.001408903444057,0.0,0.0,0.0,0.0,0.0,0.0,0.0,0.0,0.0,0.0,0.0,0.0,0.0,0.0,0.0,0.0,0.0
176,50.3819,-4.1927,0.25,0.8003536895546701,2.36035368955467,2011-01-01 20:00:00+00:00,1.8333333333333335,0.3375413657176974,0.21011342733542945,0.6441549355797538,0.510772050704497,-54.61310958865044,305.4251450702655,0.07033812063288175,3.9451520913267877,0.0,0.0,0.0,0.0,0.0,0.0,0.0,0.0,0.0,0.0,0.0,0.0,0.0,0.0,0.0,0.0,0.0
177,50.3819,-4.1927,0.25,0.6123973297205381,2.172397329720538,2011-01-01 20:15:00+00:00,1.84375,0.3375413657176974,0.21011342733542945,0.6441549355797538,0.510772050704497,-56.41294867151263,310.2092768665219,0.06976349293127337,3.889465440290035,0.0,0.0,0.0,0.0,0.0,0.0,0.0,0.0,0.0,0.0,0.0,0.0,0.0,0.0,0.0,0.0,0.0
178,50.3819,-4.1927,0.25,0.44061972073256594,2.000619720732566,2011-01-01 20:30:00+00:00,1.8541666666666665,0.3375413657176974,0.21011342733542945,0.6441549355797538,0.510772050704497,-58.08525015573784,315.3633332129623,0.06919113988236553,3.8343458803122377,0.0,0.0,0.0,0.0,0.0,0.0,0.0,0.0,0.0,0.0,0.0,0.0,0.0,0.0,0.0,0.0,0.0
179,50.3819,-4.1927,0.25,0.2889907079744276,1.8489907079744277,2011-01-01 20:45:00+00:00,1.8645833333333335,0.3375413657176974,0.21011342733542945,0.6441549355797538,0.510772050704497,-59.60633473474957,320.9159514423661,0.0686210634566442,3.779790333485511,0.0,0.0,0.0,0.0,0.0,0.0,0.0,0.0,0.0,0.0,0.0,0.0,0.0,0.0,0.0,0.0,0.0
180,50.3819,-4.1927,0.25,0.16221680771961733,1.7222168077196174,2011-01-01 21:00:00+00:00,1.875,0.3375413657176974,0.21011342733542945,0.6441549355797538,0.510772050704497,-60.95012192361997,326.8839875745068,0.06805326561417985,3.725795715059299,0.0,0.0,0.0,0.0,0.0,0.0,0.0,0.0,0.0,0.0,0.0,0.0,0.0,0.0,0.0,0.0,0.0
181,50.3819,-4.1927,0.25,0.06549697290160061,1.6254969729016007,2011-01-01 21:15:00+00:00,1.8854166666666665,0.3375413657176974,0.21011342733542945,0.6441549355797538,0.510772050704497,-62.08900375072908,333.2652257843085,0.067487748284836,3.6723589316406877,0.0,0.0,0.0,0.0,0.0,0.0,0.0,0.0,0.0,0.0,0.0,0.0,0.0,0.0,0.0,0.0,0.0
182,50.3819,-4.1927,0.25,0.004036884211471969,1.564036884211472,2011-01-01 21:30:00+00:00,1.8958333333333335,0.3375413657176974,0.21011342733542945,0.6441549355797538,0.510772050704497,-62.99541068271456,340.03069718645264,0.066924513397771,3.6194768840819145,0.0,0.0,0.0,0.0,0.0,0.0,0.0,0.0,0.0,0.0,0.0,0.0,0.0,0.0,0.0,0.0,0.0
183,50.3819,-4.1927,0.25,0.0,1.5423926752285901,2011-01-01 21:45:00+00:00,1.90625,0.3375413657176974,0.21011342733542945,0.6441549355797538,0.510772050704497,-63.64409451079631,347.11882199923326,0.06636356286678535,3.5671464661580488,0.0,0.0,0.0,0.0,0.0,0.0,0.0,0.0,0.0,0.0,0.0,0.0,0.0,0.0,0.0,0.0,0.0
184,50.3819,-4.1927,0.25,0.0037622934679211184,1.5637622934679212,2011-01-01 22:00:00+00:00,1.9166666666666665,0.3375413657176974,0.21011342733542945,0.6441549355797538,0.510772050704497,-64.01489351197098,354.4343748918695,0.06580489857555172,3.515364563289312,0.0,0.0,0.0,0.0,0.0,0.0,0.0,0.0,0.0,0.0,0.0,0.0,0.0,0.0,0.0,0.0,0.0
185,50.3819,-4.1927,0.25,0.06936546718105352,1.6293654671810536,2011-01-01 22:15:00+00:00,1.9270833333333335,0.3375413657176974,0.21011342733542945,0.6441549355797538,0.510772050704497,-64.09542702830197,1.8547619992372095,0.06524852240697676,3.4641280553698746,0.0,0.0,0.0,0.0,0.0,0.0,0.0,0.0,0.0,0.0,0.0,0.0,0.0,0.0,0.0,0.0,0.0
186,50.3819,-4.1927,0.25,0.17804512862666688,1.738045128626667,2011-01-01 22:30:00+00:00,1.9375,0.3375413657176974,0.21011342733542945,0.6441549355797538,0.510772050704497,-63.882972370725625,9.24372152733895,0.06469443622360405,3.413433815029074,0.0,0.0,0.0,0.0,0.0,0.0,0.0,0.0,0.0,0.0,0.0,0.0,0.0,0.0,0.0,0.0,0.0
187,50.3819,-4.1927,0.25,0.3261849312014904,1.8861849312014904,2011-01-01 22:45:00+00:00,1.9479166666666665,0.3375413657176974,0.21011342733542945,0.6441549355797538,0.510772050704497,-63.38490376040727,16.469177893820635,0.06414264187735141,3.3632787086232927,0.0,0.0,0.0,0.0,0.0,0.0,0.0,0.0,0.0,0.0,0.0,0.0,0.0,0.0,0.0,0.0,0.0
188,50.3819,-4.1927,0.25,0.5079770572859599,2.06797705728596,2011-01-01 23:00:00+00:00,1.9583333333333335,0.3375413657176974,0.21011342733542945,0.6441549355797538,0.510772050704497,-62.61753742693207,23.419793520454125,0.0635931411904167,3.313659594600693,0.0,0.0,0.0,0.0,0.0,0.0,0.0,0.0,0.0,0.0,0.0,0.0,0.0,0.0,0.0,0.0,0.0
189,50.3819,-4.1927,0.25,0.716005023342634,2.276005023342634,2011-01-01 23:15:00+00:00,1.96875,0.3375413657176974,0.21011342733542945,0.6441549355797538,0.510772050704497,-61.603783771645425,30.015467323139674,0.06304593598374325,3.2645733261891534,0.0,0.0,0.0,0.0,0.0,0.0,0.0,0.0,0.0,0.0,0.0,0.0,0.0,0.0,0.0,0.0,0.0
190,50.3819,-4.1927,0.25,0.9420430865758189,2.502043086575819,2011-01-01 23:30:00+00:00,1.9791666666666665,0.3375413657176974,0.21011342733542945,0.6441549355797538,0.510772050704497,-60.3703326263347,36.210060565639154,0.06250102806288493,3.2160167502018235,0.0,0.0,0.0,0.0,0.0,0.0,0.0,0.0,0.0,0.0,0.0,0.0,0.0,0.0,0.0,0.0,0.0
191,50.3819,-4.1927,0.25,1.1779312226930698,2.73793122269307,2011-01-01 23:45:00+00:00,1.9895833333333335,0.3375413657176974,0.21011342733542945,0.6441549355797538,0.510772050704497,-58.94505940594923,41.98776972380146,0.06195841920389433,3.167986705897997,0.0,0.0,0.0,0.0,0.0,0.0,0.0,0.0,0.0,0.0,0.0,0.0,0.0,0.0,0.0,0.0,0.0
