,,,,,,,,,,,,Solar position,Solar position,Solar position,Solar position,Surface Normalised,Surface Normalised,Surface Normalised,Seabed Normalised,Seabed Normalised,Seabed Normalised,Surface,Surface,Surface,Seabed,Seabed,Seabed,Residuals,Residuals,Residuals
,Location_Lat (deg),Location_Long (deg),time_increment (m),depth_to_datum(m),modelled_tidal_range (m),date,Jday (decimal),Kd Blue,Kd Green,Kd Red,Kd Bb,Solar_Alt (deg),binary_day,BB_I_(W/m2),BB_I_Below_tide_(W/m2),Red,Green,Blue,Red,Green,Blue,Red,Green,Blue,Red,Green,Blue,Red,Green,Blue
0,50.3819,-4.1927,0.25,2.841752789981332,4.401752789981332,2010-12-31 00:00:00+00:00,365.0,0.3375413657176974,0.21011342733542945,0.6441549355797538,0.510772050704497,-62.47488618279266,0.0,0.0,0.0,0.0,0.0,0.0,0.0,0.0,0.0,0.0,0.0,0.0,0.0,0.0,0.0,0.0,0.0,0.0
1,50.3819,-4.1927,0.25,2.9587601637945284,4.5187601637945285,2010-12-31 00:15:00+00:00,365.0104166666667,0.3375413657176974,0.21011342733542945,0.6441549355797538,0.510772050704497,-62.72407200865136,0.0,0.0,0.0,0.0,0.0,0.0,0.0,0.0,0.0,0.0,0.0,0.0,0.0,0.0,0.0,0.0,0.0,0.0
2,50.3819,-4.1927,0.25,3.065348193852959,4.625348193852959,2010-12-31 00:30:00+00:00,365.0208333333333,0.3375413657176974,0.21011342733542945,0.6441549355797538,0.510772050704497,-62.6606958597895,0.0,0.0,0.0,0.0,0.0,0.0,0.0,0.0,0.0,0.0,0.0,0.0,0.0,0.0,0.0,0.0,0.0,0.0
3,50.3819,-4.1927,0.25,3.1596065412344365,4.719606541234437,2010-12-31 00:45:00+00:00,365.03125,0.3375413657176974,0.21011342733542945,0.6441549355797538,0.510772050704497,-62.286995867090035,0.0,0.0,0.0,0.0,0.0,0.0,0.0,0.0,0.0,0.0,0.0,0.0,0.0,0.0,0.0,0.0,0.0,0.0
4,50.3819,-4.1927,0.25,3.239285881260893,4.799285881260893,2010-12-31 01:00:00+00:00,365.0416666666667,0.3375413657176974,0.21011342733542945,0.6441549355797538,0.510772050704497,-61.61581122171691,0.0,0.0,0.0,0.0,0.0,0.0,0.0,0.0,0.0,0.0,0.0,0.0,0.0,0.0,0.0,0.0,0.0,0.0
5,50.3819,-4.1927,0.25,3.302197122513457,4.862197122513457,2010-12-31 01:15:00+00:00,365.0520833333333,0.3375413657176974,0.21011342733542945,0.6441549355797538,0.510772050704497,-60.668603445004486,0.0,0.0,0.0,0.0,0.0,0.0,0.0,0.0,0.0,0.0,0.0,0.0,0.0,0.0,0.0,0.0,0.0,0.0
6,50.3819,-4.1927,0.25,3.3465749121173762,4.906574912117376,2010-12-31 01:30:00+00:00,365.0625,0.3375413657176974,0.21011342733542945,0.6441549355797538,0.510772050704497,-59.47252893490503,0.0,0.0,0.0,0.0,0.0,0.0,0.0,0.0,0.0,0.0,0.0,0.0,0.0,0.0,0.0,0.0,0.0,0.0
7,50.3819,-4.1927,0.25,3.3713184887753305,4.9313184887753305,2010-12-31 01:45:00+00:00,365.0729166666667,0.3375413657176974,0.21011342733542945,0.6441549355797538,0.510772050704497,-58.05739637708791,0.0,0.0,0.0,0.0,0.0,0.0,0.0,0.0,0.0,0.0,0.0,0.0,0.0,0.0,0.0,0.0,0.0,0.0
8,50.3819,-4.1927,0.25,3.3760608699504586,4.936060869950459,2010-12-31 02:00:00+00:00,365.0833333333333,0.3375413657176974,0.21011342733542945,0.6441549355797538,0.510772050704497,-56.45313813661409,0.0,0.0,0.0,0.0,0.0,0.0,0.0,0.0,0.0,0.0,0.0,0.0,0.0,0.0,0.0,0.0,0.0,0.0
9,50.3819,-4.1927,0.25,3.3610656179536345,4.9210656179536345,2010-12-31 02:15:00+00:00,365.09375,0.3375413657176974,0.21011342733542945,0.6441549355797538,0.510772050704497,-54.688068955330316,0.0,0.0,0.0,0.0,0.0,0.0,0.0,0.0,0.0,0.0,0.0,0.0,0.0,0.0,0.0,0.0,0.0,0.0
10,50.3819,-4.1927,0.25,3.326996376139586,4.886996376139586,2010-12-31 02:30:00+00:00,365.1041666666667,0.3375413657176974,0.21011342733542945,0.6441549355797538,0.510772050704497,-52.78791252522285,0.0,0.0,0.0,0.0,0.0,0.0,0.0,0.0,0.0,0.0,0.0,0.0,0.0,0.0,0.0,0.0,0.0,0.0
11,50.3819,-4.1927,0.25,3.2746363119244823,4.834636311924482,2010-12-31 02:45:00+00:00,365.1145833333333,0.3375413657176974,0.21011342733542945,0.6441549355797538,0.510772050704497,-50.77542305327143,0.0,0.0,0.0,0.0,0.0,0.0,0.0,0.0,0.0,0.0,0.0,0.0,0.0,0.0,0.0,0.0,0.0,0.0
12,50.3819,-4.1927,0.25,3.2046447517488086,4.764644751748809,2010-12-31 03:00:00+00:00,365.125,0.3375413657176974,0.21011342733542945,0.6441549355797538,0.510772050704497,-48.67039691142419,0.0,0.0,0.0,0.0,0.0,0.0,0.0,0.0,0.0,0.0,0.0,0.0,0.0,0.0,0.0,0.0,0.0,0.0
13,50.3819,-4.1927,0.25,3.1174246524155973,4.677424652415597,2010-12-31 03:15:00+00:00,365.1354166666667,0.3375413657176974,0.21011342733542945,0.6441549355797538,0.510772050704497,-46.48990438716907,0.0,0.0,0.0,0.0,0.0,0.0,0.0,0.0,0.0,0.0,0.0,0.0,0.0,0.0,0.0,0.0,0.0,0.0
14,50.3819,-4.1927,0.25,3.013141308863631,4.573141308863631,2010-12-31 03:30:00+00:00,365.1458333333333,0.3375413657176974,0.21011342733542945,0.6441549355797538,0.510772050704497,-44.24862043059183,0.0,0.0,0.0,0.0,0.0,0.0,0.0,0.0,0.0,0.0,0.0,0.0,0.0,0.0,0.0,0.0,0.0,0.0
15,50.3819,-4.1927,0.25,2.891889094883092,4.451889094883092,2010-12-31 03:45:00+00:00,365.15625,0.3375413657176974,0.21011342733542945,0.6441549355797538,0.510772050704497,-41.95917919677377,0.0,0.0,0.0,0.0,0.0,0.0,0.0,0.0,0.0,0.0,0.0,0.0,0.0,0.0,0.0,0.0,0.0,0.0
16,50.3819,-4.1927,0.25,2.7539608353717457,4.313960835371746,2010-12-31 04:00:00+00:00,365.1666666666667,0.3375413657176974,0.21011342733542945,0.6441549355797538,0.510772050704497,-39.63251370873072,0.0,0.0,0.0,0.0,0.0,0.0,0.0,0.0,0.0,0.0,0.0,0.0,0.0,0.0,0.0,0.0,0.0,0.0
17,50.3819,-4.1927,0.25,2.600144909100758,4.160144909100758,2010-12-31 04:15:00+00:00,365.1770833333333,0.3375413657176974,0.21011342733542945,0.6441549355797538,0.510772050704497,-37.27816111852182,0.0,0.0,0.0,0.0,0.0,0.0,0.0,0.0,0.0,0.0,0.0,0.0,0.0,0.0,0.0,0.0,0.0,0.0
18,50.3819,-4.1927,0.25,2.4319661825277343,3.9919661825277344,2010-12-31 04:30:00+00:00,365.1875,0.3375413657176974,0.21011342733542945,0.6441549355797538,0.510772050704497,-34.90452659445711,0.0,0.0,0.0,0.0,0.0,0.0,0.0,0.0,0.0,0.0,0.0,0.0,0.0,0.0,0.0,0.0,0.0,0.0
19,50.3819,-4.1927,0.25,2.2518007483123683,3.8118007483123684,2010-12-31 04:45:00+00:00,365.1979166666667,0.3375413657176974,0.21011342733542945,0.6441549355797538,0.510772050704497,-32.51910845255772,0.0,0.0,0.0,0.0,0.0,0.0,0.0,0.0,0.0,0.0,0.0,0.0,0.0,0.0,0.0,0.0,0.0,0.0
20,50.3819,-4.1927,0.25,2.0628274553927723,3.6228274553927724,2010-12-31 05:00:00+00:00,365.2083333333333,0.3375413657176974,0.21011342733542945,0.6441549355797538,0.510772050704497,-30.128687477000433,0.0,0.0,0.0,0.0,0.0,0.0,0.0,0.0,0.0,0.0,0.0,0.0,0.0,0.0,0.0,0.0,0.0,0.0
21,50.3819,-4.1927,0.25,1.8688225695601655,3.4288225695601655,2010-12-31 05:15:00+00:00,365.21875,0.3375413657176974,0.21011342733542945,0.6441549355797538,0.510772050704497,-27.73948440073175,0.0,0.0,0.0,0.0,0.0,0.0,0.0,0.0,0.0,0.0,0.0,0.0,0.0,0.0,0.0,0.0,0.0,0.0
22,50.3819,-4.1927,0.25,1.6738459868312483,3.2338459868312484,2010-12-31 05:30:00+00:00,365.2291666666667,0.3375413657176974,0.21011342733542945,0.6441549355797538,0.510772050704497,-25.35729245438919,0.0,0.0,0.0,0.0,0.0,0.0,0.0,0.0,0.0,0.0,0.0,0.0,0.0,0.0,0.0,0.0,0.0,0.0
23,50.3819,-4.1927,0.25,1.4818968742664684,3.0418968742664685,2010-12-31 05:45:00+00:00,365.2395833333333,0.3375413657176974,0.21011342733542945,0.6441549355797538,0.510772050704497,-22.987588541933317,0.0,0.0,0.0,0.0,0.0,0.0,0.0,0.0,0.0,0.0,0.0,0.0,0.0,0.0,0.0,0.0,0.0,0.0
24,50.3819,-4.1927,0.25,1.2966252833829413,2.8566252833829413,2010-12-31 06:00:00+00:00,365.25,0.3375413657176974,0.21011342733542945,0.6441549355797538,0.510772050704497,-20.635625951186483,0.0,0.0,0.0,0.0,0.0,0.0,0.0,0.0,0.0,0.0,0.0,0.0,0.0,0.0,0.0,0.0,0.0,0.0
25,50.3819,-4.1927,0.25,1.121171446625953,2.681171446625953,2010-12-31 06:15:00+00:00,365.2604166666667,0.3375413657176974,0.21011342733542945,0.6441549355797538,0.510772050704497,-18.30651369834389,0.0,0.0,0.0,0.0,0.0,0.0,0.0,0.0,0.0,0.0,0.0,0.0,0.0,0.0,0.0,0.0,0.0,0.0
26,50.3819,-4.1927,0.25,0.958169559104443,2.518169559104443,2010-12-31 06:30:00+00:00,365.2708333333333,0.3375413657176974,0.21011342733542945,0.6441549355797538,0.510772050704497,-16.00528405852848,0.5,0.006257512110896924,0.00464835359757502,0.00010393846920666443,0.00019940917849537647,0.00010102235873914783,0.00013106422224191415,0.00025704855760343067,0.00014344702532544676,0.0038502810855600964,0.004512825053480709,0.003169788238054872,0.0021799188812139584,0.003927246317537026,0.0026371515246427038,0.001670362204346138,0.0005855787359436834,0.0005326367134121683
27,50.3819,-4.1927,0.25,0.8099067268290012,2.3699067268290013,2010-12-31 06:45:00+00:00,365.28125,0.3375413657176974,0.21011342733542945,0.6441549355797538,0.510772050704497,-13.736949301469208,0.5,0.014367693301409074,0.011175353036360237,0.00021527959739742143,0.0004983242026606432,0.0002312678593578363,0.00029644111500270326,0.0006563294571260393,0.0003378717956809625,0.00797478516176893,0.011277564871844106,0.007256513801320709,0.004930541475840322,0.010027550699451626,0.006211485522912102,0.0030442436859286076,0.0012500141723924794,0.0010450282784086069
28,50.3819,-4.1927,0.25,0.6785824372777336,2.2385824372777336,2010-12-31 07:00:00+00:00,365.2916666666667,0.3375413657176974,0.21011342733542945,0.6441549355797538,0.510772050704497,-11.506550933871464,0.5,0.0391512875420742,0.03171865175488559,0.0005780637202535825,0.0013601204455892337,0.0006380456804890791,0.000860541092806835,0.0018258290910374106,0.0009559576677817026,0.02141370587164816,0.0307808580774468,0.020020020504354544,0.014312905110043064,0.027895432057981506,0.017574468451784526,0.0071008007616050976,0.002885426019465294,0.002445552052570018
29,50.3819,-4.1927,0.25,0.566581547558354,2.126581547558354,2010-12-31 07:15:00+00:00,365.3020833333333,0.3375413657176974,0.21011342733542945,0.6441549355797538,0.510772050704497,-9.319201436205427,0.5,0.11742602447186688,0.09849719987026777,0.0017367042135193504,0.004036063649925595,0.0019290316487553462,0.0027631203057443855,0.0055067620446314115,0.002953012086806139,0.06433421076493329,0.09134007418444548,0.0605274110343137,0.04595745522710319,0.0841335627904832,0.05428861497365378,0.018376755537830095,0.007206511393962278,0.006238796060659919
30,50.3819,-4.1927,0.25,0.4766634968957768,2.036663496895777,2010-12-31 07:30:00+00:00,365.3125,0.3375413657176974,0.21011342733542945,0.6441549355797538,0.510772050704497,-7.180118180167144,0.5,0.347200824899523,0.2994716517899076,0.005547263283401838,0.011483035679497164,0.005714410542703283,0.00930972743642439,0.015873015827840533,0.008900101455944867,0.20549199021044084,0.25987234637571716,0.1793016076020244,0.15484355890929793,0.24251154544218956,0.16362079360495554,0.05064843130114291,0.017360800933527598,0.01568081399706886
31,50.3819,-4.1927,0.25,0.41198593465520106,1.9719859346552011,2010-12-31 07:45:00+00:00,365.3229166666667,0.3375413657176974,0.21011342733542945,0.6441549355797538,0.510772050704497,-5.094651505432564,0.75,0.7965492539604275,0.7009744313278256,0.013219492753879819,0.02501296556343915,0.013415390045718581,0.023054158968503418,0.03490135712863264,0.021155331737589055,0.4897009095810182,0.5660679137653418,0.4209359799808202,0.383447103765568,0.5332308710011521,0.38892277633176076,0.10625380581545019,0.03283704276418975,0.03201320364905946
32,50.3819,-4.1927,0.25,0.3759193530577305,1.9359193530577306,2010-12-31 08:00:00+00:00,365.3333333333333,0.3375413657176974,0.21011342733542945,0.6441549355797538,0.510772050704497,-3.0683058539388366,0.75,1.3927215344316404,1.2394054388851221,0.022793125340640895,0.04256001716455789,0.023859619870529876,0.040610439587896355,0.05969678680731726,0.03788675417567242,0.8443451212021803,0.963174880845513,0.7486455807803076,0.6754510309354517,0.9120610842700198,0.6965157437838746,0.16889409026672864,0.0511137965754932,0.05212983699643303
33,50.3819,-4.1927,0.25,0.3716618238141265,1.9316618238141265,2010-12-31 08:15:00+00:00,365.34375,0.3375413657176974,0.21011342733542945,0.6441549355797538,0.510772050704497,-1.1067527122639529,0.75,2.0639537897818943,1.839173626113051,0.033756154569250275,0.061957268033370885,0.03546225994410589,0.06029544845504869,0.08695801670379608,0.05635666626586906,1.2504579339224458,1.4021536698357067,1.112702731045136,1.002860920319028,1.328564354004951,1.0360693644893033,0.2475970136034178,0.07358931583075567,0.07663336655583275
34,50.3819,-4.1927,0.25,0.40171684649490214,1.9617168464949022,2010-12-31 08:30:00+00:00,365.3541666666667,0.3375413657176974,0.21011342733542945,0.6441549355797538,0.510772050704497,1.162996254214768,1.0,3.8037911831265587,3.358070836024179,0.027590003759232845,0.039213371059507236,0.05268077003416254,0.048409880286183,0.054797180688760126,0.08323862907126603,1.0220399668720046,0.8874370010650374,1.6529695733708087,0.8051748239757951,0.8372037877892066,1.5302713811348532,0.2168651428962095,0.05023321327583086,0.12269819223595557
35,50.3819,-4.1927,0.25,0.4673391360506547,2.0273391360506547,2010-12-31 08:45:00+00:00,365.3645833333333,0.3375413657176974,0.21011342733542945,0.6441549355797538,0.510772050704497,2.841956842388488,1.0,9.845479752504579,8.516638345302521,0.0784362505954342,0.09778977198042883,0.13331715313209055,0.13236683457594686,0.13535788543178354,0.2080113556606718,2.905580719005703,2.213078336199441,4.183105098745842,2.2015845133238328,2.068028554868171,3.8241118104679517,0.7039962056818703,0.1450497813312701,0.35899328827789034
36,50.3819,-4.1927,0.25,0.5680719676299937,2.1280719676299937,2010-12-31 09:00:00+00:00,365.375,0.3375413657176974,0.21011342733542945,0.6441549355797538,0.510772050704497,4.506381728488159,1.0,16.679990107910545,13.98474326604034,0.1468149431995616,0.16207157161783986,0.21198647306198123,0.23337799888059307,0.22108091715685785,0.3244215874348518,5.438590766185796,3.66783843337953,6.651519894458884,3.8816474665428484,3.377724527524796,5.964214886922829,1.5569432996429478,0.2901139058547342,0.6873050075360556
37,50.3819,-4.1927,0.25,0.7014898527318323,2.2614898527318323,2010-12-31 09:15:00+00:00,365.3854166666667,0.3375413657176974,0.21011342733542945,0.6441549355797538,0.510772050704497,6.110586258725882,1.0,24.3789701558381,19.61089929863219,0.2298998352201698,0.23607420261609374,0.2892129656469427,0.33762000191485025,0.3158553380992082,0.4314143186639484,8.51637506187984,5.34259046692322,9.074662958205048,5.615447177424353,4.825709682986263,7.931185227690475,2.900927884455487,0.5168807839369567,1.1434777305145731
38,50.3819,-4.1927,0.25,0.8632230911798522,2.4232230911798522,2010-12-31 09:30:00+00:00,365.3958333333333,0.3375413657176974,0.21011342733542945,0.6441549355797538,0.510772050704497,7.6333569770940874,1.0,32.79478614233629,25.089686065891662,0.3218233480183272,0.3192638888463672,0.3680095453288818,0.4293447460724509,0.4172544960772823,0.5321695952704149,11.921575901823452,7.225254560140382,11.547070795362137,7.1410542290162615,6.374909077386723,9.783485271666397,4.780521672807191,0.8503454827536583,1.76358552369574
39,50.3819,-4.1927,0.25,1.047284007622053,2.607284007622053,2010-12-31 09:45:00+00:00,365.40625,0.3375413657176974,0.21011342733542945,0.6441549355797538,0.510772050704497,9.061933390098586,1.0,41.62359780438657,30.07668088255874,0.4170548058171908,0.40823326108527486,0.4491130372751736,0.49879709592628546,0.5194749443064649,0.6269011462786823,15.449315760914706,9.238718609597377,14.091862839867337,8.296216837097065,7.936656331010229,11.525044245137167,7.153098923817641,1.3020622785871483,2.5668185947301705
40,50.3819,-4.1927,0.25,1.2466512126833273,2.8066512126833274,2010-12-31 10:00:00+00:00,365.4166666666667,0.3375413657176974,0.21011342733542945,0.6441549355797538,0.510772050704497,10.386840076275345,1.0,50.52908413553644,34.32173514350557,0.5113056505654416,0.4989972763381515,0.5312597653543689,0.5432591183162995,0.6168721452185406,0.7137177020209357,18.94072993703366,11.292797188518879,16.669388604559472,9.035729119297548,9.424712915285955,13.121092764236694,9.905000817736111,1.868084273232924,3.548295840322778
41,50.3819,-4.1927,0.25,1.4540126430399707,3.0140126430399707,2010-12-31 10:15:00+00:00,365.4270833333333,0.3375413657176974,0.21011342733542945,0.6441549355797538,0.510772050704497,11.600128004994865,1.0,59.20562093188413,37.709531364611614,0.6014312330951705,0.5879855081055508,0.6122851045284434,0.5649979140515484,0.705343670250893,0.7904652708739369,22.27932851740462,13.30668804758071,19.211728442036073,9.397298512283026,10.77640099371598,14.53203152545623,12.882030005121592,2.530287053864731,4.679696916579843
42,50.3819,-4.1927,0.25,1.6625333538160878,3.222533353816088,2010-12-31 10:30:00+00:00,365.4375,0.3375413657176974,0.21011342733542945,0.6441549355797538,0.510772050704497,12.694734135566396,1.0,67.39750928978248,40.237985354179024,0.6851453977890003,0.6722861847684882,0.6898518573401693,0.5686946463147992,0.7824425763059505,0.8556533019338197,25.380423495754066,15.214494942631436,21.64554788354788,9.458784219988816,11.95433561320523,15.730458018497837,15.92163927576525,3.260159329426207,5.915089865050044
43,50.3819,-4.1927,0.25,1.8665082794399468,3.426508279439947,2010-12-31 10:45:00+00:00,365.4479166666667,0.3375413657176974,0.21011342733542945,0.6441549355797538,0.510772050704497,13.664258044736131,1.0,74.89885664378157,41.97437597786951,0.7607736643270439,0.7496132379943466,0.7617980569341015,0.5594476678032956,0.847005120123146,0.9086022082714509,28.181985673912983,16.964481907838163,23.903010687742135,9.30498432931995,12.940736839576164,16.703878615820447,18.877001344593033,4.023745068261999,7.199132071921689
44,50.3819,-4.1927,0.25,2.061784847741695,3.621784847741695,2010-12-31 11:00:00+00:00,365.4583333333333,0.3375413657176974,0.21011342733542945,0.6441549355797538,0.510772050704497,14.502914142724233,1.0,81.54719445607643,43.013696773213155,0.8270768555990324,0.8182020988476673,0.8262667405631895,0.5416269071044973,0.8986857081335775,0.9492299440135301,30.638111160610478,18.51671501959407,25.925850756424616,9.008581450941731,13.73032461569293,17.450784973843046,21.629529709668745,4.786390403901139,8.47506578258157
45,50.3819,-4.1927,0.25,2.245889758743018,3.8058897587430183,2010-12-31 11:15:00+00:00,365.46875,0.3375413657176974,0.21011342733542945,0.6441549355797538,0.510772050704497,15.205564010166428,1.0,87.21622103572876,43.44991687823812,0.8831322616233357,0.8767058010644968,0.8817329753562443,0.5184548626417219,0.9375692344449417,0.9777706565344669,32.714619225488995,19.840711111838164,27.666220124657187,8.623173622804638,14.324395973038376,17.975481692845875,24.09144560268436,5.516315138799788,9.690738431811312
46,50.3819,-4.1927,0.25,2.4178569951485938,3.977856995148594,2010-12-31 11:30:00+00:00,365.4791666666667,0.3375413657176974,0.21011342733542945,0.6441549355797538,0.510772050704497,15.767784322391124,1.0,91.80950050108896,43.36193594706233,0.9282550423493061,0.9241107438336975,0.926989332940322,0.49205415790510415,0.963918526613293,0.9945703065299119,34.386140756286565,20.913531405276302,29.086233196591376,8.184065270057681,14.726966450782555,18.284328965896243,26.202075486228885,6.186564954493747,10.801904230695133
47,50.3819,-4.1927,0.25,2.577815812125738,4.137815812125738,2010-12-31 11:45:00+00:00,365.4895833333333,0.3375413657176974,0.21011342733542945,0.6441549355797538,0.510772050704497,16.185947412847206,1.0,95.25554852160737,42.81132552538584,0.9619466616611567,0.9596739453467914,0.9611188890445688,0.46371718351150804,0.9780551153764883,1.0,35.63420805579988,21.71836149374685,30.1571195514489,7.712752012629889,14.942948468656569,18.384149261092322,27.921456043169993,6.775413025090282,11.772970290356579
48,50.3819,-4.1927,0.25,2.7264440514648283,4.286444051464828,2010-12-31 12:00:00+00:00,365.5,0.3375413657176974,0.21011342733542945,0.6441549355797538,0.510772050704497,16.457299850729555,1.0,97.5042438540549,41.84715447627442,0.9838614405419849,0.9828787147904784,0.9834685057463588,0.43422437109527384,0.9803398275114836,0.9944667295790107,36.44601584230203,22.243508157986994,30.85838561799656,7.222214339216756,14.977854820213054,18.282424791770868,29.223801503085276,7.265653337773941,12.575960826225693
49,50.3819,-4.1927,0.25,2.8644134751739574,4.424413475173957,2010-12-31 12:15:00+00:00,365.5104166666667,0.3375413657176974,0.21011342733542945,0.6441549355797538,0.510772050704497,16.5800283235133,1.0,98.52437634393586,40.51317538834173,0.9937855032029751,0.9934050791690653,0.9936274946638403,0.4041096414522003,0.9712066378231551,0.9784735288854451,36.813641333106105,22.481730095653997,31.177145187492574,6.721332659772465,14.838315871209526,17.988403403057752,30.09230867333364,7.643414224444472,13.188741784434821
50,50.3819,-4.1927,0.25,2.9919458348176016,4.551945834817602,2010-12-31 12:30:00+00:00,365.5208333333333,0.3375413657176974,0.21011342733542945,0.6441549355797538,0.510772050704497,16.553305906561683,1.0,98.30215894510062,38.85367459768844,0.9916246737509823,0.9911121216668418,0.9914135007890107,0.3738275003119607,0.9512049258908412,0.9526782791635744,36.73359589053194,22.429838221164175,31.107676489363268,6.217666517281265,14.53272516779152,17.51417968194373,30.51592937325067,7.897113053372655,13.593496807419537
51,50.3819,-4.1927,0.25,3.1085640551943814,4.6685640551943814,2010-12-31 12:45:00+00:00,365.53125,0.3375413657176974,0.21011342733542945,0.6441549355797538,0.510772050704497,16.377313901952988,1.0,96.84058145347133,36.91589830909079,0.9773993744263941,0.9760303789904842,0.976866099837527,0.3438170593136489,0.9210182096036942,0.9179150330484532,36.206636032993636,22.088523610103813,30.651221294634063,5.718519413313971,14.071525651705807,16.875086976563257,30.488116619679666,8.016997958398006,13.776134318070806
52,50.3819,-4.1927,0.25,3.2130713261504984,4.7730713261504985,2010-12-31 13:00:00+00:00,365.5416666666667,0.3375413657176974,0.21011342733542945,0.6441549355797538,0.510772050704497,16.053236995632673,1.0,94.15954936313322,34.74875490525174,0.9512457138743048,0.9483634720015272,0.9502481868627204,0.3144866235145846,0.8814470186201351,0.8751658274903061,35.237803748753954,21.462394402039397,29.816028486604583,5.230682460567253,13.466947997119261,16.08917920078916,30.007121288186703,7.995446404920136,13.726849285815423
53,50.3819,-4.1927,0.25,3.3037350162466157,4.863735016246616,2010-12-31 13:15:00+00:00,365.5520833333333,0.3375413657176974,0.21011342733542945,0.6441549355797538,0.510772050704497,15.583232402520064,1.0,90.29682161539436,32.39898691850909,0.9134229523766745,0.908499163002357,0.9120551600923591,0.28615733352663303,0.8333635929171463,0.8254952629833171,33.83670303686624,20.560226037731518,28.617642222975483,4.759497013617933,12.73231848475312,15.17602812900996,29.07720602324831,7.827907552978397,13.441614093965523
54,50.3819,-4.1927,0.25,3.378605699663767,4.938605699663767,2010-12-31 13:30:00+00:00,365.5625,0.3375413657176974,0.21011342733542945,0.6441549355797538,0.510772050704497,14.970375797183838,1.0,85.30982459362414,29.906806141424866,0.8643285012533244,0.8570309941595359,0.8630317013928596,0.25900450595511554,0.7776604373511524,0.7699761593914195,32.018055542738345,19.395450957852013,27.07942845808321,4.307879016814464,11.881273006765106,14.15535664173447,27.71017652592388,7.514177951086907,12.924071816348741
55,50.3819,-4.1927,0.25,3.435875043127077,4.995875043127077,2010-12-31 13:45:00+00:00,365.5729166666667,0.3375413657176974,0.21011342733542945,0.6441549355797538,0.510772050704497,14.218589920700934,1.0,79.27848757697764,27.302973327826084,0.8045229063075241,0.7947927472746865,0.8041953508174873,0.23302403142012362,0.71522001965509,0.7096378823967038,29.80262604114897,17.98693846135638,25.23331464375968,3.875760121108574,10.927294105857776,13.046088751306481,25.926865920040395,7.059644355498605,12.187225892453199
56,50.3819,-4.1927,0.25,3.474175377243562,5.034175377243562,2010-12-31 14:00:00+00:00,365.5833333333333,0.3375413657176974,0.21011342733542945,0.6441549355797538,0.510772050704497,13.33256414622365,1.0,72.30928661465397,24.608669141340503,0.7347689835105731,0.7229089281867056,0.7368641934530249,0.20803569027965052,0.6469289812669577,0.6454596308107351,27.218672172685615,16.36013721696112,23.12065846217531,3.4601428326483474,9.883928091548764,11.866226194834098,23.758529340037267,6.476209125412357,11.254432267341212
57,50.3819,-4.1927,0.25,3.492747453021583,5.052747453021583,2010-12-31 14:15:00+00:00,365.59375,0.3375413657176974,0.21011342733542945,0.6441549355797538,0.510772050704497,12.317676137756953,1.0,64.54065755431937,21.83861330891811,0.6560917814974557,0.6428649098575855,0.6626814315908673,0.1837227983916793,0.5737501111331011,0.5784127214220491,24.304165685452563,14.548662669889067,20.793018829207895,3.0557599188606606,8.765884672304646,10.633625805137564,21.2484057665919,5.782777997584422,10.159393024070331
58,50.3819,-4.1927,0.25,3.49144404953686,5.05144404953686,2010-12-31 14:30:00+00:00,365.6041666666667,0.3375413657176974,0.21011342733542945,0.6441549355797538,0.510772050704497,11.179933324417606,1.0,56.149731480573955,19.00706129606629,0.5698697747347864,0.556598889829956,0.5836196360799631,0.15970192228065264,0.4968525305557493,0.5095321731281153,21.110170581125452,12.596378129216426,18.312289289551558,2.656233942343001,7.591025949246473,9.367315524116005,18.45393663878245,5.005352179969953,8.944973765435552
59,50.3819,-4.1927,0.25,3.470584447448449,5.030584447448449,2010-12-31 14:45:00+00:00,365.6145833333333,0.3375413657176974,0.21011342733542945,0.6441549355797538,0.510772050704497,9.925962781013695,1.0,47.3596111171126,16.135633292686315,0.4779721616902527,0.4666097484243626,0.5019263924233012,0.13561743073345953,0.4177851883180704,0.43996799699786115,17.705929167775853,10.55983570453663,15.748992549073744,2.255649885381542,6.3830171141242635,8.088437326912498,15.45027928239431,4.176818590412366,7.660555222161246
60,50.3819,-4.1927,0.25,3.4307157974615996,4.9907157974616,2010-12-31 15:00:00+00:00,365.625,0.3375413657176974,0.21011342733542945,0.6441549355797538,0.510772050704497,8.563105770068077,1.0,38.444416077796724,13.261205574726775,0.38295970905248494,0.37604849034020726,0.4199332043322068,0.11126168415489855,0.33865276479416123,0.3709246051780461,14.186302103070004,8.510345718967162,13.176284423312515,1.8505541931744884,5.174013952311133,6.819133306204938,12.335747909895515,3.3363317666560297,6.357151117107577
61,50.3819,-4.1927,0.25,3.3723615484006806,4.932361548400681,2010-12-31 15:15:00+00:00,365.6354166666667,0.3375413657176974,0.21011342733542945,0.6441549355797538,0.510772050704497,7.099749085130272,1.0,29.724556589710556,10.440653922335523,0.2883539848898367,0.28868673207279955,0.3395904818312503,0.08672901614599822,0.2621885094849244,0.30333791382028197,10.681741827077365,6.533263548527229,10.655363114650278,1.4425158644500768,4.0057756712401345,5.576609484220423,9.23922596262729,2.5274878772870943,5.078753630429855
62,50.3819,-4.1927,0.25,3.2958384583268363,4.855838458326836,2010-12-31 15:30:00+00:00,365.6458333333333,0.3375413657176974,0.21011342733542945,0.6441549355797538,0.510772050704497,5.5462411586573355,1.0,21.53516913772354,7.745888229346017,0.19890085911938152,0.20847643033949959,0.26157886375730444,0.06260451396839016,0.19145398118271026,0.23711256536450898,7.368053634177482,4.718025845124945,8.207585093143864,1.0412663327526537,2.9250774623586797,4.359112793341643,6.326787301424828,1.7929483827662653,3.8484722998022214
63,50.3819,-4.1927,0.25,3.2012024656522526,4.761202465652253,2010-12-31 15:45:00+00:00,365.65625,0.3375413657176974,0.21011342733542945,0.6441549355797538,0.510772050704497,3.917447667216604,1.0,14.140744894934523,5.237769218722458,0.12045178598604275,0.13812858439351144,0.18424508244531454,0.040103561843306185,0.12860345633684875,0.17007436952896024,4.46199791899818,3.125985177594601,5.781075620720897,0.6670204131284062,1.9648328511557545,3.126672594906577,3.794977505869774,1.1611523264388464,2.6544030258143203
64,50.3819,-4.1927,0.25,3.0883459509222715,4.6483459509222715,2010-12-31 16:00:00+00:00,365.6666666666667,0.3375413657176974,0.21011342733542945,0.6441549355797538,0.510772050704497,2.240506648391863,1.0,7.603835329030919,2.9168420831880035,0.05832672849994225,0.07649812945649007,0.10447539922781145,0.020765192873046005,0.07239846304737732,0.09855242882084794,2.1606465944711757,1.7312276082801443,3.278134620609209,0.34537599385781403,1.1061201823073692,1.8118025614856452,1.8152706006133617,0.6251074259727751,1.4663320591235638
65,50.3819,-4.1927,0.25,2.957225060537923,4.517225060537923,2010-12-31 16:15:00+00:00,365.6770833333333,0.3375413657176974,0.21011342733542945,0.6441549355797538,0.510772050704497,0.5771952915532048,1.0,1.8416755951421666,0.7358010587493072,0.013129445091632682,0.019181524188961137,0.0253447620873183,0.005052689532208944,0.01850212747204097,0.024517420744504113,0.4863651974679248,0.4340966828961542,0.7952450305394471,0.08403859668006328,0.28267971101894157,0.4507319224639649,0.40232660078786153,0.15141697187721265,0.3445131080754822
66,50.3819,-4.1927,0.25,2.8081577051509172,4.368157705150917,2010-12-31 16:30:00+00:00,365.6875,0.3375413657176974,0.21011342733542945,0.6441549355797538,0.510772050704497,-1.798864895094354,0.75,1.808790577507695,0.7568689817477099,0.02941932895906271,0.05485130529856841,0.031051951731254773,0.012369272804754722,0.05406498568246029,0.03091043839042908,1.0898052155812068,1.2413387720427225,0.9743200673083917,0.205731288621252,0.8260171459771708,0.5682621130954465,0.8840739269599548,0.4153216260655517,0.4060579542129452
67,50.3819,-4.1927,0.25,2.642110888522421,4.202110888522421,2010-12-31 16:45:00+00:00,365.6979166666667,0.3375413657176974,0.21011342733542945,0.6441549355797538,0.510772050704497,-3.7840062356739548,0.75,1.1888728807363935,0.5237701891929416,0.019613043350967238,0.036502076203137133,0.020280288076996885,0.009100588977108933,0.03685588911392087,0.020841831633299803,0.726542640284117,0.8260777424415228,0.6363365438419326,0.1513650743278363,0.5630926551453518,0.3831593436211391,0.5751775659562807,0.262985087296171,0.2531772002207935
68,50.3819,-4.1927,0.25,2.460896200753257,4.020896200753257,2010-12-31 17:00:00+00:00,365.7083333333333,0.3375413657176974,0.21011342733542945,0.6441549355797538,0.510772050704497,-5.8318596223508505,0.75,0.610275287243468,0.2844119076078618,0.009974782606825484,0.019586346541377066,0.010202707699308497,0.0051540888914296725,0.020302918283852216,0.010856440431008725,0.3695043528808432,0.4432582093011886,0.32013133790596704,0.08572511626509746,0.31019260255304226,0.19958642132782187,0.2837792366157458,0.13306560674814633,0.12054491657814517
69,50.3819,-4.1927,0.25,2.267214738350217,3.827214738350217,2010-12-31 17:15:00+00:00,365.71875,0.3375413657176974,0.21011342733542945,0.6441549355797538,0.510772050704497,-7.936810486507068,0.5,0.23421800406427598,0.11591473851633184,0.00363890204595518,0.007891659830720326,0.0038347811619330882,0.0021093914740771408,0.008413456370688651,0.004235087217930665,0.1347989423616488,0.1785959927539031,0.12032429626788613,0.035084344327966976,0.1285426997047053,0.07785847554818158,0.09971459803368182,0.05005329304919778,0.04246582071970455
70,50.3819,-4.1927,0.25,2.0645316120707333,3.6245316120707334,2010-12-31 17:30:00+00:00,365.7291666666667,0.3375413657176974,0.21011342733542945,0.6441549355797538,0.510772050704497,-10.093407122273545,0.5,0.07634612620309417,0.040235986649337085,0.0011148218579836544,0.0026416947564758876,0.0012536874808057505,0.0007288725916762753,0.002900392986761916,0.0014394991525053609,0.04129729393097706,0.05978414018163873,0.03933707231204007,0.012122935591543472,0.044312863619503644,0.026463967280874454,0.029174358339433586,0.015471276562135088,0.012873105031165614
71,50.3819,-4.1927,0.25,1.856805307422789,3.416805307422789,2010-12-31 17:45:00+00:00,365.7395833333333,0.3375413657176974,0.21011342733542945,0.6441549355797538,0.510772050704497,-12.296344097260281,0.5,0.02718924100965563,0.015283172347233696,0.0004020424023008945,0.0009472913004576691,0.0004407341229551389,0.0002973566445854339,0.001071873614910057,0.0005266470643137797,0.014893198533589933,0.021438130109687058,0.013828956841721965,0.00494576897415806,0.01637632883945208,0.009681958238260612,0.009947429559431873,0.005061801270234978,0.004146998603461353
72,50.3819,-4.1927,0.25,1.6481364393266964,3.2081364393266965,2010-12-31 18:00:00+00:00,365.75,0.3375413657176974,0.21011342733542945,0.6441549355797538,0.510772050704497,-14.540439364241006,0.5,0.010407431876121134,0.006241310366774968,0.00015972164979271723,0.00035487734737520816,0.00016757030317046792,0.00013371257356373613,0.00041388863999599127,0.00020842005574227493,0.0059167048720775405,0.008031222014109789,0.005257869472327061,0.0022239674472663454,0.006323484762759745,0.0038316254137711644,0.003692737424811195,0.001707737251350044,0.0014262440585558968
73,50.3819,-4.1927,0.25,1.4424232217709112,3.0024232217709113,2010-12-31 18:15:00+00:00,365.7604166666667,0.3375413657176974,0.21011342733542945,0.6441549355797538,0.510772050704497,-16.82060368526747,0.5,0.005306025909816374,0.0033917130715650228,9.458859586319059e-05,0.00015823329459461506,8.600595262965557e-05,8.947214171709485e-05,0.00019013501484630154,0.00011128175659712388,0.003503925777832978,0.003580974464311979,0.0026986170235059233,0.0014881407582898088,0.002904925994729719,0.0020458204233180705,0.002015785019543169,0.0006760484695822596,0.0006527966001878527
74,50.3819,-4.1927,0.25,1.2431106647032708,2.803110664703271,2010-12-31 18:30:00+00:00,365.7708333333333,0.3375413657176974,0.21011342733542945,0.6441549355797538,0.510772050704497,-19.13180323350513,0.0,0.0,0.0,0.0,0.0,0.0,0.0,0.0,0.0,0.0,0.0,0.0,0.0,0.0,0.0,0.0,0.0,0.0
75,50.3819,-4.1927,0.25,1.053096626202934,2.613096626202934,2010-12-31 18:45:00+00:00,365.78125,0.3375413657176974,0.21011342733542945,0.6441549355797538,0.510772050704497,-21.46901601816413,0.0,0.0,0.0,0.0,0.0,0.0,0.0,0.0,0.0,0.0,0.0,0.0,0.0,0.0,0.0,0.0,0.0,0.0
76,50.3819,-4.1927,0.25,0.8748159400011546,2.4348159400011546,2010-12-31 19:00:00+00:00,365.7916666666667,0.3375413657176974,0.21011342733542945,0.6441549355797538,0.510772050704497,-23.827179601486925,0.0,0.0,0.0,0.0,0.0,0.0,0.0,0.0,0.0,0.0,0.0,0.0,0.0,0.0,0.0,0.0,0.0,0.0
77,50.3819,-4.1927,0.25,0.7104744649490926,2.2704744649490927,2010-12-31 19:15:00+00:00,365.8020833333333,0.3375413657176974,0.21011342733542945,0.6441549355797538,0.510772050704497,-26.201129877326693,0.0,0.0,0.0,0.0,0.0,0.0,0.0,0.0,0.0,0.0,0.0,0.0,0.0,0.0,0.0,0.0,0.0,0.0
78,50.3819,-4.1927,0.25,0.5623608243921416,2.1223608243921417,2010-12-31 19:30:00+00:00,365.8125,0.3375413657176974,0.21011342733542945,0.6441549355797538,0.510772050704497,-28.58553028563073,0.0,0.0,0.0,0.0,0.0,0.0,0.0,0.0,0.0,0.0,0.0,0.0,0.0,0.0,0.0,0.0,0.0,0.0
79,50.3819,-4.1927,0.25,0.4331366335265434,1.9931366335265435,2010-12-31 19:45:00+00:00,365.8229166666667,0.3375413657176974,0.21011342733542945,0.6441549355797538,0.510772050704497,-30.97478741845664,0.0,0.0,0.0,0.0,0.0,0.0,0.0,0.0,0.0,0.0,0.0,0.0,0.0,0.0,0.0,0.0,0.0,0.0
80,50.3819,-4.1927,0.25,0.3260039402524433,1.8860039402524433,2010-12-31 20:00:00+00:00,365.8333333333333,0.3375413657176974,0.21011342733542945,0.6441549355797538,0.510772050704497,-33.36295120595151,0.0,0.0,0.0,0.0,0.0,0.0,0.0,0.0,0.0,0.0,0.0,0.0,0.0,0.0,0.0,0.0,0.0,0.0
81,50.3819,-4.1927,0.25,0.2446730994099564,1.8046730994099565,2010-12-31 20:15:00+00:00,365.84375,0.3375413657176974,0.21011342733542945,0.6441549355797538,0.510772050704497,-35.74359724156719,0.0,0.0,0.0,0.0,0.0,0.0,0.0,0.0,0.0,0.0,0.0,0.0,0.0,0.0,0.0,0.0,0.0,0.0
82,50.3819,-4.1927,0.25,0.19310037007172154,1.7531003700717216,2010-12-31 20:30:00+00:00,365.8541666666667,0.3375413657176974,0.21011342733542945,0.6441549355797538,0.510772050704497,-38.10968523010283,0.0,0.0,0.0,0.0,0.0,0.0,0.0,0.0,0.0,0.0,0.0,0.0,0.0,0.0,0.0,0.0,0.0,0.0
83,50.3819,-4.1927,0.25,0.17502152404910198,1.735021524049102,2010-12-31 20:45:00+00:00,365.8645833333333,0.3375413657176974,0.21011342733542945,0.6441549355797538,0.510772050704497,-40.45338984464242,0.0,0.0,0.0,0.0,0.0,0.0,0.0,0.0,0.0,0.0,0.0,0.0,0.0,0.0,0.0,0.0,0.0,0.0
84,50.3819,-4.1927,0.25,0.19336199587439507,1.7533619958743951,2010-12-31 21:00:00+00:00,365.875,0.3375413657176974,0.21011342733542945,0.6441549355797538,0.510772050704497,-42.765899952109926,0.0,0.0,0.0,0.0,0.0,0.0,0.0,0.0,0.0,0.0,0.0,0.0,0.0,0.0,0.0,0.0,0.0,0.0
85,50.3819,-4.1927,0.25,0.24964210568769474,1.8096421056876948,2010-12-31 21:15:00+00:00,365.8854166666667,0.3375413657176974,0.21011342733542945,0.6441549355797538,0.510772050704497,-45.03717967800093,0.0,0.0,0.0,0.0,0.0,0.0,0.0,0.0,0.0,0.0,0.0,0.0,0.0,0.0,0.0,0.0,0.0,0.0
86,50.3819,-4.1927,0.25,0.3435077492402214,1.9035077492402215,2010-12-31 21:30:00+00:00,365.8958333333333,0.3375413657176974,0.21011342733542945,0.6441549355797538,0.510772050704497,-47.255689420113804,0.0,0.0,0.0,0.0,0.0,0.0,0.0,0.0,0.0,0.0,0.0,0.0,0.0,0.0,0.0,0.0,0.0,0.0
87,50.3819,-4.1927,0.25,0.47249884561807365,2.0324988456180737,2010-12-31 21:45:00+00:00,365.90625,0.3375413657176974,0.21011342733542945,0.6441549355797538,0.510772050704497,-49.40806909577837,0.0,0.0,0.0,0.0,0.0,0.0,0.0,0.0,0.0,0.0,0.0,0.0,0.0,0.0,0.0,0.0,0.0,0.0
88,50.3819,-4.1927,0.25,0.6321230359101997,2.1921230359101997,2010-12-31 22:00:00+00:00,365.9166666666667,0.3375413657176974,0.21011342733542945,0.6441549355797538,0.510772050704497,-51.478791850841716,0.0,0.0,0.0,0.0,0.0,0.0,0.0,0.0,0.0,0.0,0.0,0.0,0.0,0.0,0.0,0.0,0.0,0.0
89,50.3819,-4.1927,0.25,0.8162403783700878,2.376240378370088,2010-12-31 22:15:00+00:00,365.9270833333333,0.3375413657176974,0.21011342733542945,0.6441549355797538,0.510772050704497,-53.44981495229165,0.0,0.0,0.0,0.0,0.0,0.0,0.0,0.0,0.0,0.0,0.0,0.0,0.0,0.0,0.0,0.0,0.0,0.0
90,50.3819,-4.1927,0.25,1.017699972935155,2.577699972935155,2010-12-31 22:30:00+00:00,365.9375,0.3375413657176974,0.21011342733542945,0.6441549355797538,0.510772050704497,-55.3002802048535,0.0,0.0,0.0,0.0,0.0,0.0,0.0,0.0,0.0,0.0,0.0,0.0,0.0,0.0,0.0,0.0,0.0,0.0
91,50.3819,-4.1927,0.25,1.2291163969407646,2.7891163969407646,2010-12-31 22:45:00+00:00,365.9479166666667,0.3375413657176974,0.21011342733542945,0.6441549355797538,0.510772050704497,-57.00635211965686,0.0,0.0,0.0,0.0,0.0,0.0,0.0,0.0,0.0,0.0,0.0,0.0,0.0,0.0,0.0,0.0,0.0,0.0
92,50.3819,-4.1927,0.25,1.4436447157937704,3.0036447157937705,2010-12-31 23:00:00+00:00,365.9583333333333,0.3375413657176974,0.21011342733542945,0.6441549355797538,0.510772050704497,-58.54133366036193,0.0,0.0,0.0,0.0,0.0,0.0,0.0,0.0,0.0,0.0,0.0,0.0,0.0,0.0,0.0,0.0,0.0,0.0
93,50.3819,-4.1927,0.25,1.6556142772968312,3.2156142772968312,2010-12-31 23:15:00+00:00,365.96875,0.3375413657176974,0.21011342733542945,0.6441549355797538,0.510772050704497,-59.876246069817505,0.0,0.0,0.0,0.0,0.0,0.0,0.0,0.0,0.0,0.0,0.0,0.0,0.0,0.0,0.0,0.0,0.0,0.0
94,50.3819,-4.1927,0.25,1.8609130865312973,3.4209130865312973,2010-12-31 23:30:00+00:00,365.9791666666667,0.3375413657176974,0.21011342733542945,0.6441549355797538,0.510772050704497,-60.9810712952711,0.0,0.0,0.0,0.0,0.0,0.0,0.0,0.0,0.0,0.0,0.0,0.0,0.0,0.0,0.0,0.0,0.0,0.0
95,50.3819,-4.1927,0.25,2.057068800835337,3.617068800835337,2010-12-31 23:45:00+00:00,365.9895833333333,0.3375413657176974,0.21011342733542945,0.6441549355797538,0.510772050704497,-61.82678725011563,0.0,0.0,0.0,0.0,0.0,0.0,0.0,0.0,0.0,0.0,0.0,0.0,0.0,0.0,0.0,0.0,0.0,0.0
96,50.3819,-4.1927,0.25,2.2430367320177402,3.8030367320177403,2011-01-01 00:00:00+00:00,1.0,0.3375413657176974,0.21011342733542945,0.6441549355797538,0.510772050704497,-62.38811165863377,0.0,0.0,0.0,0.0,0.0,0.0,0.0,0.0,0.0,0.0,0.0,0.0,0.0,0.0,0.0,0.0,0.0,0.0
97,50.3819,-4.1927,0.25,2.4187649175994843,3.9787649175994844,2011-01-01 00:15:00+00:00,1.0104166666666667,0.3375413657176974,0.21011342733542945,0.6441549355797538,0.510772050704497,-62.64660742161706,0.0,0.0,0.0,0.0,0.0,0.0,0.0,0.0,0.0,0.0,0.0,0.0,0.0,0.0,0.0,0.0,0.0,0.0
98,50.3819,-4.1927,0.25,2.5846480013897186,4.144648001389719,2011-01-01 00:30:00+00:00,1.0208333333333333,0.3375413657176974,0.21011342733542945,0.6441549355797538,0.510772050704497,-62.593256297326036,0.0,0.0,0.0,0.0,0.0,0.0,0.0,0.0,0.0,0.0,0.0,0.0,0.0,0.0,0.0,0.0,0.0,0.0
99,50.3819,-4.1927,0.25,2.740996497516772,4.300996497516772,2011-01-01 00:45:00+00:00,1.03125,0.3375413657176974,0.21011342733542945,0.6441549355797538,0.510772050704497,-62.22993233241053,0.0,0.0,0.0,0.0,0.0,0.0,0.0,0.0,0.0,0.0,0.0,0.0,0.0,0.0,0.0,0.0,0.0,0.0
100,50.3819,-4.1927,0.25,2.8876337213471435,4.4476337213471435,2011-01-01 01:00:00+00:00,1.0416666666666667,0.3375413657176974,0.21011342733542945,0.6441549355797538,0.510772050704497,-61.569083714788505,0.0,0.0,0.0,0.0,0.0,0.0,0.0,0.0,0.0,0.0,0.0,0.0,0.0,0.0,0.0,0.0,0.0,0.0
101,50.3819,-4.1927,0.25,3.023693890913886,4.583693890913886,2011-01-01 01:15:00+00:00,1.0520833333333333,0.3375413657176974,0.21011342733542945,0.6441549355797538,0.510772050704497,-60.631817180250295,0.0,0.0,0.0,0.0,0.0,0.0,0.0,0.0,0.0,0.0,0.0,0.0,0.0,0.0,0.0,0.0,0.0,0.0
102,50.3819,-4.1927,0.25,3.1476419047780753,4.707641904778075,2011-01-01 01:30:00+00:00,1.0625,0.3375413657176974,0.21011342733542945,0.6441549355797538,0.510772050704497,-59.44501519771002,0.0,0.0,0.0,0.0,0.0,0.0,0.0,0.0,0.0,0.0,0.0,0.0,0.0,0.0,0.0,0.0,0.0,0.0
103,50.3819,-4.1927,0.25,3.2574813966570635,4.8174813966570635,2011-01-01 01:45:00+00:00,1.0729166666666667,0.3375413657176974,0.21011342733542945,0.6441549355797538,0.510772050704497,-58.03831023037537,0.0,0.0,0.0,0.0,0.0,0.0,0.0,0.0,0.0,0.0,0.0,0.0,0.0,0.0,0.0,0.0,0.0,0.0
104,50.3819,-4.1927,0.25,3.3510758240197664,4.9110758240197665,2011-01-01 02:00:00+00:00,1.0833333333333333,0.3375413657176974,0.21011342733542945,0.6441549355797538,0.510772050704497,-56.4415492709622,0.0,0.0,0.0,0.0,0.0,0.0,0.0,0.0,0.0,0.0,0.0,0.0,0.0,0.0,0.0,0.0,0.0,0.0
105,50.3819,-4.1927,0.25,3.426487088091425,4.986487088091425,2011-01-01 02:15:00+00:00,1.09375,0.3375413657176974,0.21011342733542945,0.6441549355797538,0.510772050704497,-54.68303258130016,0.0,0.0,0.0,0.0,0.0,0.0,0.0,0.0,0.0,0.0,0.0,0.0,0.0,0.0,0.0,0.0,0.0,0.0
106,50.3819,-4.1927,0.25,3.4822413140443813,5.042241314044381,2011-01-01 02:30:00+00:00,1.1041666666666667,0.3375413657176974,0.21011342733542945,0.6441549355797538,0.510772050704497,-52.788517160593095,0.0,0.0,0.0,0.0,0.0,0.0,0.0,0.0,0.0,0.0,0.0,0.0,0.0,0.0,0.0,0.0,0.0,0.0
107,50.3819,-4.1927,0.25,3.517459269530281,5.077459269530281,2011-01-01 02:45:00+00:00,1.1145833333333333,0.3375413657176974,0.21011342733542945,0.6441549355797538,0.510772050704497,-50.780818106483544,0.0,0.0,0.0,0.0,0.0,0.0,0.0,0.0,0.0,0.0,0.0,0.0,0.0,0.0,0.0,0.0,0.0,0.0
108,50.3819,-4.1927,0.25,3.5318311722564038,5.091831172256404,2011-01-01 03:00:00+00:00,1.125,0.3375413657176974,0.21011342733542945,0.6441549355797538,0.510772050704497,-48.679805222047264,0.0,0.0,0.0,0.0,0.0,0.0,0.0,0.0,0.0,0.0,0.0,0.0,0.0,0.0,0.0,0.0,0.0,0.0
109,50.3819,-4.1927,0.25,3.5254606928167322,5.085460692816732,2011-01-01 03:15:00+00:00,1.1354166666666667,0.3375413657176974,0.21011342733542945,0.6441549355797538,0.510772050704497,-46.50262480992214,0.0,0.0,0.0,0.0,0.0,0.0,0.0,0.0,0.0,0.0,0.0,0.0,0.0,0.0,0.0,0.0,0.0,0.0
110,50.3819,-4.1927,0.25,3.498638833832851,5.058638833832851,2011-01-01 03:30:00+00:00,1.1458333333333333,0.3375413657176974,0.21011342733542945,0.6441549355797538,0.510772050704497,-44.264024502481966,0.0,0.0,0.0,0.0,0.0,0.0,0.0,0.0,0.0,0.0,0.0,0.0,0.0,0.0,0.0,0.0,0.0,0.0
111,50.3819,-4.1927,0.25,3.4516258755919442,5.011625875591944,2011-01-01 03:45:00+00:00,1.15625,0.3375413657176974,0.21011342733542945,0.6441549355797538,0.510772050704497,-41.97670472103601,0.0,0.0,0.0,0.0,0.0,0.0,0.0,0.0,0.0,0.0,0.0,0.0,0.0,0.0,0.0,0.0,0.0,0.0
112,50.3819,-4.1927,0.25,3.3845146036026645,4.944514603602665,2011-01-01 04:00:00+00:00,1.1666666666666667,0.3375413657176974,0.21011342733542945,0.6441549355797538,0.510772050704497,-39.65165706896507,0.0,0.0,0.0,0.0,0.0,0.0,0.0,0.0,0.0,0.0,0.0,0.0,0.0,0.0,0.0,0.0,0.0,0.0
113,50.3819,-4.1927,0.25,3.297222510549956,4.857222510549956,2011-01-01 04:15:00+00:00,1.1770833333333333,0.3375413657176974,0.21011342733542945,0.6441549355797538,0.510772050704497,-37.2984693991337,0.0,0.0,0.0,0.0,0.0,0.0,0.0,0.0,0.0,0.0,0.0,0.0,0.0,0.0,0.0,0.0,0.0,0.0
114,50.3819,-4.1927,0.25,3.189621945863799,4.749621945863799,2011-01-01 04:30:00+00:00,1.1875,0.3375413657176974,0.21011342733542945,0.6441549355797538,0.510772050704497,-34.92559009194,0.0,0.0,0.0,0.0,0.0,0.0,0.0,0.0,0.0,0.0,0.0,0.0,0.0,0.0,0.0,0.0,0.0,0.0
115,50.3819,-4.1927,0.25,3.0617760904460956,4.621776090446096,2011-01-01 04:45:00+00:00,1.1979166666666667,0.3375413657176974,0.21011342733542945,0.6441549355797538,0.510772050704497,-32.540553854976736,0.0,0.0,0.0,0.0,0.0,0.0,0.0,0.0,0.0,0.0,0.0,0.0,0.0,0.0,0.0,0.0,0.0,0.0
116,50.3819,-4.1927,0.25,2.9142164813414966,4.474216481341497,2011-01-01 05:00:00+00:00,1.2083333333333333,0.3375413657176974,0.21011342733542945,0.6441549355797538,0.510772050704497,-30.150171810786716,0.0,0.0,0.0,0.0,0.0,0.0,0.0,0.0,0.0,0.0,0.0,0.0,0.0,0.0,0.0,0.0,0.0,0.0
117,50.3819,-4.1927,0.25,2.7481835077337693,4.308183507733769,2011-01-01 05:15:00+00:00,1.21875,0.3375413657176974,0.21011342733542945,0.6441549355797538,0.510772050704497,-27.760689745313968,0.0,0.0,0.0,0.0,0.0,0.0,0.0,0.0,0.0,0.0,0.0,0.0,0.0,0.0,0.0,0.0,0.0,0.0
118,50.3819,-4.1927,0.25,2.5657589033155026,4.125758903315503,2011-01-01 05:30:00+00:00,1.2291666666666667,0.3375413657176974,0.21011342733542945,0.6441549355797538,0.510772050704497,-25.377921376323886,0.0,0.0,0.0,0.0,0.0,0.0,0.0,0.0,0.0,0.0,0.0,0.0,0.0,0.0,0.0,0.0,0.0,0.0
119,50.3819,-4.1927,0.25,2.3698469297726246,3.9298469297726246,2011-01-01 05:45:00+00:00,1.2395833333333333,0.3375413657176974,0.21011342733542945,0.6441549355797538,0.510772050704497,-23.007360181095798,0.0,0.0,0.0,0.0,0.0,0.0,0.0,0.0,0.0,0.0,0.0,0.0,0.0,0.0,0.0,0.0,0.0,0.0
120,50.3819,-4.1927,0.25,2.1640013964232927,3.7240013964232928,2011-01-01 06:00:00+00:00,1.25,0.3375413657176974,0.21011342733542945,0.6441549355797538,0.510772050704497,-20.65427268787581,0.0,0.0,0.0,0.0,0.0,0.0,0.0,0.0,0.0,0.0,0.0,0.0,0.0,0.0,0.0,0.0,0.0,0.0
121,50.3819,-4.1927,0.25,1.9521380097410188,3.512138009741019,2011-01-01 06:15:00+00:00,1.2604166666666667,0.3375413657176974,0.21011342733542945,0.6441549355797538,0.510772050704497,-18.323778337228656,0.0,0.0,0.0,0.0,0.0,0.0,0.0,0.0,0.0,0.0,0.0,0.0,0.0,0.0,0.0,0.0,0.0,0.0
122,50.3819,-4.1927,0.25,1.7382042389838457,3.2982042389838457,2011-01-01 06:30:00+00:00,1.2708333333333333,0.3375413657176974,0.21011342733542945,0.6441549355797538,0.510772050704497,-16.020917472296,0.5,0.006237143463951127,0.003126724773853101,0.00010374948750679951,0.00019852598196559352,0.00010070659421016864,7.541854777060657e-05,0.00020409608961412948,9.559158614913288e-05,0.003843280475775666,0.00449283745081956,0.003159880464147735,0.0012543950856048743,0.003118226469869517,0.0017573699878702244,0.0025888853901707915,0.001374610980950043,0.0014025104762775105
123,50.3819,-4.1927,0.25,1.5258926312817191,3.085892631281719,2011-01-01 06:45:00+00:00,1.28125,0.3375413657176974,0.21011342733542945,0.6441549355797538,0.510772050704497,-13.750708492901946,0.5,0.014293019545525176,0.00779576039492,0.00021422908008072875,0.0004956634493992518,0.0002300549580182143,0.00017855228957900862,0.0005328167806423578,0.00023459384558026714,0.007935869955634108,0.01121734941902624,0.007218456479671923,0.002969761699106838,0.008140495940568178,0.0043128082728812744,0.00496610825652727,0.0030768534784580623,0.0029056482067906482
124,50.3819,-4.1927,0.25,1.318473945764978,2.878473945764978,2011-01-01 07:00:00+00:00,1.2916666666666667,0.3375413657176974,0.21011342733542945,0.6441549355797538,0.510772050704497,-11.518197483154793,0.5,0.03895439368764438,0.023071579700257937,0.0005751990643855265,0.0013533332747310055,0.0006347853506704189,0.0005479376684724886,0.001519577809696237,0.0006942532250917943,0.0213075879887353,0.03062725775211385,0.019917720822973575,0.009113544862203789,0.023216455338167893,0.012763254915082272,0.012194043126531513,0.007410802413945955,0.0071544659078913025
125,50.3819,-4.1927,0.25,1.1187952501119356,2.6787952501119356,2011-01-01 07:15:00+00:00,1.3020833333333333,0.3375413657176974,0.21011342733542945,0.6441549355797538,0.510772050704497,-9.328500314527272,0.5,0.11681110371722085,0.07489554759802972,0.0017272914916015205,0.004015286155278397,0.001918932234267235,0.0018712823494220492,0.004701707259097191,0.0022450293246068596,0.06398552730403108,0.09086985912664357,0.060210520737401144,0.031124006657272215,0.07183375270252872,0.04127295419910179,0.03286152064675886,0.01903610642411485,0.018937566538299352
126,50.3819,-4.1927,0.25,0.9294427957358291,2.489442795735829,2011-01-01 07:30:00+00:00,1.3125,0.3375413657176974,0.21011342733542945,0.6441549355797538,0.510772050704497,-7.186836919169591,0.5,0.34598768273730685,0.2391673509341707,0.005526534332509844,0.011444851712843892,0.005694204113285353,0.0067639200326823,0.013945300404575652,0.007101548091135489,0.2047241100583457,0.25900820580478473,0.17866758852841094,0.11250054925782878,0.2130594708308388,0.13055592009226008,0.09222356080051693,0.04594873497394594,0.04811166843615086
127,50.3819,-4.1927,0.25,0.7530215262268829,2.313021526226883,2011-01-01 07:45:00+00:00,1.3229166666666667,0.3375413657176974,0.21011342733542945,0.6441549355797538,0.510772050704497,-5.098559724168399,0.75,0.7954225705591813,0.5897629727774236,0.013199764882631422,0.024980550749886553,0.013395924421404495,0.01809948240388589,0.031587725001483165,0.017731876557275508,0.48897011327330037,0.5653343347806239,0.4203252052199922,0.301038702687337,0.48260444582160666,0.3259854653082168,0.18793141058596335,0.08272988895901723,0.09433973991177541
128,50.3819,-4.1927,0.25,0.592465182561491,2.152465182561491,2011-01-01 08:00:00+00:00,1.3333333333333333,0.3375413657176974,0.21011342733542945,0.6441549355797538,0.510772050704497,-3.0691751504372196,0.75,1.3924537513195263,1.1004276644237567,0.02278896328024477,0.04255208032136787,0.02385490945735641,0.03465298389408974,0.055652935875851454,0.03333466655518968,0.8441909424602528,0.9629952623090758,0.748497781694442,0.576363957981598,0.8502782101417433,0.6128294855193492,0.26782698447865483,0.11271705216733252,0.1356682961750928
129,50.3819,-4.1927,0.25,0.45127363869744963,2.0112736386974497,2011-01-01 08:15:00+00:00,1.34375,0.3375413657176974,0.21011342733542945,0.6441549355797538,0.510772050704497,-1.1043569339959813,0.75,2.0648976334953417,1.7259941708603612,0.033772229252289815,0.06198340095637988,0.035478569655592776,0.05624378577964883,0.08350770885805336,0.05199744999519129,1.251053402073323,1.4027450834835915,1.1132144824265378,0.9354718509350763,1.275849766115813,0.9559288819077809,0.3155815511382467,0.12689531736777848,0.15728560051875684
130,50.3819,-4.1927,0.25,0.33358303909938125,1.8935830390993813,2011-01-01 08:30:00+00:00,1.3541666666666667,0.3375413657176974,0.21011342733542945,0.6441549355797538,0.510772050704497,1.1682608474299419,1.0,3.8219258753865897,3.3475607546075574,0.02772727714074839,0.039396058966371626,0.05293317936690651,0.049813416656519095,0.05440556720061158,0.08072284602994767,1.027125101456287,0.8915714073611081,1.6608894452100025,0.8285190698869245,0.8312206278618829,1.4840208501947316,0.19860603156936252,0.06035077949922518,0.17686859501527086
131,50.3819,-4.1927,0.25,0.2440086631604923,1.8040086631604924,2011-01-01 08:45:00+00:00,1.3645833333333333,0.3375413657176974,0.21011342733542945,0.6441549355797538,0.510772050704497,2.851057039649875,1.0,9.880599636678308,8.967759809487456,0.07876192479530911,0.09812115872744262,0.13375701378209276,0.14990431103670226,0.13807879625280087,0.21024030018206474,2.9176449452869275,2.220577942915638,4.196906648542956,2.493275681300108,2.109599249144046,3.8650890592439335,0.4243692639868195,0.11097869377159197,0.33181758929902205
132,50.3819,-4.1927,0.25,0.1872529535508396,1.7472529535508396,2011-01-01 09:00:00+00:00,1.375,0.3375413657176974,0.21011342733542945,0.6441549355797538,0.510772050704497,4.519503967512613,1.0,16.73893201579737,15.538911551689148,0.14743504362209203,0.162629830475329,0.21261457600946584,0.29105569450953994,0.23160266606683141,0.34065313603905667,5.461561673360401,3.680472378203002,6.671227940876264,4.840968748703129,3.5384782000837873,6.262618099201206,0.6205929246572719,0.1419941781192149,0.40860984167505787
133,50.3819,-4.1927,0.25,0.16752966266066394,1.727529662660664,2011-01-01 09:15:00+00:00,1.3854166666666667,0.3375413657176974,0.21011342733542945,0.6441549355797538,0.510772050704497,6.127900221868071,1.0,24.469599823405492,22.89404949985351,0.23088875864833078,0.23695846441038734,0.2900839472787093,0.4616319034713564,0.33885612795138575,0.4678798442752124,8.553008593233324,5.362602177563793,9.101991832390853,7.678068700476595,5.17712098087328,8.601572893412136,0.8749398927567293,0.185481196690513,0.5004189389787168
134,50.3819,-4.1927,0.25,0.18790550472274004,1.74790550472274,2011-01-01 09:30:00+00:00,1.3958333333333333,0.3375413657176974,0.21011342733542945,0.6441549355797538,0.510772050704497,7.655036192872492,1.0,32.92358720878802,30.5553604326194,0.32322275863335,0.3205511306068558,0.36919985291144847,0.6378150423480082,0.4564372836350476,0.5914053065026711,11.973415459044954,7.254386102180982,11.58441919052909,10.608425623358718,6.97355261610859,10.87248342854716,1.3649898356862362,0.28083348607239245,0.7119357619819304
135,50.3819,-4.1927,0.25,0.2496904178028463,1.8096904178028463,2011-01-01 09:45:00+00:00,1.40625,0.3375413657176974,0.21011342733542945,0.6441549355797538,0.510772050704497,9.088147591013678,1.0,41.79513830130818,37.84827993096468,0.41888666703264354,0.40997316189015026,0.4506913665267372,0.7943371080920495,0.5762371915078789,0.7070428595718031,15.517174953406801,9.278094269243832,14.141386228153117,13.211770766721047,8.803882851848346,12.998381464357568,2.305404186685754,0.47421141739548567,1.143004763795549
136,50.3819,-4.1927,0.25,0.3520084932250942,1.9120084932250943,2011-01-01 10:00:00+00:00,1.4166666666666667,0.3375413657176974,0.21011342733542945,0.6441549355797538,0.510772050704497,10.4177482402034,1.0,50.74633613319133,44.1236993633145,0.5135814220489541,0.5012193266001802,0.5332777669125679,0.9117879280664761,0.6895043798481308,0.8082038822139276,19.025033275007615,11.34308436270133,16.73270763297448,15.165265440528641,10.534404712987513,14.858140804015123,3.8597678344789745,0.8086796497138167,1.8745668289593578
137,50.3819,-4.1927,0.25,0.4916524495774883,2.0516524495774884,2011-01-01 10:15:00+00:00,1.4270833333333333,0.3375413657176974,0.21011342733542945,0.6441549355797538,0.510772050704497,11.635872861278628,1.0,59.47039406499974,48.918707305534475,0.6041566322044969,0.590705968658452,0.6147778818503126,0.9803209261996957,0.7891106681756035,0.8888223214709845,22.380287793804744,13.368254734895572,19.289944555118065,16.30513697878151,12.056212237156158,16.34024222451316,6.075150815023235,1.312042497739414,2.9497023306049037
138,50.3819,-4.1927,0.25,0.6632709660995708,2.223270966099571,2011-01-01 10:30:00+00:00,1.4375,0.3375413657176974,0.21011342733542945,0.6441549355797538,0.510772050704497,12.735437496923103,1.0,67.71078389528127,52.02622196144546,0.6883226450433513,0.6755126864188168,0.6928410108607965,1.0,0.8704416961332538,0.9453058445815422,25.498120967161416,15.287513835706296,21.739338840220057,16.632448153473447,13.298806177484575,17.378643744170013,8.865672813687969,1.9887076582217205,4.360695096050044
139,50.3819,-4.1927,0.25,0.8598718569771235,2.4198718569771236,2011-01-01 10:45:00+00:00,1.4479166666666667,0.3375413657176974,0.21011342733542945,0.6441549355797538,0.510772050704497,13.710016653975337,1.0,75.2610011340393,53.48284095130124,0.7644024842075436,0.7533474690514163,0.7652946132221488,0.97843134239785,0.9314541081012159,0.9771184768754574,28.316411134047595,17.04899121476668,24.012722469706834,16.273708574165667,14.23096768214043,17.963491924649595,12.042702559881928,2.818023532626251,6.049230545057238
140,50.3819,-4.1927,0.25,1.0735598050894803,2.6335598050894804,2011-01-01 11:00:00+00:00,1.4583333333333333,0.3375413657176974,0.21011342733542945,0.6441549355797538,0.510772050704497,14.553795981940695,1.0,81.95809567692892,53.50178841475108,0.8311548751094863,0.8224412709944066,0.8302733267365695,0.9270654423976917,0.9722361468611717,0.9863127250982524,30.789176704556727,18.612651638029448,26.05156579501252,15.419367905556532,14.854044944409226,18.132520356320992,15.369808799000195,3.758606693620221,7.91904543869153
141,50.3819,-4.1927,0.25,1.296379630382647,2.856379630382647,2011-01-01 11:15:00+00:00,1.46875,0.3375413657176974,0.21011342733542945,0.6441549355797538,0.510772050704497,15.261605158538494,1.0,87.67535583142582,52.38541621324519,0.8876551104505623,0.881443378191434,0.886245247223544,0.8577054976365467,0.994325856608123,0.9765259463514818,32.88216296001998,19.947927123220182,27.80780211175773,14.265742220389006,15.191536553263205,17.952598755055075,18.616420739630975,4.756390569956977,9.855203356702656
142,50.3819,-4.1927,0.25,1.521115666701446,3.081115666701446,2011-01-01 11:30:00+00:00,1.4791666666666667,0.3375413657176974,0.21011342733542945,0.6441549355797538,0.510772050704497,15.828986503074566,1.0,92.31596802256986,50.44701837996405,0.9332162939252684,0.9293367202227462,0.9319968082913017,0.780199528367511,1.0,0.9519183717595442,34.569924616578476,21.031800370402923,29.243353230888637,12.976628204937064,15.278227406340486,17.50020943080343,21.59329641164141,5.753572964062437,11.743143800085207
143,50.3819,-4.1927,0.25,1.7419092179045368,3.301909217904537,2011-01-01 11:45:00+00:00,1.4895833333333333,0.3375413657176974,0.21011342733542945,0.6441549355797538,0.510772050704497,16.2522763859636,1.0,95.80807517686813,47.958634400068405,0.9673376755479997,0.9653748295417156,0.9666053295443847,0.7015099407647979,0.9916883671255576,0.9163635855252313,35.83391196676697,21.847378087747025,30.329268121153255,11.66782771891673,15.15124038916674,16.846564933725592,24.16608424785024,6.696137698580285,13.482703187427663
144,50.3819,-4.1927,0.25,1.954596435185958,3.514596435185958,2011-01-01 12:00:00+00:00,1.5,0.3375413657176974,0.21011342733542945,0.6441549355797538,0.510772050704497,16.52868478731455,1.0,98.10116731235729,45.12773014752695,0.989671126057163,0.9890372956674026,0.9894119493953505,0.6258161312095692,0.9715920967108147,0.8730064835819943,36.66122896236123,22.382882876267153,31.044873619338535,10.408854355950497,14.844204999750986,16.049481500072726,26.252374606410733,7.538677876516168,14.995392119265809
145,50.3819,-4.1927,0.25,2.15672886975213,3.71672886975213,2011-01-01 12:15:00+00:00,1.5104166666666665,0.3375413657176974,0.21011342733542945,0.6441549355797538,0.510772050704497,16.656362240517783,1.0,99.16361114237773,42.09662793123773,1.0,1.0,1.0,0.5551479137064751,0.9415133822745493,0.8241556662521088,37.04385022165807,22.630979614538376,31.37709589853921,9.233468892231897,14.384655560503345,15.151400782753756,27.81038132942617,8.24632405403503,16.225695115785456
146,50.3819,-4.1927,0.25,2.3473045938879444,3.9073045938879445,2011-01-01 12:30:00+00:00,1.5208333333333335,0.3375413657176974,0.21011342733542945,0.6441549355797538,0.510772050704497,16.634447173446222,1.0,98.98114343852069,38.95534063200489,0.9982269272933137,0.9981172528873131,0.9981806327017916,0.49014420790684354,0.9028545998890273,0.7714032145023015,36.978168781879475,22.588371203011828,31.32000943634866,8.152298125735886,13.79401789196511,14.181591835896729,28.82587065614359,8.794353311046718,17.13841760045193
147,50.3819,-4.1927,0.25,2.526294387580973,4.086294387580973,2011-01-01 12:45:00+00:00,1.53125,0.3375413657176974,0.21011342733542945,0.6441549355797538,0.510772050704497,16.463088747428987,1.0,97.5562035230145,35.75921204317594,0.9843685662887764,0.9834139512133193,0.9839861652472591,0.4307045017898364,0.8567213730800424,0.7158512085480042,36.46480173250973,22.255621082561266,30.8746282697991,7.163670295487065,13.089183961789155,13.160315466679837,29.30113143702266,9.16643712077211,17.714312803119263
148,50.3819,-4.1927,0.25,2.694082650380079,4.254082650380079,2011-01-01 13:00:00+00:00,1.5416666666666665,0.3375413657176974,0.21011342733542945,0.6441549355797538,0.510772050704497,16.14344285164106,1.0,94.90804607189993,32.54522029514749,0.9585564835100314,0.95608690130157,0.9576712172743677,0.3764437788443545,0.8040623758869726,0.6583452840689844,35.508622804144856,21.637183173082995,30.048941623688613,6.26118163432635,12.28464782768359,12.103117967660435,29.247441169818508,9.352535345399405,17.94582365602818
149,50.3819,-4.1927,0.25,2.850949471339453,4.410949471339453,2011-01-01 13:15:00+00:00,1.5520833333333335,0.3375413657176974,0.21011342733542945,0.6441549355797538,0.510772050704497,15.677641840577875,1.0,91.07364581504845,29.343528716166112,0.921044314462981,0.9165154680677067,0.9197216432140036,0.32694822801139506,0.7457923105323605,0.599650533287478,34.1190276324764,20.74164287424937,28.858194199087855,5.437949451269543,11.394384518213505,11.024064908450605,28.68107818120686,9.347258356035864,17.83412929063725
150,50.3819,-4.1927,0.25,2.996698480621181,4.556698480621181,2011-01-01 13:30:00+00:00,1.5625,0.3375413657176974,0.21011342733542945,0.6441549355797538,0.510772050704497,15.068740734602567,1.0,86.10946938478617,26.18328558191626,0.8722223137750188,0.865282667754978,0.8708710981168297,0.2818720031235558,0.6828673514079311,0.5405426983052795,32.310472751469845,19.58219441477629,27.325405960877916,4.688221477868248,10.433002683175792,9.937417647637853,27.6222512736016,9.149191731600498,17.387988313240065
151,50.3819,-4.1927,0.25,3.1304913267686145,4.690491326768615,2011-01-01 13:45:00+00:00,1.5729166666666665,0.3375413657176974,0.21011342733542945,0.6441549355797538,0.510772050704497,14.320645687547838,1.0,80.09425815488736,23.09356856887603,0.8126416692644826,0.8032089067660241,0.8121245262419057,0.2409322271618336,0.6163084406248844,0.4818210235498065,30.103376280111686,18.177404395237545,25.482109141447996,4.007292776770084,9.416100508314077,8.857869614071921,26.096083503341603,8.761303886923468,16.624239527376076
152,50.3819,-4.1927,0.25,3.2508953689900344,4.8108953689900344,2011-01-01 14:00:00+00:00,1.5833333333333335,0.3375413657176974,0.21011342733542945,0.6441549355797538,0.510772050704497,13.438032891040333,1.0,73.1330104941178,20.101550182416066,0.7430526340764229,0.7314015521271476,0.7447861041657221,0.20385999144176034,0.5471904082703756,0.4242720015406154,27.52553048353551,16.552333616231206,23.369225014307276,3.3906907382226197,8.360099492123092,7.799879803625065,24.13483974531289,8.192234124108113,15.569345210682211
153,50.3819,-4.1927,0.25,3.3560999808369023,4.916099980836902,2011-01-01 14:15:00+00:00,1.59375,0.3375413657176974,0.21011342733542945,0.6441549355797538,0.510772050704497,12.426268838307161,1.0,65.36233367693951,17.230285478263603,0.6644629833564817,0.6513240303582608,0.6704848710662461,0.17035383566544834,0.47662812222884426,0.36862059763884725,24.614267233293585,14.740100853496775,21.0378680979653,2.8334013394509054,7.2820328396693315,6.776776087705624,21.78086589384268,7.458068013827444,14.261092010259677
154,50.3819,-4.1927,0.25,3.4442209143859173,5.004220914385917,2011-01-01 14:30:00+00:00,1.6041666666666665,0.3375413657176974,0.21011342733542945,0.6441549355797538,0.510772050704497,11.291349198350783,1.0,56.95714923134563,14.498046063943857,0.5782269766668628,0.5648869258493656,0.5911817847643233,0.14006427720712472,0.4057915063359232,0.3154959622272237,21.419753517769443,12.783944503416246,18.54956755401974,2.3296118288012346,6.199774913361691,5.800124860857226,19.09014168896821,6.584169590054555,12.749442693162512
155,50.3819,-4.1927,0.25,3.513599336539643,5.073599336539643,2011-01-01 14:45:00+00:00,1.6145833333333335,0.3375413657176974,0.21011342733542945,0.6441549355797538,0.510772050704497,10.03988378663918,1.0,48.13805234473668,11.92009561247822,0.4861795058077578,0.47455619579356934,0.5091217406630774,0.11262034818885833,0.33596823647837765,0.265414140938562,18.00996079398232,10.73967159295715,15.974761680816588,1.8731521022773134,5.132999118223831,4.8794131830191185,16.136808691705006,5.606672474733319,11.09534849779747
156,50.3819,-4.1927,0.25,3.5630142314189475,5.1230142314189475,2011-01-01 15:00:00+00:00,1.625,0.3375413657176974,0.21011342733542945,0.6441549355797538,0.510772050704497,8.67918109439261,1.0,39.17675250814824,9.512485331770316,0.3908331190591548,0.38344909947009764,0.4266554536868905,0.08769758108429797,0.26866378590894363,0.21874385958006742,14.477963524090786,8.677828753320878,13.387209085968317,1.4586254705696196,4.104706416965215,4.021419764467379,13.019338053521166,4.573122336355662,9.365789321500937
157,50.3819,-4.1927,0.25,3.591759279464172,5.151759279464172,2011-01-01 15:15:00+00:00,1.6354166666666665,0.3375413657176974,0.21011342733542945,0.6441549355797538,0.510772050704497,7.217556899581702,1.0,30.392484269839073,7.295789973441997,0.29564510215703904,0.2953187049908751,0.3457969804114251,0.0651216555926101,0.20566924140711787,0.17557632789328662,10.951832883072154,6.683351592440367,10.85010501579457,1.0831325603124418,3.1422614407074856,3.2278214187046683,9.868700322759711,3.5410901517328814,7.622283597089902
158,50.3819,-4.1927,0.25,3.599578537206962,5.159578537206962,2011-01-01 15:30:00+00:00,1.6458333333333335,0.3375413657176974,0.21011342733542945,0.6441549355797538,0.510772050704497,5.665191995355238,1.0,22.12300927468501,5.294211059479159,0.20529051806548096,0.21415647634335325,0.26735964136616525,0.04499209074304272,0.14890047648659374,0.13539242649641228,7.604751203144267,4.846570850447797,8.388969106545218,0.7483286166000307,2.2749353406746335,2.489074577531514,6.8564225865442365,2.571635509773164,5.899894529013704
159,50.3819,-4.1927,0.25,3.586497279407206,5.146497279407206,2011-01-01 15:45:00+00:00,1.65625,0.3375413657176974,0.21011342733542945,0.6441549355797538,0.510772050704497,4.036516757799858,1.0,14.643159508941887,3.5224819794273197,0.12559681459167418,0.14285264589927077,0.18985844133455398,0.02775910306575622,0.09959713435818485,0.09657084805000302,4.652589588051337,3.2328953172292656,5.957206520901481,0.46170184252811614,1.5216676677441954,1.7753728848215218,4.190887745523221,1.7112276494850702,4.1818336360799595
160,50.3819,-4.1927,0.25,3.5526140006420888,5.112614000642089,2011-01-01 16:00:00+00:00,1.6666666666666665,0.3375413657176974,0.21011342733542945,0.6441549355797538,0.510772050704497,2.3574138753940796,1.0,8.032244902489388,1.9583796274887888,0.06205743462955266,0.08059609686845105,0.11010502617045148,0.01401843620521057,0.056593226005620466,0.056648746980686775,2.2988463135574855,1.823968625241276,3.4547759650614256,0.23316091337593986,0.8646441765722918,1.0414390199467987,2.0656854001815455,0.9593244486689841,2.4133369451146267
161,50.3819,-4.1927,0.25,3.4979291889272894,5.0579291889272895,2011-01-01 16:15:00+00:00,1.6770833333333335,0.3375413657176974,0.21011342733542945,0.6441549355797538,0.510772050704497,0.6865340704179939,1.0,2.201886659865577,0.5486429315642475,0.015733605267989833,0.022896520359064962,0.03035419261198125,0.0036815630100424366,0.01626334880723203,0.015908096779772868,0.5828333169941058,0.518170685489862,0.9524264125088661,0.06123340588827647,0.2484751414655273,0.2924568256592465,0.5215999111058294,0.2696955440243347,0.6599695868496196
162,50.3819,-4.1927,0.25,3.4222739990543265,4.9822739990543266,2011-01-01 16:30:00+00:00,1.6875,0.3375413657176974,0.21011342733542945,0.6441549355797538,0.510772050704497,-1.6713713666757855,0.75,1.8532682756682044,0.47586752794598386,0.030173949333402533,0.056096047933457925,0.031820858584433245,0.007413117873528804,0.04048334364353226,0.017108104903820132,1.1177592597024628,1.2695085172382539,0.9984461313776166,0.12329829868705516,0.6185137303549145,0.31451795412625483,0.9944609610154076,0.6509947868833393,0.6839281772513618
163,50.3819,-4.1927,0.25,3.3253712601443053,4.885371260144305,2011-01-01 16:45:00+00:00,1.6979166666666665,0.3375413657176974,0.21011342733542945,0.6441549355797538,0.510772050704497,-3.655437270512528,0.75,1.2231451250046474,0.3263958315610724,0.020149420224666734,0.037522911031194595,0.020881117592197452,0.0052691447441721865,0.027636504677794157,0.01159975858274693,0.7464121048558023,0.8491802346251021,0.6551888291590536,0.08763877677059101,0.42223680318373175,0.2132516931778563,0.6587733280852113,0.4269434314413703,0.4419371359811973
164,50.3819,-4.1927,0.25,3.207021109573962,4.767021109573962,2011-01-01 17:00:00+00:00,1.7083333333333335,0.3375413657176974,0.21011342733542945,0.6441549355797538,0.510772050704497,-5.702353160208804,0.75,0.639454573174745,0.1788527063381125,0.010480577863619148,0.020446024053402508,0.010705110771664108,0.002957819073841605,0.015438142320862257,0.006189215494178812,0.38824095661633284,0.4627135535509134,0.3358952872869898,0.04919577239302535,0.23586744910958266,0.11378346145404857,0.3390451842233075,0.22684610444133077,0.22211182583294126
165,50.3819,-4.1927,0.25,3.0673652119551753,4.627365211955175,2011-01-01 17:15:00+00:00,1.71875,0.3375413657176974,0.21011342733542945,0.6441549355797538,0.510772050704497,-7.806491011166889,0.5,0.2506276893017632,0.0740985992112481,0.003912952931098573,0.008418165431541004,0.004107432086362711,0.0012082593019307776,0.006545568672571313,0.002489357762637567,0.14495084230401348,0.19051133027301612,0.12887929047053975,0.02009631019531568,0.10000468668336275,0.04576472467258787,0.12485453210869779,0.09050664358965337,0.08311456579795189
166,50.3819,-4.1927,0.25,2.9071577489298766,4.467157748929877,2011-01-01 17:30:00+00:00,1.7291666666666665,0.3375413657176974,0.21011342733542945,0.6441549355797538,0.510772050704497,-9.962386553878948,0.5,0.08167314298514766,0.02573363586339283,0.001192544579274934,0.002824345345673404,0.0013417234505056744,0.0004082711141616212,0.002271259902648096,0.0008583514090841335,0.04417644277731089,0.06391770194235115,0.04209938537583547,0.006790548138854004,0.034700825291560364,0.015780060423071625,0.03738589463845689,0.029216876650790785,0.026319324952763845
167,50.3819,-4.1927,0.25,2.7279654860609326,4.287965486060933,2011-01-01 17:45:00+00:00,1.7395833333333335,0.3375413657176974,0.21011342733542945,0.6441549355797538,0.510772050704497,-12.164722783844745,0.5,0.029075374602084706,0.009837021581381803,0.00043024659383085023,0.0010124482930313375,0.00047170733982901706,0.0001653183390971681,0.0008454216767190421,0.0003205848267431357,0.01593799038024857,0.022912696680366374,0.014800806437859892,0.0027496487038519905,0.012916544631163195,0.005893679305687228,0.01318834167639658,0.00999615204920318,0.008907127132172664
168,50.3819,-4.1927,0.25,2.532235267316152,4.092235267316152,2011-01-01 18:00:00+00:00,1.75,0.3375413657176974,0.21011342733542945,0.6441549355797538,0.510772050704497,-14.408307150715483,0.5,0.010989027041594667,0.004018530777757689,0.0001679193061882627,0.0003760588913209463,0.00017688648209844625,7.319144589723188e-05,0.00032720278084095354,0.0001284273518126836,0.006220377627762745,0.008510581103350238,0.005550184111958187,0.001217352929163466,0.004999078493675076,0.002361027604931191,0.005003024698599278,0.0035115026096751616,0.003189156507026996
169,50.3819,-4.1927,0.25,2.323201260760564,3.883201260760564,2011-01-01 18:15:00+00:00,1.7604166666666665,0.3375413657176974,0.21011342733542945,0.6441549355797538,0.510772050704497,-16.688041051079626,0.5,0.005446358206834419,0.002164110043687009,9.604086665181014e-05,0.00016429216359953213,8.825655158886726e-05,4.7895382130539296e-05,0.00014936627730763918,6.876265293126297e-05,0.00355772347940789,0.0037180926052494154,0.0027692342828782614,0.0007966174600769934,0.002282051951544626,0.001264142875077026,0.002761106019330897,0.0014360406537047895,0.0015050914078012353
170,50.3819,-4.1927,0.25,2.104647308276094,3.664647308276094,2011-01-01 18:30:00+00:00,1.7708333333333335,0.3375413657176974,0.21011342733542945,0.6441549355797538,0.510772050704497,-18.998882502410286,0.0,0.0,0.0,0.0,0.0,0.0,0.0,0.0,0.0,0.0,0.0,0.0,0.0,0.0,0.0,0.0,0.0,0.0
171,50.3819,-4.1927,0.25,1.880580207846776,3.440580207846776,2011-01-01 18:45:00+00:00,1.78125,0.3375413657176974,0.21011342733542945,0.6441549355797538,0.510772050704497,-21.335802656782683,0.0,0.0,0.0,0.0,0.0,0.0,0.0,0.0,0.0,0.0,0.0,0.0,0.0,0.0,0.0,0.0,0.0,0.0
172,50.3819,-4.1927,0.25,1.65489651013121,3.21489651013121,2011-01-01 19:00:00+00:00,1.7916666666666665,0.3375413657176974,0.21011342733542945,0.6441549355797538,0.510772050704497,-23.693733638439912,0.0,0.0,0.0,0.0,0.0,0.0,0.0,0.0,0.0,0.0,0.0,0.0,0.0,0.0,0.0,0.0,0.0,0.0
173,50.3819,-4.1927,0.25,1.4311305475005152,2.991130547500515,2011-01-01 19:15:00+00:00,1.8020833333333335,0.3375413657176974,0.21011342733542945,0.6441549355797538,0.510772050704497,-26.067507491617896,0.0,0.0,0.0,0.0,0.0,0.0,0.0,0.0,0.0,0.0,0.0,0.0,0.0,0.0,0.0,0.0,0.0,0.0
174,50.3819,-4.1927,0.25,1.2123526206294621,2.772352620629462,2011-01-01 19:30:00+00:00,1.8125,0.3375413657176974,0.21011342733542945,0.6441549355797538,0.510772050704497,-28.451785633629193,0.0,0.0,0.0,0.0,0.0,0.0,0.0,0.0,0.0,0.0,0.0,0.0,0.0,0.0,0.0,0.0,0.0,0.0
175,50.3819,-4.1927,0.25,1.001247466372944,2.561247466372944,2011-01-01 19:45:00+00:00,1.8229166666666665,0.3375413657176974,0.21011342733542945,0.6441549355797538,0.510772050704497,-30.840974794962065,0.0,0.0,0.0,0.0,0.0,0.0,0.0,0.0,0.0,0.0,0.0,0.0,0.0,0.0,0.0,0.0,0.0,0.0
176,50.3819,-4.1927,0.25,0.8003536895546701,2.36035368955467,2011-01-01 20:00:00+00:00,1.8333333333333335,0.3375413657176974,0.21011342733542945,0.6441549355797538,0.510772050704497,-33.22912766735428,0.0,0.0,0.0,0.0,0.0,0.0,0.0,0.0,0.0,0.0,0.0,0.0,0.0,0.0,0.0,0.0,0.0,0.0
177,50.3819,-4.1927,0.25,0.6123973297205381,2.172397329720538,2011-01-01 20:15:00+00:00,1.84375,0.3375413657176974,0.21011342733542945,0.6441549355797538,0.510772050704497,-35.609825860872895,0.0,0.0,0.0,0.0,0.0,0.0,0.0,0.0,0.0,0.0,0.0,0.0,0.0,0.0,0.0,0.0,0.0,0.0
178,50.3819,-4.1927,0.25,0.44061972073256594,2.000619720732566,2011-01-01 20:30:00+00:00,1.8541666666666665,0.3375413657176974,0.21011342733542945,0.6441549355797538,0.510772050704497,-37.97603920580893,0.0,0.0,0.0,0.0,0.0,0.0,0.0,0.0,0.0,0.0,0.0,0.0,0.0,0.0,0.0,0.0,0.0,0.0
179,50.3819,-4.1927,0.25,0.2889907079744276,1.8489907079744277,2011-01-01 20:45:00+00:00,1.8645833333333335,0.3375413657176974,0.21011342733542945,0.6441549355797538,0.510772050704497,-40.31995774926174,0.0,0.0,0.0,0.0,0.0,0.0,0.0,0.0,0.0,0.0,0.0,0.0,0.0,0.0,0.0,0.0,0.0,0.0
180,50.3819,-4.1927,0.25,0.16221680771961733,1.7222168077196174,2011-01-01 21:00:00+00:00,1.875,0.3375413657176974,0.21011342733542945,0.6441549355797538,0.510772050704497,-42.63279247848591,0.0,0.0,0.0,0.0,0.0,0.0,0.0,0.0,0.0,0.0,0.0,0.0,0.0,0.0,0.0,0.0,0.0,0.0
181,50.3819,-4.1927,0.25,0.06549697290160061,1.6254969729016007,2011-01-01 21:15:00+00:00,1.8854166666666665,0.3375413657176974,0.21011342733542945,0.6441549355797538,0.510772050704497,-44.904538318686335,0.0,0.0,0.0,0.0,0.0,0.0,0.0,0.0,0.0,0.0,0.0,0.0,0.0,0.0,0.0,0.0,0.0,0.0
182,50.3819,-4.1927,0.25,0.004036884211471969,1.564036884211472,2011-01-01 21:30:00+00:00,1.8958333333333335,0.3375413657176974,0.21011342733542945,0.6441549355797538,0.510772050704497,-47.1236975690204,0.0,0.0,0.0,0.0,0.0,0.0,0.0,0.0,0.0,0.0,0.0,0.0,0.0,0.0,0.0,0.0,0.0,0.0
183,50.3819,-4.1927,0.25,0.0,1.5423926752285901,2011-01-01 21:45:00+00:00,1.90625,0.3375413657176974,0.21011342733542945,0.6441549355797538,0.510772050704497,-49.27696606082067,0.0,0.0,0.0,0.0,0.0,0.0,0.0,0.0,0.0,0.0,0.0,0.0,0.0,0.0,0.0,0.0,0.0,0.0
184,50.3819,-4.1927,0.25,0.0037622934679211184,1.5637622934679212,2011-01-01 22:00:00+00:00,1.9166666666666665,0.3375413657176974,0.21011342733542945,0.6441549355797538,0.510772050704497,-51.34889012297723,0.0,0.0,0.0,0.0,0.0,0.0,0.0,0.0,0.0,0.0,0.0,0.0,0.0,0.0,0.0,0.0,0.0,0.0
185,50.3819,-4.1927,0.25,0.06936546718105352,1.6293654671810536,2011-01-01 22:15:00+00:00,1.9270833333333335,0.3375413657176974,0.21011342733542945,0.6441549355797538,0.510772050704497,-53.321520659344756,0.0,0.0,0.0,0.0,0.0,0.0,0.0,0.0,0.0,0.0,0.0,0.0,0.0,0.0,0.0,0.0,0.0,0.0
186,50.3819,-4.1927,0.25,0.17804512862666688,1.738045128626667,2011-01-01 22:30:00+00:00,1.9375,0.3375413657176974,0.21011342733542945,0.6441549355797538,0.510772050704497,-55.17411578451275,0.0,0.0,0.0,0.0,0.0,0.0,0.0,0.0,0.0,0.0,0.0,0.0,0.0,0.0,0.0,0.0,0.0,0.0
187,50.3819,-4.1927,0.25,0.3261849312014904,1.8861849312014904,2011-01-01 22:45:00+00:00,1.9479166666666665,0.3375413657176974,0.21011342733542945,0.6441549355797538,0.510772050704497,-56.882978628655586,0.0,0.0,0.0,0.0,0.0,0.0,0.0,0.0,0.0,0.0,0.0,0.0,0.0,0.0,0.0,0.0,0.0,0.0
188,50.3819,-4.1927,0.25,0.5079770572859599,2.06797705728596,2011-01-01 23:00:00+00:00,1.9583333333333335,0.3375413657176974,0.21011342733542945,0.6441549355797538,0.510772050704497,-58.42156764372823,0.0,0.0,0.0,0.0,0.0,0.0,0.0,0.0,0.0,0.0,0.0,0.0,0.0,0.0,0.0,0.0,0.0,0.0
189,50.3819,-4.1927,0.25,0.716005023342634,2.276005023342634,2011-01-01 23:15:00+00:00,1.96875,0.3375413657176974,0.21011342733542945,0.6441549355797538,0.510772050704497,-59.761062796715535,0.0,0.0,0.0,0.0,0.0,0.0,0.0,0.0,0.0,0.0,0.0,0.0,0.0,0.0,0.0,0.0,0.0,0.0
190,50.3819,-4.1927,0.25,0.9420430865758189,2.502043086575819,2011-01-01 23:30:00+00:00,1.9791666666666665,0.3375413657176974,0.21011342733542945,0.6441549355797538,0.510772050704497,-60.8715835835529,0.0,0.0,0.0,0.0,0.0,0.0,0.0,0.0,0.0,0.0,0.0,0.0,0.0,0.0,0.0,0.0,0.0,0.0
191,50.3819,-4.1927,0.25,1.1779312226930698,2.73793122269307,2011-01-01 23:45:00+00:00,1.9895833333333335,0.3375413657176974,0.21011342733542945,0.6441549355797538,0.510772050704497,-61.72418951776303,0.0,0.0,0.0,0.0,0.0,0.0,0.0,0.0,0.0,0.0,0.0,0.0,0.0,0.0,0.0,0.0,0.0,0.0
