2008/11/01 04:00:00, 2.394
2008/11/01 05:00:00, 2.424
2008/11/01 06:00:00, 2.368
2008/11/01 07:00:00, 2.223
2008/11/01 08:00:00, 1.995
2008/11/01 09:00:00, 1.732
2008/11/01 10:00:00, 1.514
2008/11/01 11:00:00, 1.422
2008/11/01 12:00:00, 1.451
2008/11/01 13:00:00, 1.592
2008/11/01 14:00:00, 1.810
2008/11/01 15:00:00, 2.038
2008/11/01 16:00:00, 2.220
2008/11/01 17:00:00, 2.312
2008/11/01 18:00:00, 2.332
2008/11/01 19:00:00, 2.267
2008/11/01 20:00:00, 2.121
2008/11/01 21:00:00, 1.937
2008/11/01 22:00:00, 1.771
2008/11/01 23:00:00, 1.681
2008/11/02 00:00:00, 1.711
2008/11/02 01:00:00, 1.836
2008/11/02 02:00:00, 2.007
2008/11/02 03:00:00, 2.180
2008/11/02 04:00:00, 2.313
2008/11/02 05:00:00, 2.384
2008/11/02 06:00:00, 2.384
2008/11/02 07:00:00, 2.299
2008/11/02 08:00:00, 2.131
2008/11/02 09:00:00, 1.901
2008/11/02 10:00:00, 1.671
2008/11/02 11:00:00, 1.507
2008/11/02 12:00:00, 1.467
2008/11/02 13:00:00, 1.536
2008/11/02 14:00:00, 1.689
2008/11/03 22:00:00, 1.971
2008/11/04 13:00:00, 1.557
2008/11/04 14:00:00, 1.574
2008/11/04 15:00:00, 1.657
2008/11/04 16:00:00, 1.789
2008/11/04 17:00:00, 1.936
2008/11/04 18:00:00, 2.057
2008/11/04 19:00:00, 2.134
2008/11/04 20:00:00, 2.168
2008/11/04 21:00:00, 2.143
2008/11/04 22:00:00, 2.068
2008/11/04 23:00:00, 1.967
2008/11/05 00:00:00, 1.868
2008/11/05 01:00:00, 1.801
2008/11/05 02:00:00, 1.786
2008/11/05 03:00:00, 1.828
2008/11/05 04:00:00, 1.912
2008/11/05 05:00:00, 2.011
2008/11/05 06:00:00, 2.093
2008/11/05 07:00:00, 2.144
2008/11/05 08:00:00, 2.154
2008/11/05 09:00:00, 2.107
2008/11/05 10:00:00, 2.005
2008/11/05 11:00:00, 1.863
2008/11/05 12:00:00, 1.721
2008/11/05 13:00:00, 1.644
2008/11/05 14:00:00, 1.651
2008/11/05 15:00:00, 1.629
2008/11/05 16:00:00, 1.704
2008/11/05 17:00:00, 1.823
2008/11/05 18:00:00, 1.956
2008/11/05 19:00:00, 2.065
2008/11/05 20:00:00, 2.141
2008/11/05 21:00:00, 2.181
2008/11/05 22:00:00, 2.171
2008/11/05 23:00:00, 2.117
2008/11/06 00:00:00, 2.019
2008/11/06 01:00:00, 1.915
2008/11/06 02:00:00, 1.844
2008/11/06 03:00:00, 1.818
2008/11/06 04:00:00, 1.840
2008/11/06 05:00:00, 1.903
2008/11/06 06:00:00, 1.985
2008/11/06 07:00:00, 2.060
2008/11/06 08:00:00, 2.112
2008/11/06 09:00:00, 2.130
2008/11/06 10:00:00, 2.096
2008/11/06 11:00:00, 2.067
2008/11/06 12:00:00, 1.944
2008/11/06 13:00:00, 1.817
2008/11/06 14:00:00, 1.717
2008/11/06 15:00:00, 1.668
2008/11/06 16:00:00, 1.672
2008/11/06 17:00:00, 1.704
2008/11/06 18:00:00, 1.828
2008/11/06 19:00:00, 1.968
2008/11/06 20:00:00, 2.061
2008/11/06 21:00:00, 2.128
2008/11/06 22:00:00, 2.206
2008/11/06 23:00:00, 2.234
2008/11/07 00:00:00, 2.196
2008/11/07 01:00:00, 2.118
2008/11/07 02:00:00, 1.989
2008/11/07 03:00:00, 1.880
2008/11/07 04:00:00, 1.813
2008/11/07 05:00:00, 1.798
2008/11/07 06:00:00, 1.838
2008/11/07 07:00:00, 1.911
2008/11/07 08:00:00, 2.005
2008/11/07 09:00:00, 2.129
2008/11/07 10:00:00, 2.080
2008/11/07 11:00:00, 2.122
2008/11/07 12:00:00, 2.047
2008/11/07 13:00:00, 1.931
2008/11/07 14:00:00, 1.809
2008/11/07 15:00:00, 1.705
2008/11/07 16:00:00, 1.609
2008/11/07 17:00:00, 1.600
2008/11/07 18:00:00, 1.658
2008/11/07 19:00:00, 1.775
2008/11/07 20:00:00, 1.912
2008/11/07 21:00:00, 2.036
2008/11/07 22:00:00, 2.140
2008/11/07 23:00:00, 2.238
2008/11/08 00:00:00, 2.252
2008/11/08 01:00:00, 2.196
2008/11/08 02:00:00, 2.083
2008/11/08 03:00:00, 1.948
2008/11/08 04:00:00, 1.819
2008/11/08 05:00:00, 1.738
2008/11/08 06:00:00, 1.722
2008/11/08 07:00:00, 1.771
2008/11/08 08:00:00, 1.867
2008/11/08 09:00:00, 1.976
2008/11/08 10:00:00, 2.069
2008/11/08 11:00:00, 2.123
2008/11/08 12:00:00, 2.110
2008/11/08 13:00:00, 2.084
2008/11/08 14:00:00, 1.963
2008/11/08 15:00:00, 1.816
2008/11/08 16:00:00, 1.682
2008/11/08 17:00:00, 1.596
2008/11/08 18:00:00, 1.581
2008/11/08 19:00:00, 1.649
2008/11/08 20:00:00, 1.788
2008/11/08 21:00:00, 1.949
2008/11/08 22:00:00, 2.101
2008/11/08 23:00:00, 2.221
2008/11/09 00:00:00, 2.302
2008/11/09 01:00:00, 2.383
2008/11/09 02:00:00, 2.265
2008/11/09 03:00:00, 2.084
2008/11/09 04:00:00, 1.877
2008/11/09 05:00:00, 1.676
2008/11/09 06:00:00, 1.560
2008/11/09 07:00:00, 1.532
2008/11/09 08:00:00, 1.641
2008/11/09 09:00:00, 1.810
2008/11/09 10:00:00, 1.991
2008/11/09 11:00:00, 2.120
2008/11/09 12:00:00, 2.203
2008/11/09 13:00:00, 2.216
2008/11/09 14:00:00, 2.148
2008/11/09 15:00:00, 2.001
2008/11/09 16:00:00, 1.819
2008/11/09 17:00:00, 1.654
2008/11/09 18:00:00, 1.553
2008/11/09 19:00:00, 1.543
2008/11/09 20:00:00, 1.639
2008/11/09 21:00:00, 1.827
2008/11/09 22:00:00, 2.050
2008/11/09 23:00:00, 2.253
2008/11/10 00:00:00, 2.371
2008/11/10 01:00:00, 2.457
2008/11/10 02:00:00, 2.425
2008/11/10 03:00:00, 2.301
2008/11/10 04:00:00, 2.074
2008/11/10 05:00:00, 1.828
2008/11/10 06:00:00, 1.631
2008/11/10 07:00:00, 1.529
2008/11/10 08:00:00, 1.541
2008/11/10 09:00:00, 1.656
2008/11/10 10:00:00, 1.837
2008/11/10 11:00:00, 2.023
2008/11/10 12:00:00, 2.177
2008/11/10 13:00:00, 2.268
2008/11/10 14:00:00, 2.276
2008/11/10 15:00:00, 2.187
2008/11/10 16:00:00, 1.999
2008/11/10 17:00:00, 1.772
2008/11/10 18:00:00, 1.600
2008/11/10 19:00:00, 1.518
2008/11/10 20:00:00, 1.553
2008/11/10 21:00:00, 1.709
2008/11/10 22:00:00, 1.943
2008/11/10 23:00:00, 2.187
2008/11/11 00:00:00, 2.393
2008/11/11 01:00:00, 2.526
2008/11/11 02:00:00, 2.563
2008/11/11 03:00:00, 2.484
2008/11/11 04:00:00, 2.266
2008/11/11 05:00:00, 1.948
2008/11/11 06:00:00, 1.627
2008/11/11 07:00:00, 1.433
2008/11/11 08:00:00, 1.366
2008/11/11 09:00:00, 1.433
2008/11/11 10:00:00, 1.603
2008/11/11 11:00:00, 1.832
2008/11/11 12:00:00, 2.043
2008/11/11 13:00:00, 2.214
2008/11/11 14:00:00, 2.308
2008/11/11 15:00:00, 2.302
2008/11/11 16:00:00, 2.180
2008/11/11 17:00:00, 1.966
2008/11/11 18:00:00, 1.722
2008/11/11 19:00:00, 1.532
2008/11/11 20:00:00, 1.457
2008/11/11 21:00:00, 1.524
2008/11/11 22:00:00, 1.720
2008/11/11 23:00:00, 2.022
2008/11/12 00:00:00, 2.128
2008/11/12 23:00:00, 1.833
2008/11/13 00:00:00, 2.111
2008/11/13 01:00:00, 2.358
2008/11/13 02:00:00, 2.527
2008/11/13 17:00:00, 2.376
2008/11/13 18:00:00, 2.155
2008/11/13 19:00:00, 1.861
2008/11/13 20:00:00, 1.577
2008/11/13 21:00:00, 1.418
2008/11/13 22:00:00, 1.416
2008/11/13 23:00:00, 1.564
2008/11/14 00:00:00, 1.823
2008/11/14 01:00:00, 2.117
2008/11/14 02:00:00, 2.365
2008/11/14 03:00:00, 2.529
2008/11/14 04:00:00, 2.595
2008/11/14 05:00:00, 2.505
2008/11/14 06:00:00, 2.267
2008/11/14 07:00:00, 1.902
2008/11/14 08:00:00, 1.510
2008/11/14 09:00:00, 1.224
2008/11/14 10:00:00, 1.095
2008/11/14 11:00:00, 1.131
2008/11/14 12:00:00, 1.350
2008/11/14 13:00:00, 1.622
2008/11/14 14:00:00, 1.962
2008/11/14 15:00:00, 2.201
2008/11/14 16:00:00, 2.359
2008/11/15 10:00:00, 1.138
2008/11/16 12:00:00, 1.115
2008/11/17 11:00:00, 1.391
2008/11/17 12:00:00, 1.271
2008/11/17 13:00:00, 1.262
2008/11/17 14:00:00, 1.378
2008/11/17 15:00:00, 1.570
2008/11/17 16:00:00, 1.798
2008/11/18 11:00:00, 1.709
2008/11/18 12:00:00, 1.502
2008/11/18 13:00:00, 1.390
2008/11/18 14:00:00, 1.384
2008/11/18 15:00:00, 1.481
2008/11/19 10:00:00, 2.154
2008/11/19 11:00:00, 2.001
2008/11/19 12:00:00, 1.788
2008/11/19 13:00:00, 1.610
2008/11/19 14:00:00, 1.506
2008/11/19 15:00:00, 1.487
2008/11/19 16:00:00, 1.555
2008/11/19 17:00:00, 1.721
2008/11/19 18:00:00, 1.901
2008/11/19 19:00:00, 2.066
2008/11/19 20:00:00, 2.213
2008/11/19 21:00:00, 2.324
2008/11/19 22:00:00, 2.375
2008/11/19 23:00:00, 2.334
2008/11/20 00:00:00, 2.208
2008/11/20 01:00:00, 2.040
2008/11/20 02:00:00, 1.896
2008/11/20 03:00:00, 1.781
2008/11/20 04:00:00, 1.758
2008/11/20 05:00:00, 1.803
2008/11/20 06:00:00, 1.892
2008/11/20 07:00:00, 1.995
2008/11/20 08:00:00, 2.082
2008/11/20 09:00:00, 2.140
2008/11/20 10:00:00, 2.160
2008/11/20 11:00:00, 2.110
2008/11/20 12:00:00, 1.986
2008/11/20 13:00:00, 1.808
2008/11/20 14:00:00, 1.650
2008/11/20 15:00:00, 1.563
2008/11/20 16:00:00, 1.546
2008/11/20 17:00:00, 1.610
2008/11/20 18:00:00, 1.733
2008/11/20 19:00:00, 1.879
2008/11/20 20:00:00, 2.023
2008/11/21 09:00:00, 2.031
2008/11/21 10:00:00, 2.107
2008/11/21 11:00:00, 2.144
2008/11/21 12:00:00, 2.115
2008/11/21 13:00:00, 2.014
2008/11/21 14:00:00, 1.871
2008/11/21 15:00:00, 1.735
2008/11/21 16:00:00, 1.643
2008/11/21 17:00:00, 1.618
2008/11/21 18:00:00, 1.673
2008/11/21 19:00:00, 1.789
2008/11/21 20:00:00, 1.932
2008/11/21 21:00:00, 2.032
2008/11/21 22:00:00, 2.168
2008/11/21 23:00:00, 2.276
2008/11/22 00:00:00, 2.319
2008/11/22 01:00:00, 2.267
2008/11/22 02:00:00, 2.118
2008/11/22 03:00:00, 1.923
2008/11/22 04:00:00, 1.748
2008/11/22 05:00:00, 1.626
2008/11/22 06:00:00, 1.574
2008/11/22 07:00:00, 1.602
2008/11/22 08:00:00, 1.687
2008/11/22 09:00:00, 1.798
2008/11/22 10:00:00, 1.906
2008/11/22 11:00:00, 1.996
2008/11/22 12:00:00, 2.044
2008/11/22 13:00:00, 2.028
2008/11/22 14:00:00, 1.935
2008/11/22 15:00:00, 1.791
2008/11/22 16:00:00, 1.658
2008/11/22 17:00:00, 1.565
2008/11/22 18:00:00, 1.545
2008/11/22 19:00:00, 1.608
2008/11/22 20:00:00, 1.729
2008/11/22 21:00:00, 1.877
2008/11/22 22:00:00, 2.036
2008/11/22 23:00:00, 2.186
2008/11/23 00:00:00, 2.296
2008/11/23 01:00:00, 2.332
2008/11/23 02:00:00, 2.266
2008/11/23 03:00:00, 2.105
2008/11/23 04:00:00, 1.900
2008/11/23 05:00:00, 1.712
2008/11/23 06:00:00, 1.585
2008/11/23 07:00:00, 1.542
2008/11/23 08:00:00, 1.564
2008/11/23 09:00:00, 1.650
2008/11/23 10:00:00, 1.781
2008/11/23 11:00:00, 1.906
2008/11/23 12:00:00, 2.008
2008/11/23 13:00:00, 2.065
2008/11/23 14:00:00, 2.048
2008/11/23 15:00:00, 1.983
2008/11/23 16:00:00, 1.865
2008/11/23 17:00:00, 1.712
2008/11/23 18:00:00, 1.612
2008/11/23 19:00:00, 1.593
2008/11/23 20:00:00, 1.669
2008/11/23 21:00:00, 1.809
2008/11/23 22:00:00, 1.977
2008/11/23 23:00:00, 2.147
2008/11/24 00:00:00, 2.291
2008/11/24 01:00:00, 2.375
2008/11/24 02:00:00, 2.377
2008/11/24 03:00:00, 2.271
2008/11/24 04:00:00, 2.070
2008/11/24 05:00:00, 1.835
2008/11/24 06:00:00, 1.535
2008/11/24 07:00:00, 1.462
2008/11/24 08:00:00, 1.490
2008/11/24 09:00:00, 1.580
2008/11/24 10:00:00, 1.731
2008/11/24 11:00:00, 1.900
2008/11/24 12:00:00, 2.057
2008/11/24 13:00:00, 2.125
2008/11/24 14:00:00, 2.134
2008/11/24 15:00:00, 2.100
2008/11/24 16:00:00, 1.976
2008/11/24 17:00:00, 1.801
2008/11/24 18:00:00, 1.640
2008/11/24 19:00:00, 1.547
2008/11/24 20:00:00, 1.553
2008/11/24 21:00:00, 1.651
2008/11/24 22:00:00, 1.810
2008/11/24 23:00:00, 1.989
2008/11/25 00:00:00, 2.151
2008/11/26 03:00:00, 2.319
2008/11/26 20:00:00, 1.500
2008/11/26 21:00:00, 1.488
2008/11/26 22:00:00, 1.587
2008/11/26 23:00:00, 1.769
2008/11/27 00:00:00, 1.981
2008/11/27 01:00:00, 2.175
2008/11/27 02:00:00, 2.305
2008/11/27 03:00:00, 2.364
2008/11/27 04:00:00, 2.341
2008/11/27 05:00:00, 2.206
2008/11/27 06:00:00, 1.966
2008/11/27 07:00:00, 1.689
2008/11/27 08:00:00, 1.463
2008/11/27 09:00:00, 1.343
2008/11/27 10:00:00, 1.345
2008/11/27 11:00:00, 1.467
2008/11/27 12:00:00, 1.671
2008/11/27 13:00:00, 1.890
2008/11/27 14:00:00, 2.072
2008/11/27 15:00:00, 2.196
2008/11/27 16:00:00, 2.246
2008/11/27 17:00:00, 2.202
2008/11/27 18:00:00, 2.060
2008/11/27 19:00:00, 1.855
2008/11/27 20:00:00, 1.658
2008/11/27 21:00:00, 1.548
2008/11/27 22:00:00, 1.552
2008/11/27 23:00:00, 1.663
2008/11/28 00:00:00, 1.837
2008/11/28 18:00:00, 2.135
2008/11/28 19:00:00, 2.009
2008/12/01 03:00:00, 2.017
2008/12/01 04:00:00, 2.179
2008/12/03 11:00:00, 1.527
2008/12/03 12:00:00, 1.337
2008/12/03 13:00:00, 1.311
2008/12/03 14:00:00, 1.383
2008/12/03 15:00:00, 1.537
2008/12/03 16:00:00, 1.700
2008/12/03 17:00:00, 1.954
2008/12/03 18:00:00, 2.017
2008/12/03 19:00:00, 2.124
2008/12/03 20:00:00, 2.152
2008/12/03 21:00:00, 2.164
2008/12/03 22:00:00, 2.025
2008/12/03 23:00:00, 1.853
2008/12/04 00:00:00, 1.814
2008/12/04 01:00:00, 1.646
2008/12/04 02:00:00, 1.634
2008/12/04 03:00:00, 1.695
2008/12/04 04:00:00, 1.812
2008/12/04 05:00:00, 1.968
2008/12/04 06:00:00, 2.093
2008/12/04 07:00:00, 2.168
2008/12/04 08:00:00, 2.162
2008/12/04 09:00:00, 1.995
2008/12/04 10:00:00, 1.934
2008/12/04 11:00:00, 1.706
2008/12/04 12:00:00, 1.545
2008/12/04 13:00:00, 1.449
2008/12/04 14:00:00, 1.442
2008/12/04 15:00:00, 1.515
2008/12/04 16:00:00, 1.657
2008/12/04 17:00:00, 1.788
2008/12/04 18:00:00, 1.964
2008/12/04 19:00:00, 2.095
2008/12/04 20:00:00, 2.177
2008/12/04 21:00:00, 2.206
2008/12/04 22:00:00, 2.169
2008/12/04 23:00:00, 2.089
2008/12/05 00:00:00, 1.923
2008/12/05 01:00:00, 1.785
2008/12/05 02:00:00, 1.689
2008/12/05 03:00:00, 1.666
2008/12/05 04:00:00, 1.707
2008/12/05 05:00:00, 1.841
2008/12/05 06:00:00, 1.983
2008/12/05 07:00:00, 2.098
2008/12/05 08:00:00, 2.112
2008/12/05 09:00:00, 2.122
2008/12/05 10:00:00, 2.022
2008/12/05 11:00:00, 1.866
2008/12/05 12:00:00, 1.681
2008/12/05 13:00:00, 1.514
2008/12/05 14:00:00, 1.411
2008/12/05 15:00:00, 1.429
2008/12/05 16:00:00, 1.522
2008/12/05 17:00:00, 1.683
2008/12/05 18:00:00, 1.824
2008/12/05 19:00:00, 1.969
2008/12/05 20:00:00, 2.104
2008/12/05 21:00:00, 2.198
2008/12/05 22:00:00, 2.225
2008/12/05 23:00:00, 2.168
2008/12/06 00:00:00, 2.046
2008/12/06 01:00:00, 1.893
2008/12/06 02:00:00, 1.756
2008/12/06 03:00:00, 1.677
2008/12/06 04:00:00, 1.668
2008/12/06 05:00:00, 1.720
2008/12/06 06:00:00, 1.816
2008/12/06 07:00:00, 1.925
2008/12/06 08:00:00, 2.012
2008/12/06 09:00:00, 2.059
2008/12/06 10:00:00, 2.038
2008/12/06 11:00:00, 1.958
2008/12/06 12:00:00, 1.845
2008/12/06 13:00:00, 1.703
2008/12/06 14:00:00, 1.554
2008/12/06 15:00:00, 1.509
2008/12/06 16:00:00, 1.497
2008/12/06 17:00:00, 1.557
2008/12/06 18:00:00, 1.683
2008/12/06 19:00:00, 1.854
2008/12/06 20:00:00, 1.984
2008/12/06 21:00:00, 2.112
2008/12/06 22:00:00, 2.201
2008/12/06 23:00:00, 2.255
2008/12/07 00:00:00, 2.157
2008/12/07 01:00:00, 1.991
2008/12/07 02:00:00, 1.775
2008/12/07 03:00:00, 1.618
2008/12/07 04:00:00, 1.521
2008/12/07 05:00:00, 1.493
2008/12/07 06:00:00, 1.534
2008/12/07 07:00:00, 1.629
2008/12/07 08:00:00, 1.745
2008/12/07 09:00:00, 1.885
2008/12/07 10:00:00, 1.917
2008/12/07 11:00:00, 1.961
2008/12/07 12:00:00, 1.942
2008/12/07 13:00:00, 1.864
2008/12/07 14:00:00, 1.751
2008/12/07 15:00:00, 1.568
2008/12/07 16:00:00, 1.493
2008/12/07 17:00:00, 1.488
2008/12/07 18:00:00, 1.562
2008/12/07 19:00:00, 1.706
2008/12/07 20:00:00, 1.879
2008/12/07 21:00:00, 2.037
2008/12/07 22:00:00, 2.164
2008/12/07 23:00:00, 2.243
2008/12/08 00:00:00, 2.234
2008/12/08 01:00:00, 2.137
2008/12/08 02:00:00, 1.964
2008/12/08 03:00:00, 1.752
2008/12/08 04:00:00, 1.559
2008/12/08 05:00:00, 1.430
2008/12/08 06:00:00, 1.385
2008/12/08 07:00:00, 1.433
2008/12/08 08:00:00, 1.547
2008/12/08 09:00:00, 1.727
2008/12/08 10:00:00, 1.894
2008/12/08 11:00:00, 2.025
2008/12/08 12:00:00, 1.999
2008/12/08 13:00:00, 1.810
2008/12/08 14:00:00, 1.878
2008/12/08 15:00:00, 1.683
2008/12/08 16:00:00, 1.542
2008/12/08 17:00:00, 1.446
2008/12/08 18:00:00, 1.427
2008/12/08 19:00:00, 1.521
2008/12/08 20:00:00, 1.670
2008/12/08 21:00:00, 1.843
2008/12/08 22:00:00, 2.038
2008/12/08 23:00:00, 2.193
2008/12/09 00:00:00, 2.288
2008/12/09 01:00:00, 2.294
2008/12/09 02:00:00, 2.196
2008/12/09 03:00:00, 2.012
2008/12/09 04:00:00, 1.756
2008/12/09 05:00:00, 1.534
2008/12/09 06:00:00, 1.390
2008/12/09 07:00:00, 1.346
2008/12/09 08:00:00, 1.402
2008/12/09 09:00:00, 1.539
2008/12/09 10:00:00, 1.709
2008/12/09 11:00:00, 1.864
2008/12/09 12:00:00, 2.005
2008/12/09 13:00:00, 2.054
2008/12/09 14:00:00, 2.022
2008/12/09 15:00:00, 1.948
2008/12/09 16:00:00, 1.796
2008/12/09 17:00:00, 1.570
2008/12/09 18:00:00, 1.421
2008/12/09 19:00:00, 1.407
2008/12/09 20:00:00, 1.462
2008/12/09 21:00:00, 1.692
2008/12/09 22:00:00, 1.894
2008/12/09 23:00:00, 2.134
2008/12/10 00:00:00, 2.288
2008/12/10 01:00:00, 2.367
2008/12/10 02:00:00, 2.330
2008/12/10 03:00:00, 2.195
2008/12/10 04:00:00, 1.958
2008/12/10 05:00:00, 1.677
2008/12/10 06:00:00, 1.375
2008/12/10 07:00:00, 1.236
2008/12/10 08:00:00, 1.203
2008/12/10 09:00:00, 1.288
2008/12/10 10:00:00, 1.478
2008/12/10 11:00:00, 1.727
2008/12/10 12:00:00, 1.868
2008/12/10 13:00:00, 2.009
2008/12/10 14:00:00, 2.081
2008/12/10 15:00:00, 2.073
2008/12/10 16:00:00, 1.932
2008/12/10 17:00:00, 1.722
2008/12/10 18:00:00, 1.462
2008/12/10 19:00:00, 1.352
2008/12/10 20:00:00, 1.331
2008/12/10 21:00:00, 1.446
2008/12/10 22:00:00, 1.643
2008/12/10 23:00:00, 1.895
2008/12/11 00:00:00, 2.131
2008/12/11 01:00:00, 2.302
2008/12/11 02:00:00, 2.358
2008/12/11 03:00:00, 2.304
2008/12/11 04:00:00, 2.151
2008/12/11 05:00:00, 1.858
2008/12/11 06:00:00, 1.467
2008/12/11 07:00:00, 1.234
2008/12/11 08:00:00, 1.063
2008/12/11 09:00:00, 1.039
2008/12/11 10:00:00, 1.196
2008/12/11 11:00:00, 1.424
2008/12/11 12:00:00, 1.678
2008/12/11 13:00:00, 1.847
2008/12/11 14:00:00, 2.086
2008/12/11 15:00:00, 2.145
2008/12/11 16:00:00, 2.091
2008/12/11 17:00:00, 1.932
2008/12/11 18:00:00, 1.681
2008/12/11 19:00:00, 1.436
2008/12/11 20:00:00, 1.295
2008/12/11 21:00:00, 1.294
2008/12/11 22:00:00, 1.423
2008/12/11 23:00:00, 1.692
2008/12/12 00:00:00, 1.962
2008/12/12 01:00:00, 2.200
2008/12/12 02:00:00, 2.368
2008/12/12 03:00:00, 2.443
2008/12/12 04:00:00, 2.368
2008/12/12 05:00:00, 2.102
2008/12/12 06:00:00, 1.759
2008/12/12 07:00:00, 1.411
2008/12/12 08:00:00, 1.128
2008/12/12 09:00:00, 0.975
2008/12/12 10:00:00, 1.015
2008/12/12 11:00:00, 1.203
2008/12/12 12:00:00, 1.491
2008/12/12 13:00:00, 1.795
2008/12/12 14:00:00, 2.034
2008/12/12 15:00:00, 2.203
2008/12/12 16:00:00, 2.278
2008/12/13 11:00:00, 1.027
2008/12/13 12:00:00, 1.255
2008/12/13 13:00:00, 1.571
2008/12/13 14:00:00, 1.846
2008/12/13 15:00:00, 2.057
2008/12/14 10:00:00, 1.026
2008/12/14 11:00:00, 0.936
2008/12/14 12:00:00, 1.042
2008/12/14 13:00:00, 1.288
2008/12/14 14:00:00, 1.608
2008/12/14 15:00:00, 1.926
2008/12/14 16:00:00, 2.212
2008/12/14 17:00:00, 2.355
2008/12/15 09:00:00, 1.580
2008/12/15 10:00:00, 1.241
2008/12/15 11:00:00, 1.033
2008/12/15 12:00:00, 1.007
2008/12/15 13:00:00, 1.125
2008/12/15 14:00:00, 1.403
2008/12/15 15:00:00, 1.687
2008/12/15 16:00:00, 1.974
2008/12/15 17:00:00, 2.210
2008/12/16 07:00:00, 2.304
2008/12/16 08:00:00, 2.153
2008/12/16 09:00:00, 1.877
2008/12/16 10:00:00, 1.532
2008/12/16 11:00:00, 1.254
2008/12/16 12:00:00, 1.055
2008/12/16 13:00:00, 1.073
2008/12/16 14:00:00, 1.230
2008/12/16 15:00:00, 1.454
2008/12/16 16:00:00, 1.727
2008/12/16 17:00:00, 1.995
2008/12/16 18:00:00, 2.231
2008/12/16 19:00:00, 2.334
2008/12/16 20:00:00, 2.328
2008/12/16 21:00:00, 2.190
2008/12/16 22:00:00, 1.950
2008/12/16 23:00:00, 1.687
2008/12/17 00:00:00, 1.487
2008/12/17 01:00:00, 1.430
2008/12/17 02:00:00, 1.475
2008/12/17 03:00:00, 1.619
2008/12/17 04:00:00, 1.813
2008/12/17 05:00:00, 1.995
2008/12/17 06:00:00, 2.220
2008/12/17 07:00:00, 2.228
2008/12/17 08:00:00, 2.188
2008/12/17 09:00:00, 2.074
2008/12/17 10:00:00, 1.785
2008/12/17 11:00:00, 1.485
2008/12/17 12:00:00, 1.274
2008/12/17 13:00:00, 1.179
2008/12/17 14:00:00, 1.237
2008/12/17 15:00:00, 1.400
2008/12/17 16:00:00, 1.566
2008/12/17 17:00:00, 1.894
2008/12/17 18:00:00, 2.035
2008/12/17 19:00:00, 2.220
2008/12/17 20:00:00, 2.339
2008/12/17 21:00:00, 2.326
2008/12/17 22:00:00, 2.192
2008/12/17 23:00:00, 1.967
2008/12/18 00:00:00, 1.799
2008/12/18 01:00:00, 1.567
2008/12/18 02:00:00, 1.548
2008/12/18 03:00:00, 1.604
2008/12/18 04:00:00, 1.632
2008/12/18 05:00:00, 1.843
2008/12/18 06:00:00, 2.012
2008/12/18 07:00:00, 2.076
2008/12/18 08:00:00, 2.156
2008/12/18 09:00:00, 2.139
2008/12/18 10:00:00, 2.016
2008/12/18 11:00:00, 1.812
2008/12/18 12:00:00, 1.565
2008/12/18 13:00:00, 1.412
2008/12/18 14:00:00, 1.322
2008/12/18 15:00:00, 1.401
2008/12/18 16:00:00, 1.553
2008/12/18 17:00:00, 1.754
2008/12/18 18:00:00, 1.929
2008/12/18 19:00:00, 2.137
2008/12/18 20:00:00, 2.286
2008/12/18 21:00:00, 2.354
2008/12/18 22:00:00, 2.337
2008/12/18 23:00:00, 2.215
2008/12/19 00:00:00, 2.021
2008/12/19 01:00:00, 1.814
2008/12/19 02:00:00, 1.667
2008/12/19 03:00:00, 1.606
2008/12/19 04:00:00, 1.628
2008/12/19 05:00:00, 1.717
2008/12/19 06:00:00, 1.835
2008/12/19 07:00:00, 1.942
2008/12/19 08:00:00, 2.017
2008/12/19 09:00:00, 2.088
2008/12/19 10:00:00, 2.059
2008/12/19 11:00:00, 1.913
2008/12/19 12:00:00, 1.788
2008/12/19 13:00:00, 1.559
2008/12/19 14:00:00, 1.495
2008/12/19 15:00:00, 1.405
2008/12/19 16:00:00, 1.465
2008/12/19 17:00:00, 1.564
2008/12/19 18:00:00, 1.755
2008/12/19 19:00:00, 1.949
2008/12/19 20:00:00, 2.123
2008/12/19 21:00:00, 2.196
2008/12/19 22:00:00, 2.251
2008/12/19 23:00:00, 2.244
2008/12/20 00:00:00, 2.140
2008/12/20 01:00:00, 2.002
2008/12/20 02:00:00, 1.799
2008/12/20 03:00:00, 1.673
2008/12/20 04:00:00, 1.583
2008/12/20 05:00:00, 1.672
2008/12/20 06:00:00, 1.740
2008/12/20 07:00:00, 1.836
2008/12/20 08:00:00, 1.911
2008/12/20 09:00:00, 2.005
2008/12/20 10:00:00, 2.019
2008/12/20 11:00:00, 1.983
2008/12/20 12:00:00, 1.938
2008/12/20 13:00:00, 1.802
2008/12/20 14:00:00, 1.558
2008/12/20 15:00:00, 1.565
2008/12/20 16:00:00, 1.566
2008/12/20 17:00:00, 1.580
2008/12/20 18:00:00, 1.667
2008/12/20 19:00:00, 1.810
2008/12/20 20:00:00, 1.956
2008/12/20 21:00:00, 2.118
2008/12/20 22:00:00, 2.208
2008/12/20 23:00:00, 2.209
2008/12/21 00:00:00, 2.192
2008/12/21 01:00:00, 2.112
2008/12/21 02:00:00, 1.977
2008/12/21 03:00:00, 1.737
2008/12/21 04:00:00, 1.625
2008/12/21 05:00:00, 1.575
2008/12/21 06:00:00, 1.568
2008/12/21 07:00:00, 1.595
2008/12/21 08:00:00, 1.741
2008/12/21 09:00:00, 1.839
2008/12/21 10:00:00, 1.906
2008/12/21 11:00:00, 1.939
2008/12/21 12:00:00, 1.952
2008/12/21 13:00:00, 1.908
2008/12/21 14:00:00, 1.849
2008/12/21 15:00:00, 1.680
2008/12/21 16:00:00, 1.655
2008/12/21 17:00:00, 1.540
2008/12/21 18:00:00, 1.642
2008/12/21 19:00:00, 1.754
2008/12/21 20:00:00, 1.808
2008/12/21 21:00:00, 1.979
2008/12/21 22:00:00, 2.065
2008/12/21 23:00:00, 2.144
2008/12/22 00:00:00, 2.133
2008/12/22 01:00:00, 2.095
2008/12/22 02:00:00, 1.972
2008/12/22 03:00:00, 1.779
2008/12/22 04:00:00, 1.584
2008/12/22 05:00:00, 1.429
2008/12/22 06:00:00, 1.429
2008/12/22 07:00:00, 1.426
2008/12/22 08:00:00, 1.472
2008/12/22 09:00:00, 1.583
2008/12/22 10:00:00, 1.758
2008/12/22 11:00:00, 1.815
2008/12/22 12:00:00, 1.848
2008/12/22 13:00:00, 1.837
2008/12/22 14:00:00, 1.768
2008/12/22 15:00:00, 1.816
2008/12/22 16:00:00, 1.650
2008/12/22 17:00:00, 1.553
2008/12/22 18:00:00, 1.510
2008/12/22 19:00:00, 1.478
2008/12/22 20:00:00, 1.586
2008/12/22 21:00:00, 1.721
2008/12/22 22:00:00, 1.866
2008/12/22 23:00:00, 2.001
2008/12/23 00:00:00, 2.101
2008/12/23 01:00:00, 2.141
2008/12/23 02:00:00, 2.138
2008/12/23 03:00:00, 1.890
2008/12/23 04:00:00, 1.804
2008/12/23 05:00:00, 1.545
2008/12/23 06:00:00, 1.408
2008/12/23 07:00:00, 1.334
2008/12/23 08:00:00, 1.343
2008/12/23 09:00:00, 1.572
2008/12/23 10:00:00, 1.571
2008/12/23 11:00:00, 1.693
2008/12/23 12:00:00, 1.798
2008/12/23 13:00:00, 1.957
2008/12/23 14:00:00, 1.965
2008/12/23 15:00:00, 1.907
2008/12/23 16:00:00, 1.802
2008/12/23 17:00:00, 1.652
2008/12/23 18:00:00, 1.588
2008/12/23 19:00:00, 1.568
2008/12/23 20:00:00, 1.548
2008/12/23 21:00:00, 1.671
2008/12/23 22:00:00, 1.782
2008/12/23 23:00:00, 1.907
2008/12/24 00:00:00, 2.078
2008/12/24 01:00:00, 2.113
2008/12/24 02:00:00, 2.097
2008/12/24 03:00:00, 2.071
2008/12/24 04:00:00, 1.892
2008/12/24 05:00:00, 1.650
2008/12/24 06:00:00, 1.522
2008/12/24 07:00:00, 1.374
2008/12/24 08:00:00, 1.311
2008/12/24 09:00:00, 1.341
2008/12/24 10:00:00, 1.445
2008/12/24 11:00:00, 1.615
2008/12/24 12:00:00, 1.785
2008/12/24 13:00:00, 1.933
2008/12/24 14:00:00, 1.977
2008/12/24 15:00:00, 2.019
2008/12/24 16:00:00, 1.941
2008/12/24 17:00:00, 1.801
2008/12/24 18:00:00, 1.686
2008/12/24 19:00:00, 1.582
2008/12/24 20:00:00, 1.549
2008/12/24 21:00:00, 1.586
2008/12/24 22:00:00, 1.685
2008/12/24 23:00:00, 1.817
2008/12/25 00:00:00, 2.007
2008/12/25 01:00:00, 2.197
2008/12/25 02:00:00, 2.184
2008/12/25 03:00:00, 2.132
2008/12/25 04:00:00, 1.990
2008/12/25 05:00:00, 1.863
2008/12/25 06:00:00, 1.535
2008/12/25 07:00:00, 1.374
2008/12/25 08:00:00, 1.292
2008/12/25 09:00:00, 1.268
2008/12/25 10:00:00, 1.347
2008/12/25 11:00:00, 1.501
2008/12/25 12:00:00, 1.670
2008/12/25 13:00:00, 1.799
2008/12/25 14:00:00, 1.983
2008/12/25 15:00:00, 2.041
2008/12/25 16:00:00, 1.948
2008/12/25 17:00:00, 1.901
2008/12/25 18:00:00, 1.795
2008/12/25 19:00:00, 1.624
2008/12/25 20:00:00, 1.514
2008/12/25 21:00:00, 1.491
2008/12/25 22:00:00, 1.555
2008/12/25 23:00:00, 1.656
2008/12/26 00:00:00, 1.884
2008/12/26 01:00:00, 2.101
2008/12/26 02:00:00, 2.162
2008/12/26 03:00:00, 2.135
2008/12/26 04:00:00, 2.196
2008/12/26 05:00:00, 1.971
2008/12/26 06:00:00, 1.807
2008/12/26 07:00:00, 1.412
2008/12/26 08:00:00, 1.244
2008/12/26 09:00:00, 1.151
2008/12/26 10:00:00, 1.199
2008/12/26 11:00:00, 1.356
2008/12/26 12:00:00, 1.615
2008/12/26 13:00:00, 1.788
2008/12/26 14:00:00, 1.962
2008/12/26 15:00:00, 2.054
2008/12/26 16:00:00, 2.115
2008/12/26 17:00:00, 2.054
2008/12/26 18:00:00, 1.929
2008/12/26 19:00:00, 1.737
2008/12/26 20:00:00, 1.574
2008/12/26 21:00:00, 1.493
2008/12/26 22:00:00, 1.542
2008/12/26 23:00:00, 1.634
2008/12/27 00:00:00, 1.826
2008/12/27 01:00:00, 2.009
2008/12/27 02:00:00, 2.147
2008/12/27 03:00:00, 2.179
2008/12/27 04:00:00, 2.230
2008/12/27 05:00:00, 2.113
2008/12/27 06:00:00, 1.922
2008/12/27 07:00:00, 1.609
2008/12/27 08:00:00, 1.354
2008/12/27 09:00:00, 1.203
2008/12/27 10:00:00, 1.163
2008/12/27 11:00:00, 1.270
2008/12/27 12:00:00, 1.471
2008/12/27 13:00:00, 1.715
2008/12/27 14:00:00, 1.941
2008/12/27 15:00:00, 2.118
2008/12/27 16:00:00, 2.175
2008/12/27 17:00:00, 2.179
2008/12/27 18:00:00, 2.020
2008/12/27 19:00:00, 1.841
2008/12/27 20:00:00, 1.692
2008/12/27 21:00:00, 1.531
2008/12/27 22:00:00, 1.433
2008/12/27 23:00:00, 1.526
2008/12/28 00:00:00, 1.707
2008/12/28 01:00:00, 1.922
2008/12/28 02:00:00, 2.115
2008/12/28 03:00:00, 2.198
2008/12/28 04:00:00, 2.246
2008/12/28 05:00:00, 2.160
2008/12/28 06:00:00, 2.070
2008/12/28 07:00:00, 1.796
2008/12/28 08:00:00, 1.525
2008/12/28 09:00:00, 1.304
2008/12/28 10:00:00, 1.173
2008/12/28 11:00:00, 1.148
2008/12/28 12:00:00, 1.289
2008/12/28 13:00:00, 1.517
2008/12/28 14:00:00, 1.756
2008/12/28 15:00:00, 1.955
2008/12/28 16:00:00, 2.144
2008/12/28 17:00:00, 2.217
2008/12/28 18:00:00, 2.169
2008/12/28 19:00:00, 1.967
2008/12/28 20:00:00, 1.760
2008/12/28 21:00:00, 1.591
2008/12/28 22:00:00, 1.466
2008/12/28 23:00:00, 1.449
2008/12/29 00:00:00, 1.539
2008/12/29 01:00:00, 1.749
2008/12/29 02:00:00, 1.977
2008/12/29 03:00:00, 2.096
2008/12/29 04:00:00, 2.249
2008/12/29 05:00:00, 2.246
2008/12/29 06:00:00, 2.137
2008/12/29 07:00:00, 1.923
2008/12/29 08:00:00, 1.644
2008/12/29 09:00:00, 1.369
2008/12/29 10:00:00, 1.174
2008/12/29 11:00:00, 1.074
2008/12/29 12:00:00, 1.197
2008/12/29 13:00:00, 1.235
2008/12/29 14:00:00, 1.593
2008/12/29 15:00:00, 1.871
2008/12/29 16:00:00, 2.094
2008/12/29 17:00:00, 2.185
2008/12/30 08:00:00, 1.763
2008/12/30 09:00:00, 1.451
2008/12/30 10:00:00, 1.234
2008/12/30 11:00:00, 1.172
2008/12/30 12:00:00, 1.110
2008/12/30 13:00:00, 1.297
2008/12/30 14:00:00, 1.412
2008/12/30 15:00:00, 1.719
2008/12/30 16:00:00, 2.016
2008/12/30 17:00:00, 2.157
2008/12/30 18:00:00, 2.090
2008/12/30 19:00:00, 2.181
2008/12/31 09:00:00, 1.656
2008/12/31 10:00:00, 1.412
2008/12/31 11:00:00, 1.237
2008/12/31 12:00:00, 1.135
2008/12/31 13:00:00, 1.213
2008/12/31 14:00:00, 1.389
2008/12/31 15:00:00, 1.635
2008/12/31 16:00:00, 1.885
2008/12/31 17:00:00, 2.077
2008/12/31 18:00:00, 2.191
2008/12/31 19:00:00, 2.216
2008/12/31 20:00:00, 2.144
2008/12/31 21:00:00, 1.985
2008/12/31 22:00:00, 1.783
2008/12/31 23:00:00, 1.601
2009/01/01 00:00:00, 1.497
2009/01/01 01:00:00, 1.505
2009/01/01 02:00:00, 1.616
2009/01/01 03:00:00, 1.790
2009/01/01 04:00:00, 1.970
2009/01/01 05:00:00, 2.104
2009/01/01 06:00:00, 2.164
2009/01/01 07:00:00, 2.142
2009/01/01 08:00:00, 2.027
2009/01/01 09:00:00, 1.822
2009/01/01 10:00:00, 1.535
2009/01/01 11:00:00, 1.317
2009/01/01 12:00:00, 1.196
2009/01/01 13:00:00, 1.164
2009/01/01 14:00:00, 1.268
2009/01/01 15:00:00, 1.465
2009/01/01 16:00:00, 1.747
2009/01/01 17:00:00, 1.961
2009/01/01 18:00:00, 2.077
2009/01/01 19:00:00, 2.201
2009/01/01 20:00:00, 2.163
2009/01/01 21:00:00, 2.070
2009/01/01 22:00:00, 1.894
2009/01/01 23:00:00, 1.651
2009/01/02 00:00:00, 1.501
2009/01/02 01:00:00, 1.437
2009/01/02 02:00:00, 1.505
2009/01/02 03:00:00, 1.633
2009/01/02 04:00:00, 1.804
2009/01/02 05:00:00, 1.964
2009/01/02 06:00:00, 2.068
2009/01/02 07:00:00, 2.103
2009/01/02 08:00:00, 2.064
2009/01/02 09:00:00, 1.925
2009/01/02 10:00:00, 1.756
2009/01/02 11:00:00, 1.516
2009/01/02 12:00:00, 1.327
2009/01/02 13:00:00, 1.216
2009/01/02 14:00:00, 1.295
2009/01/02 15:00:00, 1.435
2009/01/02 16:00:00, 1.644
2009/01/02 17:00:00, 1.854
2009/01/02 18:00:00, 2.047
2009/01/02 19:00:00, 2.176
2009/01/02 20:00:00, 2.218
2009/01/02 21:00:00, 2.232
2009/01/02 22:00:00, 2.051
2009/01/02 23:00:00, 1.854
2009/01/03 00:00:00, 1.675
2009/01/03 01:00:00, 1.501
2009/01/03 02:00:00, 1.418
2009/01/03 03:00:00, 1.486
2009/01/03 04:00:00, 1.657
2009/01/03 05:00:00, 1.804
2009/01/03 06:00:00, 1.886
2009/01/03 07:00:00, 2.039
2009/01/03 08:00:00, 2.077
2009/01/03 09:00:00, 2.032
2009/01/03 10:00:00, 1.863
2009/01/03 11:00:00, 1.636
2009/01/03 12:00:00, 1.479
2009/01/03 13:00:00, 1.335
2009/01/03 14:00:00, 1.289
2009/01/03 15:00:00, 1.401
2009/01/03 16:00:00, 1.535
2009/01/03 17:00:00, 1.726
2009/01/03 18:00:00, 1.908
2009/01/03 19:00:00, 2.051
2009/01/03 20:00:00, 2.161
2009/01/03 21:00:00, 2.187
2009/01/03 22:00:00, 2.172
2009/01/03 23:00:00, 2.013
2009/01/04 00:00:00, 1.824
2009/01/04 01:00:00, 1.636
2009/01/04 02:00:00, 1.514
2009/01/04 03:00:00, 1.487
2009/01/04 04:00:00, 1.541
2009/01/04 05:00:00, 1.655
2009/01/04 06:00:00, 1.791
2009/01/04 07:00:00, 1.908
2009/01/04 08:00:00, 1.978
2009/01/04 09:00:00, 1.996
2009/01/04 10:00:00, 1.952
2009/01/04 11:00:00, 1.786
2009/01/04 12:00:00, 1.614
2009/01/04 13:00:00, 1.478
2009/01/04 14:00:00, 1.381
2009/01/04 15:00:00, 1.346
2009/01/04 16:00:00, 1.417
2009/01/05 10:00:00, 1.910
2009/01/05 11:00:00, 1.879
2009/01/05 12:00:00, 1.775
2009/01/05 13:00:00, 1.643
2009/01/05 14:00:00, 1.492
2009/01/05 15:00:00, 1.385
2009/01/05 16:00:00, 1.381
2009/01/05 17:00:00, 1.490
2009/01/05 18:00:00, 1.627
2009/01/06 09:00:00, 1.687
2009/01/06 10:00:00, 1.788
2009/01/06 11:00:00, 1.846
2009/01/06 12:00:00, 1.851
2009/01/06 13:00:00, 1.818
2009/01/06 14:00:00, 1.698
2009/01/06 15:00:00, 1.563
2009/01/06 16:00:00, 1.455
2009/01/06 17:00:00, 1.420
2009/01/06 18:00:00, 1.463
2009/01/06 19:00:00, 1.567
2009/01/06 20:00:00, 1.743
2009/01/07 09:00:00, 1.494
2009/01/07 10:00:00, 1.640
2009/01/07 11:00:00, 1.778
2009/01/07 12:00:00, 1.856
2009/01/07 13:00:00, 1.907
2009/01/07 14:00:00, 1.869
2009/01/07 15:00:00, 1.724
2009/01/07 16:00:00, 1.569
2009/01/08 11:00:00, 1.574
2009/01/08 12:00:00, 1.788
2009/01/08 13:00:00, 1.923
2009/01/08 14:00:00, 1.999
2009/01/08 15:00:00, 1.905
2009/01/08 16:00:00, 1.798
2009/01/09 09:00:00, 1.023
2009/01/09 10:00:00, 1.152
2009/01/09 11:00:00, 1.348
2009/01/09 12:00:00, 1.613
2009/01/09 13:00:00, 1.852
2009/01/09 14:00:00, 2.025
2009/01/09 15:00:00, 2.089
2009/01/09 16:00:00, 2.026
2009/01/09 17:00:00, 1.859
2009/01/09 18:00:00, 1.644
2009/01/09 19:00:00, 1.391
2009/01/10 11:00:00, 1.105
2009/01/10 12:00:00, 1.408
2009/01/10 13:00:00, 1.694
2009/01/10 14:00:00, 1.942
2009/01/10 15:00:00, 2.153
2009/01/10 16:00:00, 2.195
2009/01/10 17:00:00, 2.098
2009/01/10 18:00:00, 1.868
2009/01/10 19:00:00, 1.576
2009/01/10 20:00:00, 1.291
2009/01/10 21:00:00, 1.171
2009/01/10 22:00:00, 1.197
2009/01/10 23:00:00, 1.330
2009/01/11 00:00:00, 1.593
2009/01/11 01:00:00, 1.870
2009/01/11 02:00:00, 2.110
2009/01/11 03:00:00, 2.280
2009/01/11 04:00:00, 2.343
2009/01/11 05:00:00, 2.259
2009/01/11 06:00:00, 1.936
2009/01/11 07:00:00, 1.522
2009/01/11 08:00:00, 1.172
2009/01/11 09:00:00, 0.927
2009/01/11 10:00:00, 0.837
2009/01/11 11:00:00, 0.919
2009/01/11 12:00:00, 1.171
2009/01/11 13:00:00, 1.492
2009/01/11 14:00:00, 1.796
2009/01/11 15:00:00, 2.082
2009/01/11 16:00:00, 2.199
2009/01/11 17:00:00, 2.194
2009/01/11 18:00:00, 2.146
2009/01/11 19:00:00, 1.903
2009/01/11 20:00:00, 1.543
2009/01/11 21:00:00, 1.237
2009/01/11 22:00:00, 1.183
2009/01/11 23:00:00, 1.203
2009/01/12 00:00:00, 1.366
2009/01/12 01:00:00, 1.616
2009/01/12 02:00:00, 1.878
2009/01/12 03:00:00, 2.127
2009/01/12 04:00:00, 2.292
2009/01/12 05:00:00, 2.338
2009/01/12 06:00:00, 2.160
2009/01/12 07:00:00, 1.830
2009/01/12 08:00:00, 1.314
2009/01/12 09:00:00, 1.116
2009/01/12 10:00:00, 0.893
2009/01/12 11:00:00, 0.833
2009/01/12 12:00:00, 0.955
2009/01/12 13:00:00, 1.215
2009/01/12 14:00:00, 1.520
2009/01/12 15:00:00, 1.801
2009/01/12 16:00:00, 2.025
2009/01/12 17:00:00, 2.162
2009/01/12 18:00:00, 2.166
2009/01/12 19:00:00, 2.003
2009/01/12 20:00:00, 1.708
2009/01/12 21:00:00, 1.383
2009/01/12 22:00:00, 1.286
2009/01/12 23:00:00, 1.197
2009/01/13 00:00:00, 1.234
2009/01/13 01:00:00, 1.410
2009/01/13 02:00:00, 1.671
2009/01/13 03:00:00, 1.927
2009/01/13 04:00:00, 2.123
2009/01/13 05:00:00, 2.230
2009/01/13 06:00:00, 2.215
2009/01/13 07:00:00, 2.041
2009/01/13 08:00:00, 1.726
2009/01/13 09:00:00, 1.357
2009/01/13 10:00:00, 1.054
2009/01/13 11:00:00, 0.888
2009/01/13 12:00:00, 0.897
2009/01/13 13:00:00, 1.079
2009/01/13 14:00:00, 1.334
2009/01/13 15:00:00, 1.679
2009/01/13 16:00:00, 1.986
2009/01/13 17:00:00, 2.232
2009/01/13 18:00:00, 2.317
2009/01/13 19:00:00, 2.261
2009/01/13 20:00:00, 2.192
2009/01/13 21:00:00, 1.851
2009/01/13 22:00:00, 1.394
2009/01/13 23:00:00, 1.322
2009/01/14 00:00:00, 1.272
2009/01/14 01:00:00, 1.357
2009/01/14 02:00:00, 1.564
2009/01/14 03:00:00, 1.799
2009/01/14 04:00:00, 2.091
2009/01/14 05:00:00, 2.230
2009/01/14 06:00:00, 2.281
2009/01/14 07:00:00, 2.270
2009/01/14 08:00:00, 2.096
2009/01/14 09:00:00, 1.763
2009/01/14 10:00:00, 1.409
2009/01/14 11:00:00, 1.141
2009/01/14 12:00:00, 1.020
2009/01/14 13:00:00, 1.039
2009/01/14 14:00:00, 1.274
2009/01/14 15:00:00, 1.584
2009/01/14 16:00:00, 1.935
2009/01/14 17:00:00, 2.145
2009/01/14 18:00:00, 2.331
2009/01/14 19:00:00, 2.420
2009/01/14 20:00:00, 2.375
2009/01/14 21:00:00, 2.138
2009/01/14 22:00:00, 1.817
2009/01/14 23:00:00, 1.588
2009/01/15 00:00:00, 1.372
2009/01/15 01:00:00, 1.344
2009/01/15 02:00:00, 1.465
2009/01/15 03:00:00, 1.610
2009/01/15 04:00:00, 1.860
2009/01/15 05:00:00, 2.072
2009/01/15 06:00:00, 2.220
2009/01/15 07:00:00, 2.223
2009/01/15 08:00:00, 2.150
2009/01/15 09:00:00, 1.950
2009/01/15 10:00:00, 1.653
2009/01/15 11:00:00, 1.371
2009/01/15 12:00:00, 1.188
2009/01/15 13:00:00, 1.148
2009/01/15 14:00:00, 1.253
2009/01/15 15:00:00, 1.471
2009/01/15 16:00:00, 1.730
2009/01/15 17:00:00, 1.966
2009/01/15 18:00:00, 2.156
2009/01/15 19:00:00, 2.286
2009/01/15 20:00:00, 2.324
2009/01/15 21:00:00, 2.261
2009/01/15 22:00:00, 2.057
2009/01/15 23:00:00, 1.782
2009/01/16 00:00:00, 1.531
2009/01/16 01:00:00, 1.392
2009/01/16 02:00:00, 1.371
2009/01/16 03:00:00, 1.497
2009/01/16 04:00:00, 1.672
2009/01/16 05:00:00, 1.854
2009/01/16 06:00:00, 1.995
2009/01/16 07:00:00, 2.078
2009/01/16 08:00:00, 2.086
2009/01/16 09:00:00, 1.996
2009/01/16 10:00:00, 1.843
2009/01/16 11:00:00, 1.577
2009/01/16 12:00:00, 1.344
2009/01/16 13:00:00, 1.214
2009/01/16 14:00:00, 1.232
2009/01/16 15:00:00, 1.379
2009/01/16 16:00:00, 1.593
2009/01/16 17:00:00, 1.845
2009/01/16 18:00:00, 2.019
2009/01/16 19:00:00, 2.160
2009/01/16 20:00:00, 2.256
2009/01/16 21:00:00, 2.230
2009/01/16 22:00:00, 2.124
2009/01/16 23:00:00, 1.942
2009/01/17 00:00:00, 1.701
2009/01/17 01:00:00, 1.478
2009/01/17 02:00:00, 1.398
2009/01/17 03:00:00, 1.429
2009/01/17 04:00:00, 1.512
2009/01/17 05:00:00, 1.683
2009/01/17 06:00:00, 1.848
2009/01/17 07:00:00, 1.945
2009/01/17 08:00:00, 1.993
2009/01/17 09:00:00, 1.978
2009/01/17 10:00:00, 1.874
2009/01/17 11:00:00, 1.704
2009/01/17 12:00:00, 1.510
2009/01/17 13:00:00, 1.366
2009/01/17 14:00:00, 1.308
2009/01/17 15:00:00, 1.356
2009/01/17 16:00:00, 1.524
2009/01/17 17:00:00, 1.695
2009/01/17 18:00:00, 1.863
2009/01/17 19:00:00, 2.022
2009/01/17 20:00:00, 2.102
2009/01/17 21:00:00, 2.148
2009/01/17 22:00:00, 2.131
2009/01/17 23:00:00, 2.038
2009/01/18 00:00:00, 1.855
2009/01/18 01:00:00, 1.625
2009/01/18 02:00:00, 1.496
2009/01/18 03:00:00, 1.417
2009/01/18 04:00:00, 1.451
2009/01/18 05:00:00, 1.546
2009/01/18 06:00:00, 1.675
2009/01/18 07:00:00, 1.747
2009/01/18 08:00:00, 1.830
2009/01/18 09:00:00, 1.875
2009/01/18 10:00:00, 1.878
2009/01/18 11:00:00, 1.797
2009/01/18 12:00:00, 1.649
2009/01/18 13:00:00, 1.562
2009/01/18 14:00:00, 1.459
2009/01/18 15:00:00, 1.424
2009/01/18 16:00:00, 1.513
2009/01/18 17:00:00, 1.608
2009/01/18 18:00:00, 1.728
2009/01/18 19:00:00, 1.852
2009/01/18 20:00:00, 1.955
2009/01/18 21:00:00, 2.034
2009/01/18 22:00:00, 2.068
2009/01/18 23:00:00, 2.027
2009/01/19 00:00:00, 1.943
2009/01/19 01:00:00, 1.792
2009/01/19 02:00:00, 1.596
2009/01/19 03:00:00, 1.433
2009/01/19 04:00:00, 1.406
2009/01/19 05:00:00, 1.408
2009/01/19 06:00:00, 1.465
2009/01/19 07:00:00, 1.564
2009/01/19 08:00:00, 1.661
2009/01/19 09:00:00, 1.740
2009/01/19 10:00:00, 1.753
2009/01/19 11:00:00, 1.788
2009/01/19 12:00:00, 1.721
2009/01/19 13:00:00, 1.656
2009/01/19 14:00:00, 1.554
2009/01/19 15:00:00, 1.538
2009/01/19 16:00:00, 1.513
2009/01/19 17:00:00, 1.564
2009/01/19 18:00:00, 1.647
2009/01/19 19:00:00, 1.747
2009/01/19 20:00:00, 1.801
2009/01/19 21:00:00, 1.908
2009/01/19 22:00:00, 1.998
2009/01/19 23:00:00, 1.992
2009/01/20 00:00:00, 1.940
2009/01/20 01:00:00, 1.866
2009/01/20 02:00:00, 1.701
2009/01/20 03:00:00, 1.573
2009/01/20 04:00:00, 1.467
2009/01/20 05:00:00, 1.399
2009/01/20 06:00:00, 1.387
2009/01/20 07:00:00, 1.430
2009/01/20 08:00:00, 1.591
2009/01/20 09:00:00, 1.644
2009/01/20 10:00:00, 1.690
2009/01/20 11:00:00, 1.718
2009/01/20 12:00:00, 1.788
2009/01/20 13:00:00, 1.825
2009/01/20 14:00:00, 1.716
2009/01/20 15:00:00, 1.628
2009/01/20 16:00:00, 1.538
2009/01/20 17:00:00, 1.569
2009/01/20 18:00:00, 1.592
2009/01/20 19:00:00, 1.618
2009/01/20 20:00:00, 1.733
2009/01/20 21:00:00, 1.799
2009/01/20 22:00:00, 1.840
2009/01/20 23:00:00, 1.931
2009/01/21 00:00:00, 1.984
2009/01/21 01:00:00, 1.942
2009/01/21 02:00:00, 1.842
2009/01/21 03:00:00, 1.728
2009/01/21 04:00:00, 1.529
2009/01/21 05:00:00, 1.407
2009/01/21 06:00:00, 1.385
2009/01/21 07:00:00, 1.292
2009/01/21 08:00:00, 1.341
2009/01/21 09:00:00, 1.519
2009/01/21 10:00:00, 1.560
2009/01/21 11:00:00, 1.675
2009/01/21 12:00:00, 1.753
2009/01/21 13:00:00, 1.796
2009/01/21 14:00:00, 1.797
2009/01/21 15:00:00, 1.748
2009/01/21 16:00:00, 1.657
2009/01/21 17:00:00, 1.588
2009/01/21 18:00:00, 1.558
2009/01/21 19:00:00, 1.515
2009/01/21 20:00:00, 1.531
2009/01/21 21:00:00, 1.699
2009/01/21 22:00:00, 1.737
2009/01/21 23:00:00, 1.854
2009/01/22 00:00:00, 1.967
2009/01/22 01:00:00, 1.996
2009/01/22 02:00:00, 1.984
2009/01/22 03:00:00, 1.780
2009/01/22 04:00:00, 1.698
2009/01/22 05:00:00, 1.478
2009/01/22 06:00:00, 1.288
2009/01/22 07:00:00, 1.280
2009/01/22 08:00:00, 1.211
2009/01/22 09:00:00, 1.301
2009/01/22 10:00:00, 1.437
2009/01/22 11:00:00, 1.606
2009/01/22 12:00:00, 1.692
2009/01/22 13:00:00, 1.819
2009/01/22 14:00:00, 1.904
2009/01/22 15:00:00, 1.923
2009/01/22 16:00:00, 1.845
2009/01/22 17:00:00, 1.712
2009/01/22 18:00:00, 1.581
2009/01/22 19:00:00, 1.482
2009/01/22 20:00:00, 1.506
2009/01/22 21:00:00, 1.587
2009/01/22 22:00:00, 1.679
2009/01/22 23:00:00, 1.820
2009/01/23 00:00:00, 1.950
2009/01/23 01:00:00, 1.994
2009/01/23 02:00:00, 1.998
2009/01/23 03:00:00, 1.951
2009/01/23 04:00:00, 1.871
2009/01/23 05:00:00, 1.663
2009/01/23 06:00:00, 1.398
2009/01/23 07:00:00, 1.282
2009/01/23 08:00:00, 1.130
2009/01/23 09:00:00, 1.160
2009/01/23 10:00:00, 1.279
2009/01/23 11:00:00, 1.458
2009/01/23 12:00:00, 1.666
2009/01/23 13:00:00, 1.761
2009/01/23 14:00:00, 1.934
2009/01/23 15:00:00, 1.952
2009/01/23 16:00:00, 1.941
2009/01/23 17:00:00, 1.785
2009/01/23 18:00:00, 1.662
2009/01/23 19:00:00, 1.520
2009/01/23 20:00:00, 1.451
2009/01/23 21:00:00, 1.464
2009/01/23 22:00:00, 1.551
2009/01/23 23:00:00, 1.690
2009/01/24 00:00:00, 1.847
2009/01/24 01:00:00, 1.976
2009/01/24 02:00:00, 2.028
2009/01/24 03:00:00, 2.028
2009/01/24 04:00:00, 1.970
2009/01/24 05:00:00, 1.784
2009/01/24 06:00:00, 1.507
2009/01/24 07:00:00, 1.296
2009/01/24 08:00:00, 1.121
2009/01/24 09:00:00, 1.084
2009/01/24 10:00:00, 1.129
2009/01/24 11:00:00, 1.204
2009/01/24 12:00:00, 1.503
2009/01/24 13:00:00, 1.770
2009/01/24 14:00:00, 1.869
2009/01/24 15:00:00, 1.957
2009/01/24 16:00:00, 1.949
2009/01/24 17:00:00, 1.862
2009/01/24 18:00:00, 1.734
2009/01/25 09:00:00, 1.001
2009/01/25 10:00:00, 1.015
2009/01/25 11:00:00, 1.159
2009/01/25 12:00:00, 1.382
2009/01/25 13:00:00, 1.657
2009/01/25 14:00:00, 1.866
2009/01/25 15:00:00, 2.004
2009/01/25 16:00:00, 2.050
2009/01/26 09:00:00, 1.117
2009/01/26 10:00:00, 0.978
2009/01/26 11:00:00, 1.061
2009/01/26 12:00:00, 1.255
2009/01/26 13:00:00, 1.542
2009/01/26 14:00:00, 1.740
2009/01/26 15:00:00, 1.963
2009/01/26 16:00:00, 2.074
2009/01/26 17:00:00, 2.152
2009/01/26 18:00:00, 2.019
2009/01/26 19:00:00, 1.875
2009/01/26 20:00:00, 1.632
2009/01/27 09:00:00, 1.233
2009/01/27 10:00:00, 1.065
2009/01/27 11:00:00, 1.057
2009/01/27 12:00:00, 1.171
2009/01/27 13:00:00, 1.448
2009/01/27 14:00:00, 1.733
2009/01/27 15:00:00, 1.991
2009/01/27 16:00:00, 2.170
2009/01/27 17:00:00, 2.226
2009/01/27 18:00:00, 2.173
2009/01/27 19:00:00, 2.024
2009/01/27 20:00:00, 1.794
2009/01/27 21:00:00, 1.554
2009/01/27 22:00:00, 1.406
2009/01/27 23:00:00, 1.356
2009/01/28 00:00:00, 1.442
2009/01/28 01:00:00, 1.633
2009/01/28 02:00:00, 1.875
2009/01/28 03:00:00, 2.072
2009/01/28 04:00:00, 2.238
2009/01/28 05:00:00, 2.283
2009/01/28 06:00:00, 2.214
2009/01/28 07:00:00, 2.049
2009/01/28 08:00:00, 1.742
2009/01/28 09:00:00, 1.458
2009/01/28 10:00:00, 1.173
2009/01/28 11:00:00, 1.087
2009/01/28 12:00:00, 1.154
2009/01/28 13:00:00, 1.359
2009/01/28 14:00:00, 1.637
2009/01/28 15:00:00, 1.935
2009/01/28 16:00:00, 2.140
2009/01/28 17:00:00, 2.246
2009/01/28 18:00:00, 2.279
2009/01/28 19:00:00, 2.191
2009/01/28 20:00:00, 2.015
2009/01/28 21:00:00, 1.727
2009/01/28 22:00:00, 1.498
2009/01/28 23:00:00, 1.338
2009/01/29 00:00:00, 1.347
2009/01/29 01:00:00, 1.485
2009/01/29 02:00:00, 1.708
2009/01/29 03:00:00, 1.987
2009/01/29 04:00:00, 2.162
2009/01/29 05:00:00, 2.271
2009/01/29 06:00:00, 2.262
2009/01/29 07:00:00, 2.157
2009/01/29 08:00:00, 1.919
2009/01/29 09:00:00, 1.616
2009/01/29 10:00:00, 1.277
2009/01/29 11:00:00, 1.105
2009/01/29 12:00:00, 1.044
2009/01/29 13:00:00, 1.226
2009/01/29 14:00:00, 1.488
2009/01/29 15:00:00, 1.791
2009/01/29 16:00:00, 2.053
2009/01/29 17:00:00, 2.242
2009/01/29 18:00:00, 2.316
2009/01/29 19:00:00, 2.287
2009/01/29 20:00:00, 2.139
2009/01/29 21:00:00, 1.878
2009/01/29 22:00:00, 1.605
2009/01/29 23:00:00, 1.382
2009/01/30 00:00:00, 1.313
2009/01/30 01:00:00, 1.380
2009/01/30 02:00:00, 1.558
2009/01/30 03:00:00, 1.792
2009/01/30 04:00:00, 2.006
2009/01/30 05:00:00, 2.151
2009/01/30 06:00:00, 2.210
2009/01/30 07:00:00, 2.172
2009/01/30 08:00:00, 2.020
2009/01/30 09:00:00, 1.771
2009/01/30 10:00:00, 1.460
2009/01/30 11:00:00, 1.205
2009/01/30 12:00:00, 1.055
2009/01/30 13:00:00, 1.132
2009/01/30 14:00:00, 1.305
2009/01/30 15:00:00, 1.698
2009/01/30 16:00:00, 1.957
2009/01/30 17:00:00, 2.145
2009/01/30 18:00:00, 2.182
2009/01/30 19:00:00, 2.345
2009/01/30 20:00:00, 2.270
2009/01/30 21:00:00, 2.037
2009/01/30 22:00:00, 1.760
2009/01/30 23:00:00, 1.539
2009/01/31 00:00:00, 1.361
2009/01/31 01:00:00, 1.291
2009/01/31 02:00:00, 1.397
2009/01/31 03:00:00, 1.630
2009/01/31 04:00:00, 1.875
2009/01/31 05:00:00, 2.071
2009/01/31 06:00:00, 2.140
2009/01/31 07:00:00, 2.235
2009/01/31 08:00:00, 2.106
2009/01/31 09:00:00, 1.849
2009/01/31 10:00:00, 1.631
2009/01/31 11:00:00, 1.359
2009/01/31 12:00:00, 1.195
2009/01/31 13:00:00, 1.228
2009/01/31 14:00:00, 1.335
2009/01/31 15:00:00, 1.528
2009/01/31 16:00:00, 1.768
2009/01/31 17:00:00, 2.029
2009/01/31 18:00:00, 2.220
2009/01/31 19:00:00, 2.275
2009/01/31 20:00:00, 2.248
2009/01/31 21:00:00, 2.118
2009/01/31 22:00:00, 1.892
2009/01/31 23:00:00, 1.634
2009/02/01 00:00:00, 1.445
2009/02/01 01:00:00, 1.351
2009/02/01 02:00:00, 1.387
2009/02/01 03:00:00, 1.524
2009/02/01 04:00:00, 1.683
2009/02/01 05:00:00, 1.850
2009/02/01 06:00:00, 1.969
2009/02/01 07:00:00, 2.112
2009/02/01 08:00:00, 2.094
2009/02/01 09:00:00, 1.998
2009/02/01 10:00:00, 1.816
2009/02/01 11:00:00, 1.585
2009/02/01 12:00:00, 1.350
2009/02/01 13:00:00, 1.212
2009/02/01 14:00:00, 1.196
2009/02/01 15:00:00, 1.290
2009/02/01 16:00:00, 1.618
2009/02/01 17:00:00, 1.970
2009/02/01 18:00:00, 2.226
2009/02/01 19:00:00, 2.280
2009/02/01 20:00:00, 2.271
2009/02/01 21:00:00, 2.184
2009/02/01 22:00:00, 2.167
2009/02/01 23:00:00, 1.810
2009/02/02 00:00:00, 1.668
2009/02/02 01:00:00, 1.357
2009/02/02 02:00:00, 1.414
2009/02/02 03:00:00, 1.406
2009/02/02 04:00:00, 1.478
2009/02/02 05:00:00, 1.609
2009/02/02 06:00:00, 1.630
2009/02/02 07:00:00, 1.884
2009/02/02 08:00:00, 2.080
2009/02/02 09:00:00, 2.074
2009/02/02 10:00:00, 1.891
2009/02/02 11:00:00, 1.800
2009/02/02 12:00:00, 1.538
2009/02/02 13:00:00, 1.372
2009/02/02 14:00:00, 1.415
2009/02/02 15:00:00, 1.448
2009/02/02 16:00:00, 1.567
2009/02/02 17:00:00, 1.745
2009/02/02 18:00:00, 1.930
2009/02/02 19:00:00, 2.080
2009/02/02 20:00:00, 2.186
2009/02/02 21:00:00, 2.235
2009/02/02 22:00:00, 2.214
2009/02/02 23:00:00, 2.065
2009/02/03 00:00:00, 1.843
2009/02/03 01:00:00, 1.636
2009/02/03 02:00:00, 1.455
2009/02/03 03:00:00, 1.438
2009/02/03 04:00:00, 1.404
2009/02/03 05:00:00, 1.533
2009/02/03 06:00:00, 1.590
2009/02/03 07:00:00, 1.791
2009/02/03 08:00:00, 1.894
2009/02/03 09:00:00, 1.962
2009/02/03 10:00:00, 1.955
2009/02/03 11:00:00, 1.888
2009/02/03 12:00:00, 1.811
2009/02/03 13:00:00, 1.661
2009/02/03 14:00:00, 1.536
2009/02/03 15:00:00, 1.389
2009/02/03 16:00:00, 1.503
2009/02/03 17:00:00, 1.618
2009/02/03 18:00:00, 1.788
2009/02/03 19:00:00, 1.936
2009/02/03 20:00:00, 2.051
2009/02/03 21:00:00, 2.154
2009/02/03 22:00:00, 2.210
2009/02/03 23:00:00, 2.156
2009/02/04 00:00:00, 2.020
2009/02/04 01:00:00, 1.834
2009/02/04 02:00:00, 1.656
2009/02/04 03:00:00, 1.494
2009/02/04 04:00:00, 1.400
2009/02/04 05:00:00, 1.406
2009/02/04 06:00:00, 1.475
2009/02/04 07:00:00, 1.578
2009/02/04 08:00:00, 1.697
2009/02/04 09:00:00, 1.881
2009/02/04 10:00:00, 1.939
2009/02/04 11:00:00, 1.935
2009/02/04 12:00:00, 1.921
2009/02/04 13:00:00, 1.870
2009/02/04 14:00:00, 1.756
2009/02/04 15:00:00, 1.646
2009/02/04 16:00:00, 1.552
2009/02/04 17:00:00, 1.533
2009/02/04 18:00:00, 1.577
2009/02/04 19:00:00, 1.735
2009/02/04 20:00:00, 1.914
2009/02/04 21:00:00, 2.019
2009/02/04 22:00:00, 2.174
2009/02/04 23:00:00, 2.237
2009/02/05 00:00:00, 2.209
2009/02/05 01:00:00, 2.141
2009/02/05 02:00:00, 1.929
2009/02/05 03:00:00, 1.730
2009/02/05 04:00:00, 1.551
2009/02/05 05:00:00, 1.431
2009/02/05 06:00:00, 1.384
2009/02/05 07:00:00, 1.394
2009/02/05 08:00:00, 1.506
2009/02/05 09:00:00, 1.647
2009/02/05 10:00:00, 1.800
2009/02/05 11:00:00, 1.938
2009/02/05 12:00:00, 2.046
2009/02/05 13:00:00, 2.046
2009/02/05 14:00:00, 1.993
2009/02/05 15:00:00, 1.839
2009/02/05 16:00:00, 1.701
2009/02/05 17:00:00, 1.625
2009/02/05 18:00:00, 1.548
2009/02/05 19:00:00, 1.615
2009/02/05 20:00:00, 1.678
2009/02/05 21:00:00, 1.852
2009/02/05 22:00:00, 1.988
2009/02/05 23:00:00, 2.156
2009/02/06 00:00:00, 2.259
2009/02/06 01:00:00, 2.243
2009/02/06 02:00:00, 2.173
2009/02/06 03:00:00, 1.993
2009/02/06 04:00:00, 1.778
2009/02/06 05:00:00, 1.526
2009/02/06 06:00:00, 1.364
2009/02/06 07:00:00, 1.287
2009/02/06 08:00:00, 1.308
2009/02/06 09:00:00, 1.420
2009/02/06 10:00:00, 1.553
2009/02/06 11:00:00, 1.759
2009/02/06 12:00:00, 1.953
2009/02/06 13:00:00, 2.078
2009/02/06 14:00:00, 2.128
2009/02/06 15:00:00, 2.078
2009/02/06 16:00:00, 1.936
2009/02/06 17:00:00, 1.775
2009/02/06 18:00:00, 1.584
2009/02/06 19:00:00, 1.481
2009/02/06 20:00:00, 1.524
2009/02/06 21:00:00, 1.620
2009/02/06 22:00:00, 1.763
2009/02/06 23:00:00, 1.964
2009/02/07 00:00:00, 2.153
2009/02/07 01:00:00, 2.298
2009/02/07 02:00:00, 2.307
2009/02/07 03:00:00, 2.232
2009/02/07 04:00:00, 2.021
2009/02/07 05:00:00, 1.748
2009/02/07 06:00:00, 1.473
2009/02/07 07:00:00, 1.265
2009/02/07 08:00:00, 1.154
2009/02/07 09:00:00, 1.188
2009/02/07 10:00:00, 1.341
2009/02/07 11:00:00, 1.580
2009/02/07 12:00:00, 1.833
2009/02/07 13:00:00, 2.067
2009/02/07 14:00:00, 2.213
2009/02/07 15:00:00, 2.262
2009/02/07 16:00:00, 2.147
2009/02/07 17:00:00, 1.972
2009/02/07 18:00:00, 1.772
2009/02/07 19:00:00, 1.522
2009/02/07 20:00:00, 1.398
2009/02/07 21:00:00, 1.378
2009/02/07 22:00:00, 1.523
2009/02/07 23:00:00, 1.719
2009/02/08 00:00:00, 1.979
2009/02/08 01:00:00, 2.206
2009/02/08 02:00:00, 2.323
2009/02/08 03:00:00, 2.361
2009/02/08 04:00:00, 2.255
2009/02/08 05:00:00, 2.007
2009/02/08 06:00:00, 1.652
2009/02/08 07:00:00, 1.308
2009/02/08 08:00:00, 1.135
2009/02/08 09:00:00, 1.059
2009/02/08 10:00:00, 1.077
2009/02/08 11:00:00, 1.256
2009/02/08 12:00:00, 1.542
2009/02/08 13:00:00, 1.829
2009/02/08 14:00:00, 2.080
2009/02/08 15:00:00, 2.260
2009/02/08 16:00:00, 2.323
2009/02/08 17:00:00, 2.251
2009/02/08 18:00:00, 1.952
2009/02/08 19:00:00, 1.695
2009/02/08 20:00:00, 1.486
2009/02/08 21:00:00, 1.387
2009/02/08 22:00:00, 1.318
2009/02/08 23:00:00, 1.475
2009/02/09 00:00:00, 1.723
2009/02/09 01:00:00, 1.980
2009/02/09 02:00:00, 2.193
2009/02/09 03:00:00, 2.331
2009/02/09 04:00:00, 2.356
2009/02/09 05:00:00, 2.226
2009/02/09 06:00:00, 1.943
2009/02/09 07:00:00, 1.587
2009/02/09 08:00:00, 1.261
2009/02/09 09:00:00, 1.046
2009/02/09 10:00:00, 0.989
2009/02/09 11:00:00, 1.074
2009/02/09 12:00:00, 1.342
2009/02/09 13:00:00, 1.693
2009/02/09 14:00:00, 2.051
2009/02/09 15:00:00, 2.233
2009/02/09 16:00:00, 2.392
2009/02/10 11:00:00, 0.997
2009/02/10 12:00:00, 1.197
2009/02/10 13:00:00, 1.511
2009/02/10 14:00:00, 1.870
2009/02/10 15:00:00, 2.177
2009/02/10 16:00:00, 2.420
2009/02/10 17:00:00, 2.519
2009/02/10 18:00:00, 2.465
2009/02/10 19:00:00, 2.236
2009/02/10 20:00:00, 1.889
2009/02/10 21:00:00, 1.541
2009/02/10 22:00:00, 1.299
2009/02/10 23:00:00, 1.207
2009/02/11 00:00:00, 1.312
2009/02/11 01:00:00, 1.552
2009/02/11 02:00:00, 1.866
2009/02/11 03:00:00, 2.162
2009/02/11 04:00:00, 2.341
2009/02/11 05:00:00, 2.382
2009/02/11 06:00:00, 2.388
2009/02/11 07:00:00, 2.123
2009/02/11 08:00:00, 1.724
2009/02/11 09:00:00, 1.359
2009/02/11 10:00:00, 1.088
2009/02/11 11:00:00, 0.956
2009/02/11 12:00:00, 1.060
2009/02/11 13:00:00, 1.324
2009/02/11 14:00:00, 1.667
2009/02/11 15:00:00, 1.997
2009/02/11 16:00:00, 2.272
2009/02/11 17:00:00, 2.445
2009/02/11 18:00:00, 2.506
2009/02/11 19:00:00, 2.404
2009/02/11 20:00:00, 2.131
2009/02/11 21:00:00, 1.773
2009/02/11 22:00:00, 1.451
2009/02/11 23:00:00, 1.253
2009/02/12 00:00:00, 1.237
2009/02/12 01:00:00, 1.354
2009/02/12 02:00:00, 1.620
2009/02/12 03:00:00, 1.910
2009/02/12 04:00:00, 2.166
2009/02/12 05:00:00, 2.320
2009/02/12 06:00:00, 2.373
2009/02/12 07:00:00, 2.278
2009/02/12 08:00:00, 2.019
2009/02/12 09:00:00, 1.628
2009/02/12 10:00:00, 1.295
2009/02/12 11:00:00, 1.084
2009/02/12 12:00:00, 1.034
2009/02/12 13:00:00, 1.203
2009/02/12 14:00:00, 1.489
2009/02/12 15:00:00, 1.811
2009/02/12 16:00:00, 2.098
2009/02/12 17:00:00, 2.296
2009/02/12 18:00:00, 2.414
2009/02/12 19:00:00, 2.414
2009/02/12 20:00:00, 2.240
2009/02/12 21:00:00, 1.935
2009/02/12 22:00:00, 1.588
2009/02/12 23:00:00, 1.309
2009/02/13 00:00:00, 1.196
2009/02/13 01:00:00, 1.235
2009/02/13 02:00:00, 1.406
2009/02/13 03:00:00, 1.685
2009/02/13 04:00:00, 1.957
2009/02/13 05:00:00, 2.130
2009/02/13 06:00:00, 2.224
2009/02/13 07:00:00, 2.221
2009/02/13 08:00:00, 2.090
2009/02/13 09:00:00, 1.862
2009/02/13 10:00:00, 1.515
2009/02/13 11:00:00, 1.239
2009/02/13 12:00:00, 1.098
2009/02/13 13:00:00, 1.169
2009/02/13 14:00:00, 1.376
2009/02/13 15:00:00, 1.570
2009/02/13 16:00:00, 1.889
2009/02/13 17:00:00, 2.160
2009/02/13 18:00:00, 2.250
2009/02/13 19:00:00, 2.320
2009/02/13 20:00:00, 2.271
2009/02/13 21:00:00, 2.112
2009/02/13 22:00:00, 1.763
2009/02/13 23:00:00, 1.552
2009/02/14 00:00:00, 1.359
2009/02/14 01:00:00, 1.299
2009/02/14 02:00:00, 1.368
2009/02/14 03:00:00, 1.539
2009/02/14 04:00:00, 1.745
2009/02/14 05:00:00, 1.925
2009/02/14 06:00:00, 2.045
2009/02/14 07:00:00, 2.094
2009/02/14 08:00:00, 2.052
2009/02/14 09:00:00, 1.901
2009/02/14 10:00:00, 1.683
2009/02/14 11:00:00, 1.430
2009/02/14 12:00:00, 1.256
2009/02/14 13:00:00, 1.237
2009/02/14 14:00:00, 1.315
2009/02/14 15:00:00, 1.492
2009/02/15 10:00:00, 1.832
2009/02/15 11:00:00, 1.648
2009/02/15 12:00:00, 1.483
2009/02/15 13:00:00, 1.391
2009/02/15 14:00:00, 1.407
2009/02/15 15:00:00, 1.529
2009/02/15 16:00:00, 1.711
2009/02/15 17:00:00, 1.923
2009/02/15 18:00:00, 2.095
2009/02/15 19:00:00, 2.177
2009/02/15 20:00:00, 2.192
2009/02/15 21:00:00, 2.181
2009/02/15 22:00:00, 2.074
2009/02/15 23:00:00, 1.903
2009/02/16 00:00:00, 1.702
2009/02/16 01:00:00, 1.540
2009/02/16 02:00:00, 1.464
2009/02/16 03:00:00, 1.478
2009/02/16 04:00:00, 1.559
2009/02/16 05:00:00, 1.685
2009/02/16 06:00:00, 1.810
2009/02/16 07:00:00, 1.906
2009/02/16 08:00:00, 1.960
2009/02/16 09:00:00, 1.962
2009/02/16 10:00:00, 1.925
2009/02/16 11:00:00, 1.840
2009/02/16 12:00:00, 1.735
2009/02/16 13:00:00, 1.578
2009/02/16 14:00:00, 1.482
2009/02/16 15:00:00, 1.580
2009/02/16 16:00:00, 1.602
2009/02/16 17:00:00, 1.781
2009/02/16 18:00:00, 1.952
2009/02/16 19:00:00, 1.979
2009/02/16 20:00:00, 2.085
2009/02/16 21:00:00, 2.105
2009/02/16 22:00:00, 2.099
2009/02/16 23:00:00, 1.996
2009/02/17 00:00:00, 1.855
2009/02/17 01:00:00, 1.668
2009/02/17 02:00:00, 1.517
2009/02/17 03:00:00, 1.537
2009/02/17 04:00:00, 1.497
2009/02/17 05:00:00, 1.567
2009/02/17 06:00:00, 1.670
2009/02/17 07:00:00, 1.772
2009/02/17 08:00:00, 1.847
2009/02/17 09:00:00, 1.889
2009/02/17 10:00:00, 1.892
2009/02/17 11:00:00, 1.910
2009/02/17 12:00:00, 1.791
2009/02/17 13:00:00, 1.699
2009/02/17 14:00:00, 1.593
2009/02/17 15:00:00, 1.637
2009/02/17 16:00:00, 1.655
2009/02/17 17:00:00, 1.715
2009/02/17 18:00:00, 1.795
2009/02/17 19:00:00, 1.906
2009/02/17 20:00:00, 2.000
2009/02/17 21:00:00, 2.026
2009/02/17 22:00:00, 2.076
2009/02/17 23:00:00, 2.010
2009/02/18 00:00:00, 1.913
2009/02/18 01:00:00, 1.859
2009/02/18 02:00:00, 1.688
2009/02/18 03:00:00, 1.551
2009/02/18 04:00:00, 1.516
2009/02/18 05:00:00, 1.473
2009/02/18 06:00:00, 1.544
2009/02/18 07:00:00, 1.608
2009/02/18 08:00:00, 1.697
2009/02/18 09:00:00, 1.777
2009/02/18 10:00:00, 1.839
2009/02/18 11:00:00, 1.814
2009/02/18 12:00:00, 1.862
2009/02/18 13:00:00, 1.847
2009/02/18 14:00:00, 1.811
2009/02/18 15:00:00, 1.736
2009/02/18 16:00:00, 1.682
2009/02/18 17:00:00, 1.675
2009/02/18 18:00:00, 1.727
2009/02/18 19:00:00, 1.796
2009/02/18 20:00:00, 1.874
2009/02/18 21:00:00, 1.935
2009/02/18 22:00:00, 2.023
2009/02/18 23:00:00, 2.044
2009/02/19 00:00:00, 2.021
2009/02/19 01:00:00, 2.021
2009/02/19 02:00:00, 1.916
2009/02/19 03:00:00, 1.734
2009/02/19 04:00:00, 1.580
2009/02/19 05:00:00, 1.504
2009/02/19 06:00:00, 1.471
2009/02/19 07:00:00, 1.497
2009/02/19 08:00:00, 1.567
2009/02/19 09:00:00, 1.638
2009/02/19 10:00:00, 1.765
2009/02/19 11:00:00, 1.878
2009/02/19 12:00:00, 1.950
2009/02/19 13:00:00, 1.961
2009/02/19 14:00:00, 1.939
2009/02/19 15:00:00, 1.878
2009/02/19 16:00:00, 1.843
2009/02/19 17:00:00, 1.731
2009/02/19 18:00:00, 1.704
2009/02/19 19:00:00, 1.699
2009/02/19 20:00:00, 1.731
2009/02/19 21:00:00, 1.826
2009/02/19 22:00:00, 1.909
2009/02/19 23:00:00, 1.964
2009/02/20 00:00:00, 2.018
2009/02/20 01:00:00, 2.034
2009/02/20 02:00:00, 1.948
2009/02/20 03:00:00, 1.838
2009/02/20 04:00:00, 1.754
2009/02/20 05:00:00, 1.529
2009/02/20 06:00:00, 1.369
2009/02/20 07:00:00, 1.384
2009/02/20 08:00:00, 1.424
2009/02/20 09:00:00, 1.465
2009/02/20 10:00:00, 1.641
2009/02/20 11:00:00, 1.708
2009/02/20 12:00:00, 1.871
2009/02/20 13:00:00, 1.945
2009/02/20 14:00:00, 2.031
2009/02/20 15:00:00, 1.939
2009/02/20 16:00:00, 1.868
2009/02/20 17:00:00, 1.745
2009/02/20 18:00:00, 1.590
2009/02/20 19:00:00, 1.609
2009/02/20 20:00:00, 1.592
2009/02/20 21:00:00, 1.676
2009/02/20 22:00:00, 1.780
2009/02/20 23:00:00, 1.898
2009/02/21 00:00:00, 1.995
2009/02/21 01:00:00, 2.044
2009/02/21 02:00:00, 2.039
2009/02/21 03:00:00, 1.970
2009/02/21 04:00:00, 1.836
2009/02/21 05:00:00, 1.663
2009/02/21 06:00:00, 1.496
2009/02/21 07:00:00, 1.373
2009/02/21 08:00:00, 1.318
2009/02/21 09:00:00, 1.382
2009/02/21 10:00:00, 1.529
2009/02/21 11:00:00, 1.711
2009/02/21 12:00:00, 1.801
2009/02/21 13:00:00, 1.975
2009/02/21 14:00:00, 2.089
2009/02/21 15:00:00, 2.072
2009/02/21 16:00:00, 2.054
2009/02/21 17:00:00, 1.911
2009/02/22 10:00:00, 1.414
2009/02/22 11:00:00, 1.551
2009/02/22 12:00:00, 1.795
2009/02/22 13:00:00, 1.967
2009/02/22 14:00:00, 2.101
2009/02/22 15:00:00, 2.162
2009/02/22 16:00:00, 2.135
2009/02/23 08:00:00, 1.298
2009/02/23 09:00:00, 1.227
2009/02/23 10:00:00, 1.289
2009/02/23 11:00:00, 1.432
2009/02/23 12:00:00, 1.663
2009/02/23 13:00:00, 1.923
2009/02/23 14:00:00, 2.147
2009/02/23 15:00:00, 2.245
2009/02/23 16:00:00, 2.250
2009/02/23 17:00:00, 2.185
2009/02/24 09:00:00, 1.209
2009/02/24 10:00:00, 1.189
2009/02/24 11:00:00, 1.269
2009/02/24 12:00:00, 1.503
2009/02/24 13:00:00, 1.781
2009/02/24 14:00:00, 2.027
2009/02/24 15:00:00, 2.208
2009/02/24 16:00:00, 2.301
2009/02/24 17:00:00, 2.262
2009/02/25 09:00:00, 1.189
2009/02/25 10:00:00, 1.090
2009/02/25 11:00:00, 1.161
2009/02/25 12:00:00, 1.337
2009/02/25 13:00:00, 1.632
2009/02/25 14:00:00, 1.933
2009/02/25 15:00:00, 2.177
2009/02/25 16:00:00, 2.341
2009/02/26 09:00:00, 1.266
2009/02/26 10:00:00, 1.124
2009/02/26 11:00:00, 1.111
2009/02/26 12:00:00, 1.199
2009/02/26 13:00:00, 1.462
2009/02/26 14:00:00, 1.827
2009/02/27 09:00:00, 1.417
2009/02/27 10:00:00, 1.184
2009/02/27 11:00:00, 1.097
2009/02/27 12:00:00, 1.131
2009/02/27 13:00:00, 1.315
2009/02/27 14:00:00, 1.638
2009/02/27 15:00:00, 1.965
2009/02/28 09:00:00, 1.693
2009/02/28 10:00:00, 1.397
2009/02/28 11:00:00, 1.207
2009/02/28 12:00:00, 1.153
2009/02/28 13:00:00, 1.257
2009/02/28 14:00:00, 1.525
2009/02/28 15:00:00, 1.839
2009/02/28 16:00:00, 2.093
2009/02/28 17:00:00, 2.263
2009/02/28 18:00:00, 2.348
2009/02/28 19:00:00, 2.332
2009/02/28 20:00:00, 2.187
2009/02/28 21:00:00, 1.927
2009/02/28 22:00:00, 1.615
2009/02/28 23:00:00, 1.358
2009/03/01 00:00:00, 1.237
2009/03/01 01:00:00, 1.273
2009/03/01 02:00:00, 1.435
2009/03/01 03:00:00, 1.673
2009/03/01 04:00:00, 1.910
2009/03/01 05:00:00, 2.083
2009/03/01 06:00:00, 2.173
2009/03/01 07:00:00, 2.176
2009/03/01 08:00:00, 2.072
2009/03/01 09:00:00, 1.857
2009/03/01 10:00:00, 1.612
2009/03/01 11:00:00, 1.362
2009/03/01 12:00:00, 1.208
2009/03/01 13:00:00, 1.203
2009/03/01 14:00:00, 1.406
2009/03/01 15:00:00, 1.694
2009/03/01 16:00:00, 1.958
2009/03/02 13:00:00, 1.299
2009/03/03 09:00:00, 2.043
2009/03/03 10:00:00, 1.939
2009/03/03 11:00:00, 1.772
2009/03/03 12:00:00, 1.594
2009/03/03 13:00:00, 1.471
2009/03/03 14:00:00, 1.445
2009/03/03 15:00:00, 1.516
2009/03/03 16:00:00, 1.669
2009/03/04 10:00:00, 2.065
2009/03/04 11:00:00, 1.961
2009/03/04 12:00:00, 1.839
2009/03/04 13:00:00, 1.692
2009/03/04 14:00:00, 1.512
2009/03/04 15:00:00, 1.558
2009/03/04 16:00:00, 1.601
2009/03/04 17:00:00, 1.702
2009/03/05 09:00:00, 1.840
2009/03/05 10:00:00, 1.987
2009/03/05 11:00:00, 1.990
2009/03/05 12:00:00, 2.010
2009/03/05 13:00:00, 1.868
2009/03/05 14:00:00, 1.760
2009/03/05 15:00:00, 1.662
2009/03/05 16:00:00, 1.602
2009/03/05 17:00:00, 1.601
2009/03/06 08:00:00, 1.530
2009/03/06 09:00:00, 1.692
2009/03/06 10:00:00, 1.820
2009/03/06 11:00:00, 1.983
2009/03/06 12:00:00, 2.058
2009/03/06 13:00:00, 2.055
2009/03/06 14:00:00, 1.971
2009/03/06 15:00:00, 1.848
2009/03/06 16:00:00, 1.711
2009/03/06 17:00:00, 1.607
2009/03/07 13:00:00, 2.127
2009/03/07 14:00:00, 2.155
2009/03/07 15:00:00, 2.074
2009/03/07 16:00:00, 1.905
2009/03/07 17:00:00, 1.705
2009/03/08 11:00:00, 1.680
2009/03/08 12:00:00, 1.953
2009/03/08 13:00:00, 2.200
2009/03/09 09:00:00, 1.180
2009/03/09 10:00:00, 1.279
2009/03/09 11:00:00, 1.544
2009/03/09 12:00:00, 1.849
2009/03/09 13:00:00, 2.074
2009/03/09 14:00:00, 2.307
2009/03/10 10:00:00, 1.143
2009/03/10 11:00:00, 1.334
2009/03/10 12:00:00, 1.637
2009/03/10 13:00:00, 1.954
2009/03/10 14:00:00, 2.238
2009/03/10 15:00:00, 2.455
2009/03/12 09:00:00, 1.334
2009/03/12 10:00:00, 1.098
2009/03/12 11:00:00, 1.036
2009/03/12 12:00:00, 1.147
2009/03/12 13:00:00, 1.615
2009/03/12 14:00:00, 1.803
2009/03/14 10:00:00, 1.394
2009/03/14 11:00:00, 1.240
2009/03/14 12:00:00, 1.232
2009/03/14 13:00:00, 1.369
2009/03/14 14:00:00, 1.610
2009/03/14 15:00:00, 1.881
2009/03/15 08:00:00, 2.069
2009/03/15 09:00:00, 1.899
2009/03/15 10:00:00, 1.686
2009/03/15 11:00:00, 1.477
2009/03/15 12:00:00, 1.379
2009/03/15 13:00:00, 1.402
2009/03/15 14:00:00, 1.546
2009/03/15 15:00:00, 1.763
2009/03/16 11:00:00, 1.575
2009/03/16 12:00:00, 1.465
2009/03/16 13:00:00, 1.450
2009/03/16 14:00:00, 1.532
2009/03/16 15:00:00, 1.697
2009/03/16 16:00:00, 1.888
2009/03/17 08:00:00, 1.977
2009/03/17 09:00:00, 1.972
2009/03/17 10:00:00, 1.902
2009/03/17 11:00:00, 1.759
2009/03/17 12:00:00, 1.607
2009/03/17 13:00:00, 1.526
2009/03/17 14:00:00, 1.512
2009/03/17 15:00:00, 1.578
2009/03/17 16:00:00, 1.698
2009/03/18 08:00:00, 1.852
2009/03/18 09:00:00, 1.887
2009/03/18 10:00:00, 1.880
2009/03/18 11:00:00, 1.791
2009/03/18 12:00:00, 1.688
2009/03/18 13:00:00, 1.645
2009/03/18 14:00:00, 1.617
2009/03/18 15:00:00, 1.612
2009/03/18 16:00:00, 1.612
2009/03/18 17:00:00, 1.775
2009/03/19 08:00:00, 1.693
2009/03/19 09:00:00, 1.777
2009/03/19 10:00:00, 1.830
2009/03/19 11:00:00, 1.818
2009/03/19 12:00:00, 1.779
2009/03/19 13:00:00, 1.711
2009/03/19 14:00:00, 1.635
2009/03/19 15:00:00, 1.577
2009/03/20 09:00:00, 1.666
2009/03/20 10:00:00, 1.747
2009/03/20 11:00:00, 1.835
2009/03/20 12:00:00, 1.855
2009/03/20 13:00:00, 1.844
2009/03/20 14:00:00, 1.799
2009/03/20 15:00:00, 1.734
2009/03/21 09:00:00, 1.540
2009/03/21 10:00:00, 1.665
2009/03/21 11:00:00, 1.785
2009/03/21 12:00:00, 1.875
2009/03/21 13:00:00, 1.911
2009/03/21 14:00:00, 1.871
2009/03/21 15:00:00, 1.839
2009/03/22 09:00:00, 1.401
2009/03/22 10:00:00, 1.526
2009/03/22 11:00:00, 1.692
2009/03/22 12:00:00, 1.843
2009/03/22 13:00:00, 1.942
2009/03/22 14:00:00, 1.977
2009/03/22 15:00:00, 1.910
2009/03/22 16:00:00, 1.823
2009/03/23 08:00:00, 1.243
2009/03/23 09:00:00, 1.260
2009/03/23 10:00:00, 1.421
2009/03/23 11:00:00, 1.621
2009/03/23 12:00:00, 1.840
2009/03/23 13:00:00, 2.022
2009/03/23 14:00:00, 2.099
2009/03/23 15:00:00, 2.090
2009/03/23 16:00:00, 2.019
2009/03/24 08:00:00, 1.174
2009/03/24 09:00:00, 1.198
2009/03/24 10:00:00, 1.350
2009/03/24 11:00:00, 1.590
2009/03/24 12:00:00, 1.821
2009/03/24 13:00:00, 2.025
2009/03/24 14:00:00, 2.169
2009/03/24 15:00:00, 2.231
2009/03/27 08:00:00, 1.308
2009/03/27 09:00:00, 1.105
2009/03/27 10:00:00, 1.044
2009/03/27 11:00:00, 1.151
2009/03/27 12:00:00, 1.412
2009/03/27 13:00:00, 1.711
2009/03/27 14:00:00, 2.015
2009/03/27 15:00:00, 2.249
2009/03/27 16:00:00, 2.395
2009/03/28 10:00:00, 1.199
2009/03/29 08:00:00, 1.807
2009/03/29 09:00:00, 1.517
2009/03/29 10:00:00, 1.271
2009/03/29 11:00:00, 1.159
2009/03/29 12:00:00, 1.206
2009/03/29 13:00:00, 1.398
2009/03/29 14:00:00, 1.681
2009/03/29 15:00:00, 1.971
2009/03/29 16:00:00, 2.198
2009/03/30 10:00:00, 1.503
2009/03/30 11:00:00, 1.269
2009/03/30 12:00:00, 1.195
2009/03/30 13:00:00, 1.260
2009/03/30 14:00:00, 1.500
2009/03/30 15:00:00, 1.839
2009/03/31 09:00:00, 1.939
2009/03/31 10:00:00, 1.738
2009/03/31 11:00:00, 1.529
2009/03/31 12:00:00, 1.416
2009/03/31 13:00:00, 1.359
2009/03/31 14:00:00, 1.443
2009/03/31 15:00:00, 1.615
2009/03/31 16:00:00, 1.827
2009/03/31 17:00:00, 2.014
2009/03/31 18:00:00, 2.142
2009/03/31 19:00:00, 2.203
2009/03/31 20:00:00, 2.184
2009/03/31 21:00:00, 2.064
2009/03/31 22:00:00, 1.842
2009/03/31 23:00:00, 1.577
2009/04/01 00:00:00, 1.357
2009/04/01 01:00:00, 1.248
2009/04/01 02:00:00, 1.259
2009/04/01 03:00:00, 1.368
2009/04/01 04:00:00, 1.548
2009/04/01 05:00:00, 1.747
2009/04/01 06:00:00, 1.916
2009/04/01 07:00:00, 2.033
2009/04/01 08:00:00, 2.096
2009/04/01 09:00:00, 2.084
2009/04/01 10:00:00, 1.939
2009/04/01 11:00:00, 1.731
2009/04/01 12:00:00, 1.571
2009/04/01 13:00:00, 1.468
2009/04/01 14:00:00, 1.458
2009/04/01 15:00:00, 1.537
2009/04/02 10:00:00, 1.959
2009/04/02 11:00:00, 1.886
2009/04/02 12:00:00, 1.790
2009/04/02 13:00:00, 1.678
2009/04/02 14:00:00, 1.487
2009/04/02 15:00:00, 1.453
2009/04/02 16:00:00, 1.489
2009/04/03 09:00:00, 1.879
2009/04/03 10:00:00, 1.962
2009/04/03 11:00:00, 1.997
2009/04/03 12:00:00, 1.961
2009/04/03 13:00:00, 1.854
2009/04/03 14:00:00, 1.709
2009/04/03 15:00:00, 1.577
2009/04/03 16:00:00, 1.493
2009/04/03 17:00:00, 1.470
2009/04/04 09:00:00, 1.564
2009/04/04 10:00:00, 1.839
2009/04/04 11:00:00, 1.999
2009/04/04 12:00:00, 2.052
2009/04/04 13:00:00, 2.028
2009/04/04 14:00:00, 1.935
2009/04/04 15:00:00, 1.742
2009/04/04 16:00:00, 1.635
2009/04/05 09:00:00, 1.530
2009/04/05 10:00:00, 1.718
2009/04/05 11:00:00, 1.908
2009/04/05 12:00:00, 2.074
2009/04/05 13:00:00, 2.176
2009/04/05 14:00:00, 2.155
2009/04/06 11:00:00, 1.803
2009/04/07 08:00:00, 1.217
2009/04/07 09:00:00, 1.253
2009/04/07 10:00:00, 1.414
2009/04/07 11:00:00, 1.644
2009/04/07 12:00:00, 1.923
2009/04/08 12:00:00, 1.769
2009/04/09 08:00:00, 1.271
2009/04/10 08:00:00, 1.504
2009/04/10 09:00:00, 1.259
2009/04/10 10:00:00, 1.155
2009/04/10 11:00:00, 1.209
2009/04/10 12:00:00, 1.396
2009/04/10 13:00:00, 1.645
2009/04/11 08:00:00, 1.745
2009/04/13 14:00:00, 1.671
2009/04/14 11:00:00, 1.521
2009/04/15 14:00:00, 1.543
2009/04/15 15:00:00, 1.638
2009/04/15 16:00:00, 1.763
2009/04/15 17:00:00, 1.914
2009/04/17 09:00:00, 1.907
2009/04/17 10:00:00, 1.871
2009/04/17 11:00:00, 1.881
2009/04/17 12:00:00, 1.807
2009/04/17 13:00:00, 1.564
2009/04/17 14:00:00, 1.577
2009/04/17 15:00:00, 1.577
