Rural Location: Cherry Springs State Park (41.6646N,77.8125W)
Wavelength(nm),Elev=0.0(log(W/m2/nm)),Elev=-1.0(log(W/m2/nm)),Elev=-2.0(log(W/m2/nm)),Elev=-3.0(log(W/m2/nm)),Elev=-4.0(log(W/m2/nm)),Elev=-5.0(log(W/m2/nm)),Elev=-6.0(log(W/m2/nm)),Elev=-7.0(log(W/m2/nm)),Elev=-8.0(log(W/m2/nm)),Elev=-9.0(log(W/m2/nm)),Elev=-10.0(log(W/m2/nm)),Elev=-11.0(log(W/m2/nm)),Elev=-12.0(log(W/m2/nm)),Elev=-13.0(log(W/m2/nm)),Elev=-14.0(log(W/m2/nm)),Elev=-15.0(log(W/m2/nm)),Elev=-16.0(log(W/m2/nm)),Elev=-17.0(log(W/m2/nm)),Elev=-18.0(log(W/m2/nm))
280,-2.760,-3.029,-3.144,-3.342,-3.563,-3.894,-4.225,-4.652,-5.201,-5.631,-6.129,-6.581,-7.004,-7.365,-7.448,-7.616,-7.680,-7.628,-7.596
281,-2.775,-3.048,-3.147,-3.355,-3.592,-3.892,-4.230,-4.650,-5.189,-5.626,-6.130,-6.625,-7.052,-7.407,-7.504,-7.746,-7.803,-7.729,-7.761
282,-2.780,-3.060,-3.159,-3.372,-3.605,-3.911,-4.237,-4.665,-5.211,-5.646,-6.144,-6.625,-7.028,-7.387,-7.497,-7.681,-7.811,-7.780,-7.667
283,-2.814,-3.085,-3.186,-3.391,-3.631,-3.939,-4.272,-4.696,-5.239,-5.677,-6.180,-6.666,-7.101,-7.416,-7.589,-7.750,-7.832,-7.834,-7.685
284,-2.839,-3.095,-3.205,-3.411,-3.656,-3.948,-4.296,-4.720,-5.267,-5.711,-6.205,-6.697,-7.158,-7.519,-7.690,-7.853,-7.972,-7.908,-7.775
285,-2.837,-3.072,-3.231,-3.437,-3.662,-3.949,-4.300,-4.731,-5.276,-5.705,-6.216,-6.720,-7.141,-7.483,-7.699,-7.854,-7.958,-7.899,-7.804
286,-2.856,-3.091,-3.231,-3.442,-3.671,-3.947,-4.309,-4.743,-5.294,-5.726,-6.237,-6.767,-7.162,-7.579,-7.778,-7.871,-7.984,-7.920,-7.826
287,-2.865,-3.095,-3.246,-3.456,-3.674,-3.940,-4.325,-4.759,-5.291,-5.743,-6.250,-6.750,-7.196,-7.606,-7.784,-7.878,-7.981,-7.913,-7.841
288,-2.858,-3.081,-3.258,-3.466,-3.672,-3.930,-4.336,-4.758,-5.300,-5.740,-6.252,-6.731,-7.160,-7.562,-7.750,-7.869,-8.010,-7.900,-7.808
289,-2.870,-3.084,-3.267,-3.477,-3.676,-3.939,-4.347,-4.786,-5.306,-5.752,-6.261,-6.713,-7.159,-7.564,-7.702,-7.886,-7.950,-7.840,-7.788
290,-2.890,-3.115,-3.286,-3.496,-3.684,-3.966,-4.372,-4.820,-5.328,-5.780,-6.278,-6.702,-7.166,-7.575,-7.738,-7.905,-7.978,-7.838,-7.823
291,-2.902,-3.124,-3.297,-3.513,-3.692,-3.973,-4.387,-4.823,-5.343,-5.785,-6.296,-6.705,-7.154,-7.599,-7.725,-7.872,-8.000,-7.872,-7.845
292,-2.912,-3.123,-3.308,-3.530,-3.716,-3.983,-4.385,-4.806,-5.347,-5.778,-6.310,-6.714,-7.132,-7.546,-7.670,-7.825,-7.893,-7.824,-7.839
293,-2.926,-3.133,-3.303,-3.518,-3.709,-3.986,-4.387,-4.792,-5.333,-5.777,-6.321,-6.710,-7.124,-7.531,-7.646,-7.793,-7.890,-7.843,-7.790
294,-2.919,-3.126,-3.304,-3.523,-3.727,-3.994,-4.386,-4.804,-5.345,-5.776,-6.320,-6.684,-7.106,-7.466,-7.604,-7.756,-7.818,-7.751,-7.701
295,-2.915,-3.134,-3.311,-3.511,-3.707,-4.009,-4.387,-4.790,-5.351,-5.777,-6.322,-6.686,-7.102,-7.502,-7.637,-7.792,-7.877,-7.766,-7.746
296,-2.928,-3.155,-3.318,-3.538,-3.738,-4.019,-4.379,-4.795,-5.357,-5.786,-6.318,-6.697,-7.101,-7.577,-7.638,-7.830,-7.843,-7.773,-7.727
297,-2.923,-3.167,-3.332,-3.529,-3.726,-4.039,-4.399,-4.803,-5.375,-5.803,-6.329,-6.732,-7.158,-7.676,-7.703,-7.847,-7.865,-7.827,-7.825
298,-2.928,-3.168,-3.342,-3.548,-3.741,-4.044,-4.396,-4.807,-5.392,-5.825,-6.327,-6.761,-7.195,-7.695,-7.753,-7.900,-7.923,-7.892,-7.865
299,-2.923,-3.185,-3.359,-3.550,-3.764,-4.037,-4.387,-4.804,-5.395,-5.832,-6.314,-6.765,-7.159,-7.661,-7.659,-7.880,-7.895,-7.835,-7.816
300,-2.922,-3.186,-3.345,-3.525,-3.737,-4.033,-4.390,-4.812,-5.384,-5.831,-6.315,-6.740,-7.184,-7.705,-7.772,-7.912,-7.993,-7.914,-7.859
301,-2.924,-3.191,-3.362,-3.547,-3.738,-4.041,-4.397,-4.814,-5.385,-5.838,-6.321,-6.758,-7.191,-7.705,-7.733,-7.913,-7.986,-7.889,-7.875
302,-2.939,-3.211,-3.375,-3.542,-3.733,-4.046,-4.407,-4.817,-5.379,-5.827,-6.342,-6.757,-7.188,-7.718,-7.763,-7.914,-7.992,-7.904,-7.900
303,-2.958,-3.223,-3.368,-3.544,-3.748,-4.048,-4.404,-4.812,-5.374,-5.828,-6.333,-6.775,-7.190,-7.715,-7.801,-7.921,-8.061,-7.928,-7.921
304,-2.968,-3.234,-3.356,-3.542,-3.757,-4.048,-4.409,-4.801,-5.359,-5.809,-6.329,-6.805,-7.205,-7.733,-7.864,-8.004,-8.123,-7.977,-7.984
305,-2.973,-3.243,-3.354,-3.536,-3.765,-4.042,-4.390,-4.782,-5.340,-5.772,-6.323,-6.805,-7.189,-7.710,-7.824,-7.993,-8.157,-7.969,-7.954
306,-2.980,-3.238,-3.358,-3.535,-3.763,-4.024,-4.382,-4.766,-5.306,-5.760,-6.338,-6.812,-7.184,-7.710,-7.807,-7.972,-8.151,-7.939,-7.971
307,-2.972,-3.210,-3.330,-3.519,-3.739,-4.023,-4.377,-4.750,-5.281,-5.742,-6.339,-6.813,-7.191,-7.710,-7.866,-7.995,-8.161,-7.972,-7.967
308,-2.968,-3.203,-3.316,-3.515,-3.739,-4.021,-4.357,-4.735,-5.266,-5.724,-6.325,-6.822,-7.201,-7.712,-7.896,-8.033,-8.242,-8.027,-8.008
309,-2.938,-3.183,-3.296,-3.510,-3.733,-4.002,-4.341,-4.715,-5.250,-5.710,-6.302,-6.811,-7.199,-7.734,-7.951,-8.056,-8.203,-8.032,-8.011
310,-2.939,-3.171,-3.288,-3.504,-3.735,-3.994,-4.321,-4.679,-5.233,-5.708,-6.287,-6.832,-7.218,-7.793,-7.988,-8.096,-8.291,-8.110,-8.107
311,-2.919,-3.155,-3.275,-3.494,-3.705,-3.971,-4.286,-4.638,-5.198,-5.679,-6.269,-6.811,-7.229,-7.777,-7.953,-8.062,-8.255,-8.065,-8.061
312,-2.885,-3.127,-3.259,-3.471,-3.670,-3.943,-4.250,-4.598,-5.141,-5.640,-6.240,-6.788,-7.230,-7.708,-7.965,-8.065,-8.239,-8.072,-8.086
313,-2.861,-3.112,-3.253,-3.448,-3.652,-3.923,-4.220,-4.572,-5.095,-5.608,-6.223,-6.773,-7.190,-7.663,-7.910,-7.976,-8.131,-7.996,-8.033
314,-2.847,-3.074,-3.232,-3.423,-3.631,-3.908,-4.184,-4.543,-5.068,-5.567,-6.205,-6.787,-7.243,-7.725,-8.007,-8.082,-8.218,-8.108,-8.117
315,-2.834,-3.031,-3.211,-3.408,-3.612,-3.879,-4.160,-4.513,-5.035,-5.532,-6.180,-6.770,-7.248,-7.728,-7.975,-8.037,-8.222,-8.098,-8.101
316,-2.806,-2.988,-3.170,-3.381,-3.597,-3.844,-4.147,-4.489,-4.986,-5.499,-6.130,-6.736,-7.173,-7.703,-7.924,-7.979,-8.149,-8.096,-8.083
317,-2.763,-2.941,-3.111,-3.320,-3.538,-3.798,-4.101,-4.442,-4.929,-5.439,-6.069,-6.645,-7.115,-7.646,-7.820,-7.952,-8.091,-8.054,-8.083
318,-2.713,-2.911,-3.067,-3.266,-3.473,-3.752,-4.044,-4.390,-4.883,-5.382,-6.004,-6.557,-7.036,-7.541,-7.771,-7.937,-8.071,-8.018,-8.025
319,-2.672,-2.874,-3.018,-3.221,-3.421,-3.706,-4.005,-4.346,-4.844,-5.334,-5.949,-6.504,-6.958,-7.494,-7.780,-7.986,-8.121,-8.106,-8.099
320,-2.627,-2.811,-2.974,-3.187,-3.389,-3.679,-3.985,-4.316,-4.814,-5.292,-5.929,-6.467,-6.891,-7.427,-7.685,-7.971,-8.081,-8.075,-8.063
321,-2.560,-2.746,-2.937,-3.152,-3.363,-3.644,-3.955,-4.280,-4.764,-5.250,-5.884,-6.439,-6.894,-7.427,-7.669,-7.989,-8.100,-8.093,-8.054
322,-2.493,-2.688,-2.872,-3.084,-3.304,-3.584,-3.900,-4.223,-4.693,-5.178,-5.807,-6.348,-6.813,-7.295,-7.542,-7.826,-7.959,-7.975,-7.919
323,-2.420,-2.614,-2.789,-3.009,-3.224,-3.508,-3.822,-4.154,-4.621,-5.100,-5.728,-6.252,-6.715,-7.208,-7.504,-7.817,-7.934,-7.947,-7.926
324,-2.395,-2.582,-2.762,-2.988,-3.202,-3.480,-3.789,-4.130,-4.598,-5.081,-5.686,-6.211,-6.658,-7.165,-7.475,-7.785,-7.921,-7.930,-7.885
325,-2.359,-2.545,-2.726,-2.951,-3.164,-3.455,-3.759,-4.094,-4.568,-5.046,-5.641,-6.183,-6.629,-7.108,-7.426,-7.751,-7.884,-7.956,-7.916
326,-2.280,-2.468,-2.648,-2.872,-3.081,-3.380,-3.686,-4.021,-4.491,-4.967,-5.562,-6.101,-6.535,-7.009,-7.351,-7.700,-7.835,-7.955,-7.888
327,-2.223,-2.396,-2.573,-2.796,-3.019,-3.308,-3.614,-3.955,-4.420,-4.895,-5.489,-6.014,-6.445,-6.927,-7.297,-7.652,-7.799,-7.885,-7.821
328,-2.195,-2.357,-2.532,-2.758,-2.983,-3.275,-3.581,-3.921,-4.388,-4.857,-5.449,-5.976,-6.412,-6.895,-7.261,-7.626,-7.790,-7.885,-7.851
329,-2.176,-2.338,-2.514,-2.736,-2.951,-3.252,-3.559,-3.899,-4.365,-4.832,-5.421,-5.953,-6.387,-6.878,-7.231,-7.633,-7.841,-7.935,-7.910
330,-2.145,-2.304,-2.481,-2.699,-2.913,-3.212,-3.520,-3.863,-4.326,-4.795,-5.382,-5.903,-6.342,-6.844,-7.232,-7.663,-7.934,-8.047,-8.032
331,-2.102,-2.266,-2.440,-2.657,-2.871,-3.165,-3.477,-3.821,-4.285,-4.752,-5.337,-5.848,-6.297,-6.807,-7.192,-7.626,-7.945,-8.048,-8.034
332,-2.075,-2.236,-2.409,-2.623,-2.835,-3.131,-3.445,-3.790,-4.254,-4.719,-5.300,-5.814,-6.261,-6.778,-7.152,-7.599,-7.956,-8.078,-8.103
333,-2.056,-2.211,-2.381,-2.598,-2.808,-3.106,-3.418,-3.763,-4.228,-4.692,-5.272,-5.793,-6.231,-6.742,-7.109,-7.557,-7.930,-8.026,-8.098
334,-2.042,-2.197,-2.364,-2.581,-2.794,-3.085,-3.399,-3.746,-4.210,-4.674,-5.252,-5.768,-6.201,-6.705,-7.063,-7.498,-7.872,-7.970,-8.061
335,-2.025,-2.178,-2.341,-2.556,-2.770,-3.061,-3.377,-3.723,-4.185,-4.650,-5.225,-5.731,-6.161,-6.657,-7.028,-7.461,-7.825,-7.940,-8.058
336,-2.008,-2.159,-2.321,-2.535,-2.747,-3.039,-3.354,-3.700,-4.162,-4.623,-5.199,-5.704,-6.135,-6.619,-6.996,-7.433,-7.790,-7.908,-8.028
337,-1.989,-2.137,-2.304,-2.517,-2.723,-3.016,-3.328,-3.678,-4.140,-4.599,-5.171,-5.678,-6.107,-6.591,-6.969,-7.396,-7.744,-7.885,-8.003
338,-1.968,-2.115,-2.283,-2.493,-2.699,-2.991,-3.304,-3.655,-4.116,-4.576,-5.145,-5.651,-6.077,-6.569,-6.945,-7.368,-7.702,-7.842,-7.931
339,-1.950,-2.097,-2.262,-2.471,-2.679,-2.970,-3.284,-3.632,-4.095,-4.556,-5.124,-5.629,-6.054,-6.549,-6.924,-7.351,-7.692,-7.842,-7.926
340,-1.952,-2.094,-2.259,-2.467,-2.673,-2.965,-3.276,-3.626,-4.091,-4.552,-5.118,-5.624,-6.049,-6.538,-6.915,-7.350,-7.679,-7.821,-7.922
341,-1.966,-2.110,-2.273,-2.480,-2.685,-2.978,-3.287,-3.640,-4.105,-4.563,-5.130,-5.631,-6.056,-6.540,-6.920,-7.354,-7.698,-7.820,-7.935
342,-1.969,-2.115,-2.278,-2.484,-2.688,-2.980,-3.291,-3.642,-4.108,-4.565,-5.131,-5.630,-6.053,-6.538,-6.921,-7.360,-7.716,-7.848,-7.995
343,-1.955,-2.099,-2.264,-2.469,-2.674,-2.964,-3.276,-3.626,-4.091,-4.549,-5.113,-5.612,-6.033,-6.522,-6.901,-7.335,-7.705,-7.838,-7.998
344,-1.942,-2.088,-2.250,-2.455,-2.662,-2.950,-3.262,-3.613,-4.078,-4.535,-5.100,-5.597,-6.016,-6.506,-6.883,-7.313,-7.675,-7.827,-7.989
345,-1.938,-2.084,-2.243,-2.449,-2.657,-2.944,-3.255,-3.606,-4.074,-4.530,-5.095,-5.591,-6.011,-6.499,-6.875,-7.303,-7.664,-7.853,-8.011
346,-1.934,-2.078,-2.238,-2.445,-2.651,-2.936,-3.249,-3.599,-4.066,-4.523,-5.087,-5.583,-6.002,-6.490,-6.864,-7.285,-7.650,-7.842,-7.993
347,-1.927,-2.071,-2.233,-2.439,-2.644,-2.928,-3.241,-3.593,-4.058,-4.515,-5.078,-5.572,-5.994,-6.485,-6.860,-7.277,-7.639,-7.873,-7.974
348,-1.925,-2.068,-2.229,-2.436,-2.640,-2.925,-3.238,-3.591,-4.055,-4.513,-5.075,-5.568,-5.993,-6.483,-6.855,-7.268,-7.620,-7.860,-7.932
349,-1.915,-2.057,-2.217,-2.423,-2.629,-2.915,-3.227,-3.581,-4.045,-4.502,-5.065,-5.558,-5.982,-6.474,-6.845,-7.260,-7.619,-7.868,-7.940
350,-1.907,-2.047,-2.208,-2.414,-2.620,-2.905,-3.217,-3.571,-4.037,-4.494,-5.056,-5.550,-5.973,-6.462,-6.836,-7.255,-7.623,-7.844,-7.935
351,-1.924,-2.064,-2.224,-2.430,-2.633,-2.920,-3.232,-3.586,-4.052,-4.509,-5.070,-5.563,-5.985,-6.474,-6.848,-7.272,-7.618,-7.843,-7.922
352,-1.933,-2.074,-2.234,-2.439,-2.641,-2.929,-3.242,-3.596,-4.062,-4.519,-5.080,-5.573,-5.995,-6.488,-6.866,-7.293,-7.644,-7.853,-7.934
353,-1.928,-2.067,-2.229,-2.434,-2.637,-2.924,-3.238,-3.592,-4.058,-4.516,-5.076,-5.573,-5.994,-6.485,-6.862,-7.284,-7.644,-7.852,-7.921
354,-1.930,-2.071,-2.233,-2.437,-2.641,-2.927,-3.241,-3.595,-4.062,-4.519,-5.080,-5.576,-5.996,-6.487,-6.860,-7.278,-7.624,-7.827,-7.912
355,-1.932,-2.073,-2.234,-2.438,-2.642,-2.929,-3.242,-3.597,-4.064,-4.521,-5.081,-5.577,-5.997,-6.486,-6.859,-7.278,-7.606,-7.814,-7.900
356,-1.933,-2.073,-2.234,-2.438,-2.642,-2.930,-3.243,-3.598,-4.065,-4.521,-5.082,-5.577,-5.997,-6.488,-6.861,-7.278,-7.609,-7.815,-7.908
357,-1.928,-2.069,-2.230,-2.433,-2.638,-2.926,-3.238,-3.594,-4.061,-4.518,-5.079,-5.573,-5.994,-6.485,-6.862,-7.283,-7.614,-7.842,-7.931
358,-1.923,-2.063,-2.225,-2.428,-2.632,-2.921,-3.233,-3.589,-4.057,-4.515,-5.075,-5.570,-5.992,-6.481,-6.857,-7.274,-7.610,-7.851,-7.919
359,-1.922,-2.061,-2.225,-2.427,-2.631,-2.920,-3.233,-3.590,-4.058,-4.515,-5.075,-5.569,-5.991,-6.480,-6.857,-7.276,-7.636,-7.863,-7.944
360,-1.921,-2.060,-2.223,-2.426,-2.630,-2.919,-3.232,-3.590,-4.058,-4.514,-5.074,-5.569,-5.990,-6.475,-6.852,-7.274,-7.624,-7.846,-7.936
361,-1.913,-2.052,-2.216,-2.419,-2.624,-2.912,-3.225,-3.583,-4.051,-4.508,-5.067,-5.563,-5.985,-6.468,-6.842,-7.264,-7.616,-7.841,-7.930
362,-1.905,-2.043,-2.207,-2.411,-2.616,-2.904,-3.217,-3.575,-4.042,-4.500,-5.060,-5.554,-5.975,-6.459,-6.836,-7.259,-7.617,-7.855,-7.952
363,-1.899,-2.036,-2.200,-2.404,-2.609,-2.897,-3.210,-3.568,-4.037,-4.493,-5.053,-5.547,-5.967,-6.454,-6.837,-7.263,-7.636,-7.870,-7.966
364,-1.887,-2.026,-2.189,-2.393,-2.598,-2.885,-3.200,-3.557,-4.027,-4.483,-5.043,-5.537,-5.960,-6.450,-6.834,-7.260,-7.647,-7.884,-7.974
365,-1.873,-2.011,-2.174,-2.379,-2.584,-2.872,-3.186,-3.544,-4.014,-4.470,-5.031,-5.525,-5.950,-6.441,-6.823,-7.252,-7.642,-7.887,-7.982
366,-1.858,-1.996,-2.161,-2.364,-2.570,-2.859,-3.171,-3.530,-4.000,-4.457,-5.017,-5.513,-5.938,-6.430,-6.810,-7.241,-7.627,-7.858,-7.980
367,-1.840,-1.978,-2.144,-2.347,-2.553,-2.841,-3.155,-3.513,-3.982,-4.440,-5.000,-5.499,-5.923,-6.415,-6.796,-7.220,-7.587,-7.820,-7.940
368,-1.833,-1.971,-2.137,-2.341,-2.545,-2.834,-3.150,-3.509,-3.980,-4.438,-4.996,-5.494,-5.918,-6.411,-6.796,-7.222,-7.592,-7.841,-7.930
369,-1.835,-1.971,-2.137,-2.341,-2.546,-2.835,-3.152,-3.512,-3.982,-4.439,-4.997,-5.492,-5.916,-6.408,-6.793,-7.222,-7.590,-7.835,-7.952
370,-1.837,-1.973,-2.138,-2.343,-2.549,-2.838,-3.154,-3.514,-3.985,-4.442,-5.000,-5.495,-5.918,-6.410,-6.792,-7.221,-7.585,-7.843,-7.951
371,-1.856,-1.992,-2.157,-2.362,-2.568,-2.857,-3.173,-3.533,-4.003,-4.460,-5.019,-5.513,-5.935,-6.425,-6.803,-7.220,-7.569,-7.802,-7.893
372,-1.874,-2.009,-2.175,-2.380,-2.586,-2.874,-3.189,-3.550,-4.021,-4.478,-5.036,-5.530,-5.951,-6.441,-6.820,-7.242,-7.596,-7.810,-7.930
373,-1.871,-2.005,-2.171,-2.377,-2.582,-2.870,-3.186,-3.547,-4.018,-4.475,-5.033,-5.527,-5.948,-6.439,-6.817,-7.233,-7.579,-7.813,-7.926
374,-1.870,-2.004,-2.171,-2.376,-2.582,-2.870,-3.185,-3.547,-4.018,-4.475,-5.032,-5.525,-5.945,-6.435,-6.816,-7.241,-7.585,-7.838,-7.918
375,-1.864,-1.998,-2.166,-2.370,-2.576,-2.865,-3.182,-3.544,-4.015,-4.472,-5.029,-5.523,-5.945,-6.439,-6.821,-7.253,-7.604,-7.866,-7.979
376,-1.866,-2.002,-2.170,-2.375,-2.581,-2.869,-3.187,-3.550,-4.022,-4.479,-5.037,-5.531,-5.954,-6.447,-6.827,-7.253,-7.592,-7.861,-7.981
377,-1.864,-2.001,-2.168,-2.373,-2.579,-2.869,-3.186,-3.549,-4.022,-4.479,-5.037,-5.531,-5.953,-6.446,-6.826,-7.253,-7.599,-7.846,-7.955
378,-1.861,-1.998,-2.166,-2.370,-2.576,-2.867,-3.184,-3.546,-4.019,-4.476,-5.034,-5.528,-5.949,-6.438,-6.817,-7.236,-7.569,-7.794,-7.850
379,-1.862,-1.999,-2.166,-2.371,-2.577,-2.867,-3.185,-3.547,-4.020,-4.477,-5.035,-5.531,-5.952,-6.444,-6.824,-7.258,-7.611,-7.858,-7.966
380,-1.858,-1.994,-2.161,-2.366,-2.572,-2.863,-3.180,-3.543,-4.016,-4.474,-5.031,-5.526,-5.947,-6.439,-6.817,-7.246,-7.592,-7.831,-7.937
381,-1.851,-1.986,-2.153,-2.358,-2.564,-2.856,-3.173,-3.536,-4.010,-4.468,-5.023,-5.517,-5.937,-6.431,-6.808,-7.236,-7.585,-7.809,-7.889
382,-1.861,-1.996,-2.163,-2.368,-2.575,-2.866,-3.184,-3.547,-4.021,-4.479,-5.034,-5.527,-5.948,-6.442,-6.816,-7.238,-7.586,-7.794,-7.874
383,-1.873,-2.008,-2.175,-2.380,-2.589,-2.877,-3.196,-3.561,-4.035,-4.493,-5.048,-5.540,-5.959,-6.452,-6.824,-7.247,-7.605,-7.805,-7.856
384,-1.867,-2.002,-2.168,-2.374,-2.582,-2.871,-3.190,-3.555,-4.030,-4.487,-5.043,-5.536,-5.956,-6.448,-6.822,-7.252,-7.611,-7.823,-7.881
385,-1.857,-1.992,-2.159,-2.364,-2.572,-2.861,-3.180,-3.546,-4.020,-4.478,-5.033,-5.526,-5.946,-6.438,-6.817,-7.246,-7.621,-7.835,-7.911
386,-1.850,-1.984,-2.151,-2.356,-2.565,-2.853,-3.172,-3.538,-4.012,-4.470,-5.026,-5.518,-5.938,-6.431,-6.810,-7.244,-7.630,-7.855,-7.958
387,-1.835,-1.967,-2.136,-2.341,-2.549,-2.839,-3.157,-3.524,-3.999,-4.456,-5.012,-5.503,-5.921,-6.414,-6.795,-7.222,-7.608,-7.831,-7.940
388,-1.826,-1.957,-2.128,-2.333,-2.541,-2.832,-3.150,-3.517,-3.993,-4.450,-5.008,-5.500,-5.921,-6.414,-6.798,-7.227,-7.610,-7.852,-7.955
389,-1.822,-1.954,-2.126,-2.331,-2.539,-2.830,-3.148,-3.516,-3.992,-4.449,-5.007,-5.498,-5.920,-6.413,-6.798,-7.224,-7.604,-7.846,-7.954
390,-1.818,-1.951,-2.123,-2.328,-2.535,-2.826,-3.145,-3.513,-3.989,-4.447,-5.004,-5.495,-5.916,-6.408,-6.793,-7.219,-7.604,-7.852,-7.965
391,-1.815,-1.947,-2.118,-2.323,-2.531,-2.822,-3.141,-3.509,-3.985,-4.443,-4.999,-5.491,-5.912,-6.401,-6.785,-7.214,-7.589,-7.838,-7.987
392,-1.814,-1.946,-2.115,-2.321,-2.530,-2.820,-3.140,-3.508,-3.985,-4.442,-4.998,-5.490,-5.911,-6.399,-6.781,-7.207,-7.574,-7.801,-7.953
393,-1.817,-1.949,-2.119,-2.325,-2.534,-2.824,-3.143,-3.512,-3.990,-4.446,-5.003,-5.495,-5.916,-6.402,-6.782,-7.204,-7.560,-7.794,-7.952
394,-1.821,-1.953,-2.124,-2.330,-2.538,-2.829,-3.148,-3.518,-3.996,-4.452,-5.008,-5.499,-5.919,-6.406,-6.787,-7.214,-7.572,-7.806,-7.966
395,-1.813,-1.945,-2.116,-2.322,-2.529,-2.822,-3.141,-3.511,-3.988,-4.446,-5.001,-5.493,-5.911,-6.398,-6.781,-7.207,-7.566,-7.817,-7.982
396,-1.789,-1.921,-2.093,-2.300,-2.507,-2.798,-3.118,-3.488,-3.966,-4.424,-4.980,-5.474,-5.891,-6.376,-6.761,-7.186,-7.547,-7.799,-7.956
397,-1.768,-1.901,-2.072,-2.279,-2.487,-2.779,-3.098,-3.469,-3.946,-4.404,-4.960,-5.453,-5.873,-6.358,-6.740,-7.173,-7.540,-7.792,-7.946
398,-1.743,-1.875,-2.046,-2.252,-2.461,-2.754,-3.073,-3.444,-3.921,-4.379,-4.935,-5.428,-5.850,-6.339,-6.718,-7.157,-7.526,-7.774,-7.934
399,-1.707,-1.839,-2.010,-2.216,-2.425,-2.717,-3.037,-3.408,-3.886,-4.344,-4.901,-5.395,-5.818,-6.313,-6.700,-7.139,-7.517,-7.785,-7.932
400,-1.678,-1.810,-1.981,-2.187,-2.397,-2.688,-3.008,-3.379,-3.858,-4.316,-4.873,-5.367,-5.792,-6.288,-6.673,-7.117,-7.488,-7.750,-7.905
401,-1.656,-1.786,-1.956,-2.163,-2.373,-2.665,-2.984,-3.357,-3.835,-4.294,-4.851,-5.346,-5.773,-6.270,-6.657,-7.096,-7.469,-7.729,-7.881
402,-1.640,-1.771,-1.942,-2.147,-2.357,-2.651,-2.970,-3.342,-3.822,-4.280,-4.838,-5.332,-5.760,-6.259,-6.656,-7.099,-7.474,-7.746,-7.887
403,-1.624,-1.755,-1.927,-2.132,-2.342,-2.635,-2.955,-3.327,-3.807,-4.266,-4.822,-5.316,-5.743,-6.244,-6.639,-7.082,-7.459,-7.729,-7.868
404,-1.615,-1.745,-1.916,-2.122,-2.332,-2.624,-2.945,-3.317,-3.798,-4.257,-4.813,-5.309,-5.741,-6.244,-6.640,-7.085,-7.465,-7.749,-7.916
405,-1.612,-1.742,-1.913,-2.118,-2.328,-2.621,-2.941,-3.315,-3.796,-4.255,-4.812,-5.308,-5.736,-6.237,-6.627,-7.068,-7.448,-7.721,-7.871
406,-1.604,-1.734,-1.906,-2.110,-2.321,-2.614,-2.934,-3.308,-3.789,-4.248,-4.805,-5.300,-5.727,-6.226,-6.613,-7.054,-7.425,-7.704,-7.844
407,-1.599,-1.730,-1.901,-2.106,-2.317,-2.610,-2.930,-3.304,-3.785,-4.245,-4.801,-5.295,-5.720,-6.218,-6.602,-7.045,-7.423,-7.701,-7.839
408,-1.595,-1.726,-1.897,-2.103,-2.313,-2.606,-2.927,-3.301,-3.782,-4.241,-4.797,-5.291,-5.716,-6.214,-6.599,-7.044,-7.430,-7.729,-7.873
409,-1.588,-1.719,-1.891,-2.097,-2.306,-2.600,-2.920,-3.295,-3.776,-4.236,-4.791,-5.285,-5.709,-6.206,-6.592,-7.035,-7.429,-7.695,-7.870
410,-1.586,-1.717,-1.889,-2.094,-2.304,-2.597,-2.918,-3.293,-3.775,-4.234,-4.790,-5.283,-5.707,-6.206,-6.592,-7.030,-7.421,-7.692,-7.841
411,-1.582,-1.712,-1.884,-2.089,-2.300,-2.593,-2.915,-3.290,-3.772,-4.231,-4.787,-5.281,-5.705,-6.203,-6.590,-7.029,-7.422,-7.688,-7.845
412,-1.578,-1.707,-1.879,-2.084,-2.295,-2.589,-2.910,-3.285,-3.767,-4.227,-4.784,-5.277,-5.703,-6.202,-6.587,-7.021,-7.402,-7.667,-7.812
413,-1.575,-1.705,-1.877,-2.082,-2.295,-2.587,-2.909,-3.284,-3.766,-4.226,-4.783,-5.277,-5.702,-6.202,-6.589,-7.026,-7.412,-7.676,-7.828
414,-1.576,-1.705,-1.877,-2.083,-2.295,-2.588,-2.909,-3.285,-3.768,-4.227,-4.784,-5.277,-5.702,-6.201,-6.589,-7.034,-7.417,-7.672,-7.823
415,-1.574,-1.703,-1.875,-2.080,-2.292,-2.585,-2.907,-3.284,-3.767,-4.226,-4.782,-5.275,-5.700,-6.200,-6.589,-7.030,-7.415,-7.674,-7.818
416,-1.571,-1.699,-1.872,-2.077,-2.288,-2.582,-2.905,-3.282,-3.765,-4.225,-4.781,-5.273,-5.699,-6.197,-6.582,-7.021,-7.399,-7.643,-7.801
417,-1.569,-1.698,-1.870,-2.075,-2.287,-2.580,-2.903,-3.280,-3.765,-4.224,-4.780,-5.273,-5.699,-6.198,-6.585,-7.026,-7.399,-7.668,-7.803
418,-1.567,-1.696,-1.869,-2.074,-2.286,-2.579,-2.902,-3.279,-3.764,-4.223,-4.779,-5.272,-5.698,-6.197,-6.582,-7.023,-7.392,-7.667,-7.809
419,-1.563,-1.691,-1.864,-2.069,-2.281,-2.575,-2.898,-3.275,-3.760,-4.219,-4.775,-5.268,-5.694,-6.194,-6.581,-7.018,-7.393,-7.666,-7.813
420,-1.571,-1.699,-1.872,-2.077,-2.289,-2.583,-2.906,-3.283,-3.768,-4.228,-4.783,-5.276,-5.703,-6.203,-6.590,-7.029,-7.408,-7.680,-7.824
421,-1.574,-1.702,-1.875,-2.080,-2.292,-2.586,-2.909,-3.287,-3.773,-4.233,-4.788,-5.281,-5.707,-6.205,-6.591,-7.025,-7.395,-7.671,-7.799
422,-1.574,-1.702,-1.876,-2.080,-2.293,-2.587,-2.910,-3.289,-3.775,-4.236,-4.790,-5.283,-5.709,-6.208,-6.594,-7.027,-7.399,-7.689,-7.825
423,-1.570,-1.698,-1.871,-2.076,-2.288,-2.582,-2.906,-3.285,-3.771,-4.232,-4.786,-5.279,-5.705,-6.205,-6.589,-7.021,-7.384,-7.671,-7.794
424,-1.570,-1.697,-1.871,-2.076,-2.288,-2.583,-2.906,-3.286,-3.773,-4.233,-4.787,-5.280,-5.707,-6.209,-6.594,-7.028,-7.402,-7.699,-7.813
425,-1.575,-1.703,-1.876,-2.081,-2.293,-2.588,-2.912,-3.292,-3.779,-4.239,-4.794,-5.288,-5.715,-6.216,-6.601,-7.031,-7.394,-7.696,-7.810
426,-1.581,-1.709,-1.881,-2.087,-2.300,-2.594,-2.918,-3.298,-3.786,-4.246,-4.801,-5.294,-5.722,-6.221,-6.607,-7.038,-7.403,-7.696,-7.793
427,-1.586,-1.713,-1.887,-2.091,-2.305,-2.599,-2.924,-3.304,-3.792,-4.252,-4.807,-5.299,-5.726,-6.226,-6.610,-7.042,-7.401,-7.701,-7.804
428,-1.588,-1.713,-1.887,-2.091,-2.304,-2.600,-2.925,-3.305,-3.795,-4.255,-4.809,-5.302,-5.728,-6.229,-6.614,-7.043,-7.399,-7.694,-7.807
429,-1.590,-1.715,-1.889,-2.094,-2.307,-2.601,-2.927,-3.307,-3.797,-4.257,-4.811,-5.305,-5.732,-6.233,-6.621,-7.053,-7.420,-7.717,-7.841
430,-1.593,-1.719,-1.892,-2.097,-2.310,-2.605,-2.930,-3.311,-3.800,-4.261,-4.815,-5.308,-5.735,-6.237,-6.625,-7.058,-7.422,-7.717,-7.851
431,-1.595,-1.721,-1.895,-2.099,-2.312,-2.607,-2.932,-3.313,-3.802,-4.263,-4.817,-5.310,-5.737,-6.239,-6.626,-7.056,-7.412,-7.702,-7.822
432,-1.591,-1.718,-1.891,-2.095,-2.308,-2.603,-2.928,-3.310,-3.799,-4.260,-4.813,-5.306,-5.733,-6.234,-6.619,-7.047,-7.401,-7.684,-7.809
433,-1.584,-1.711,-1.884,-2.088,-2.301,-2.596,-2.922,-3.304,-3.794,-4.254,-4.808,-5.300,-5.727,-6.229,-6.614,-7.048,-7.409,-7.683,-7.809
434,-1.578,-1.704,-1.878,-2.082,-2.296,-2.591,-2.917,-3.299,-3.789,-4.249,-4.802,-5.292,-5.720,-6.222,-6.609,-7.044,-7.405,-7.689,-7.827
435,-1.569,-1.696,-1.869,-2.074,-2.287,-2.583,-2.908,-3.291,-3.781,-4.241,-4.795,-5.283,-5.708,-6.210,-6.597,-7.037,-7.411,-7.697,-7.846
436,-1.560,-1.686,-1.860,-2.065,-2.277,-2.574,-2.900,-3.282,-3.773,-4.235,-4.789,-5.280,-5.701,-6.201,-6.588,-7.025,-7.401,-7.686,-7.819
437,-1.551,-1.676,-1.851,-2.055,-2.269,-2.566,-2.891,-3.275,-3.766,-4.227,-4.781,-5.272,-5.694,-6.193,-6.583,-7.018,-7.394,-7.683,-7.827
438,-1.541,-1.667,-1.842,-2.046,-2.260,-2.556,-2.882,-3.266,-3.757,-4.218,-4.772,-5.263,-5.688,-6.186,-6.573,-7.010,-7.387,-7.667,-7.813
439,-1.536,-1.661,-1.835,-2.039,-2.253,-2.549,-2.875,-3.260,-3.751,-4.212,-4.767,-5.259,-5.686,-6.189,-6.579,-7.016,-7.401,-7.695,-7.856
440,-1.528,-1.654,-1.828,-2.032,-2.245,-2.541,-2.868,-3.252,-3.743,-4.205,-4.759,-5.250,-5.677,-6.182,-6.570,-7.012,-7.396,-7.688,-7.860
441,-1.522,-1.647,-1.821,-2.025,-2.238,-2.535,-2.862,-3.246,-3.738,-4.199,-4.753,-5.243,-5.670,-6.174,-6.564,-7.005,-7.388,-7.690,-7.870
442,-1.520,-1.645,-1.819,-2.023,-2.236,-2.533,-2.860,-3.246,-3.738,-4.199,-4.753,-5.245,-5.673,-6.176,-6.566,-7.006,-7.389,-7.684,-7.860
443,-1.518,-1.642,-1.817,-2.021,-2.235,-2.531,-2.858,-3.245,-3.737,-4.198,-4.753,-5.245,-5.673,-6.175,-6.564,-7.000,-7.377,-7.662,-7.821
444,-1.511,-1.636,-1.811,-2.015,-2.229,-2.525,-2.853,-3.239,-3.732,-4.193,-4.747,-5.239,-5.668,-6.171,-6.559,-6.992,-7.363,-7.654,-7.806
445,-1.503,-1.628,-1.802,-2.006,-2.220,-2.516,-2.845,-3.231,-3.724,-4.186,-4.740,-5.232,-5.662,-6.166,-6.554,-6.985,-7.345,-7.625,-7.759
446,-1.496,-1.618,-1.794,-1.998,-2.211,-2.509,-2.837,-3.223,-3.717,-4.179,-4.733,-5.224,-5.654,-6.161,-6.548,-6.985,-7.346,-7.633,-7.761
447,-1.490,-1.613,-1.789,-1.992,-2.206,-2.503,-2.832,-3.219,-3.712,-4.174,-4.728,-5.219,-5.649,-6.155,-6.545,-6.984,-7.350,-7.642,-7.769
448,-1.484,-1.607,-1.783,-1.987,-2.201,-2.498,-2.827,-3.215,-3.708,-4.170,-4.724,-5.215,-5.645,-6.151,-6.542,-6.981,-7.347,-7.641,-7.771
449,-1.483,-1.606,-1.782,-1.985,-2.199,-2.497,-2.826,-3.214,-3.708,-4.170,-4.724,-5.216,-5.646,-6.152,-6.541,-6.978,-7.348,-7.639,-7.756
450,-1.482,-1.606,-1.781,-1.984,-2.198,-2.496,-2.825,-3.214,-3.708,-4.170,-4.724,-5.215,-5.645,-6.150,-6.538,-6.977,-7.345,-7.636,-7.761
451,-1.479,-1.603,-1.778,-1.981,-2.195,-2.493,-2.822,-3.210,-3.705,-4.168,-4.722,-5.212,-5.642,-6.148,-6.537,-6.975,-7.346,-7.631,-7.765
452,-1.478,-1.601,-1.777,-1.979,-2.194,-2.492,-2.821,-3.210,-3.705,-4.167,-4.721,-5.211,-5.640,-6.145,-6.533,-6.975,-7.345,-7.640,-7.794
453,-1.475,-1.597,-1.773,-1.976,-2.190,-2.488,-2.818,-3.207,-3.703,-4.165,-4.719,-5.210,-5.639,-6.145,-6.535,-6.981,-7.360,-7.663,-7.837
454,-1.472,-1.594,-1.770,-1.973,-2.187,-2.486,-2.816,-3.206,-3.702,-4.164,-4.718,-5.208,-5.637,-6.142,-6.532,-6.978,-7.356,-7.652,-7.821
455,-1.470,-1.592,-1.768,-1.971,-2.185,-2.484,-2.814,-3.204,-3.700,-4.163,-4.716,-5.207,-5.636,-6.141,-6.531,-6.974,-7.348,-7.643,-7.810
456,-1.467,-1.589,-1.765,-1.968,-2.182,-2.481,-2.812,-3.202,-3.699,-4.161,-4.715,-5.205,-5.635,-6.140,-6.531,-6.972,-7.343,-7.643,-7.797
457,-1.470,-1.592,-1.767,-1.970,-2.184,-2.484,-2.815,-3.205,-3.702,-4.164,-4.718,-5.208,-5.638,-6.143,-6.533,-6.975,-7.347,-7.638,-7.798
458,-1.472,-1.594,-1.769,-1.972,-2.187,-2.487,-2.818,-3.209,-3.706,-4.168,-4.722,-5.212,-5.642,-6.150,-6.542,-6.984,-7.361,-7.664,-7.837
459,-1.470,-1.592,-1.769,-1.972,-2.187,-2.487,-2.819,-3.209,-3.707,-4.169,-4.723,-5.213,-5.642,-6.150,-6.546,-6.992,-7.376,-7.703,-7.902
460,-1.469,-1.591,-1.768,-1.970,-2.186,-2.487,-2.819,-3.211,-3.709,-4.172,-4.726,-5.217,-5.647,-6.156,-6.551,-6.997,-7.380,-7.697,-7.877
461,-1.469,-1.590,-1.767,-1.970,-2.185,-2.486,-2.820,-3.212,-3.711,-4.173,-4.727,-5.220,-5.652,-6.161,-6.554,-6.999,-7.383,-7.693,-7.893
462,-1.468,-1.589,-1.766,-1.970,-2.185,-2.486,-2.819,-3.212,-3.711,-4.173,-4.728,-5.220,-5.652,-6.162,-6.555,-7.001,-7.392,-7.704,-7.908
463,-1.471,-1.591,-1.768,-1.972,-2.188,-2.489,-2.823,-3.215,-3.715,-4.178,-4.732,-5.224,-5.655,-6.165,-6.557,-7.006,-7.401,-7.718,-7.925
464,-1.472,-1.593,-1.770,-1.973,-2.189,-2.491,-2.825,-3.218,-3.718,-4.181,-4.734,-5.225,-5.656,-6.166,-6.558,-7.007,-7.403,-7.719,-7.932
465,-1.471,-1.592,-1.769,-1.972,-2.187,-2.489,-2.823,-3.216,-3.716,-4.179,-4.733,-5.224,-5.654,-6.165,-6.559,-7.007,-7.403,-7.723,-7.946
466,-1.472,-1.594,-1.770,-1.972,-2.188,-2.490,-2.824,-3.217,-3.717,-4.180,-4.734,-5.225,-5.657,-6.166,-6.558,-7.002,-7.387,-7.685,-7.883
467,-1.477,-1.599,-1.775,-1.977,-2.192,-2.494,-2.828,-3.222,-3.722,-4.185,-4.739,-5.229,-5.663,-6.171,-6.563,-7.002,-7.381,-7.674,-7.845
468,-1.478,-1.599,-1.775,-1.978,-2.193,-2.494,-2.828,-3.222,-3.723,-4.186,-4.740,-5.230,-5.663,-6.171,-6.563,-7.000,-7.377,-7.682,-7.852
469,-1.476,-1.596,-1.773,-1.976,-2.190,-2.491,-2.826,-3.220,-3.721,-4.184,-4.738,-5.228,-5.660,-6.169,-6.560,-7.001,-7.377,-7.674,-7.826
470,-1.476,-1.596,-1.773,-1.975,-2.189,-2.491,-2.826,-3.221,-3.722,-4.185,-4.739,-5.229,-5.659,-6.169,-6.559,-7.001,-7.375,-7.665,-7.809
471,-1.476,-1.596,-1.773,-1.975,-2.190,-2.491,-2.827,-3.222,-3.724,-4.187,-4.741,-5.232,-5.662,-6.171,-6.559,-6.999,-7.374,-7.669,-7.815
472,-1.477,-1.597,-1.773,-1.976,-2.191,-2.493,-2.829,-3.224,-3.727,-4.190,-4.744,-5.236,-5.669,-6.178,-6.565,-7.003,-7.380,-7.667,-7.825
473,-1.478,-1.598,-1.775,-1.978,-2.192,-2.496,-2.831,-3.227,-3.730,-4.193,-4.748,-5.241,-5.674,-6.184,-6.570,-7.011,-7.383,-7.671,-7.829
474,-1.479,-1.600,-1.777,-1.979,-2.194,-2.497,-2.834,-3.230,-3.733,-4.197,-4.752,-5.243,-5.675,-6.185,-6.575,-7.021,-7.396,-7.692,-7.860
475,-1.481,-1.602,-1.779,-1.981,-2.197,-2.500,-2.837,-3.234,-3.737,-4.201,-4.756,-5.248,-5.679,-6.188,-6.580,-7.030,-7.404,-7.693,-7.866
476,-1.479,-1.600,-1.778,-1.980,-2.196,-2.500,-2.837,-3.234,-3.739,-4.203,-4.758,-5.252,-5.684,-6.195,-6.586,-7.031,-7.399,-7.684,-7.838
477,-1.478,-1.599,-1.777,-1.980,-2.196,-2.501,-2.839,-3.237,-3.742,-4.206,-4.762,-5.255,-5.687,-6.199,-6.593,-7.035,-7.405,-7.692,-7.845
478,-1.479,-1.600,-1.778,-1.981,-2.198,-2.503,-2.842,-3.241,-3.747,-4.211,-4.767,-5.260,-5.693,-6.205,-6.598,-7.039,-7.407,-7.694,-7.846
479,-1.479,-1.600,-1.779,-1.982,-2.200,-2.506,-2.846,-3.244,-3.750,-4.215,-4.771,-5.265,-5.698,-6.210,-6.601,-7.041,-7.410,-7.693,-7.831
480,-1.479,-1.601,-1.780,-1.984,-2.201,-2.508,-2.849,-3.248,-3.754,-4.218,-4.774,-5.268,-5.702,-6.215,-6.605,-7.043,-7.416,-7.697,-7.837
481,-1.481,-1.602,-1.782,-1.985,-2.202,-2.510,-2.852,-3.251,-3.758,-4.223,-4.779,-5.273,-5.709,-6.221,-6.612,-7.050,-7.422,-7.703,-7.835
482,-1.485,-1.606,-1.786,-1.988,-2.207,-2.515,-2.857,-3.257,-3.764,-4.229,-4.785,-5.279,-5.713,-6.225,-6.616,-7.057,-7.426,-7.700,-7.823
483,-1.490,-1.611,-1.791,-1.994,-2.212,-2.520,-2.862,-3.262,-3.770,-4.234,-4.790,-5.284,-5.717,-6.230,-6.622,-7.059,-7.427,-7.703,-7.823
484,-1.495,-1.616,-1.796,-1.999,-2.217,-2.526,-2.868,-3.269,-3.777,-4.242,-4.798,-5.292,-5.725,-6.237,-6.628,-7.066,-7.433,-7.712,-7.828
485,-1.502,-1.622,-1.802,-2.005,-2.223,-2.532,-2.875,-3.277,-3.785,-4.250,-4.806,-5.299,-5.733,-6.244,-6.634,-7.070,-7.436,-7.717,-7.827
486,-1.504,-1.624,-1.804,-2.007,-2.225,-2.534,-2.878,-3.280,-3.788,-4.253,-4.809,-5.301,-5.735,-6.247,-6.636,-7.071,-7.438,-7.713,-7.828
487,-1.504,-1.624,-1.804,-2.007,-2.225,-2.534,-2.878,-3.280,-3.789,-4.253,-4.810,-5.302,-5.735,-6.246,-6.635,-7.070,-7.434,-7.702,-7.820
488,-1.506,-1.627,-1.807,-2.010,-2.227,-2.537,-2.881,-3.283,-3.792,-4.256,-4.813,-5.305,-5.739,-6.249,-6.639,-7.073,-7.441,-7.703,-7.828
489,-1.508,-1.628,-1.808,-2.011,-2.229,-2.538,-2.883,-3.285,-3.795,-4.259,-4.815,-5.308,-5.742,-6.251,-6.639,-7.070,-7.433,-7.695,-7.817
490,-1.509,-1.628,-1.808,-2.011,-2.229,-2.539,-2.883,-3.286,-3.796,-4.261,-4.817,-5.309,-5.742,-6.252,-6.638,-7.069,-7.429,-7.685,-7.804
491,-1.505,-1.625,-1.805,-2.008,-2.226,-2.536,-2.881,-3.285,-3.795,-4.260,-4.816,-5.307,-5.739,-6.250,-6.636,-7.067,-7.425,-7.681,-7.803
492,-1.501,-1.620,-1.801,-2.004,-2.222,-2.532,-2.878,-3.282,-3.792,-4.257,-4.813,-5.304,-5.738,-6.249,-6.639,-7.073,-7.439,-7.698,-7.833
493,-1.497,-1.616,-1.798,-2.001,-2.218,-2.529,-2.876,-3.280,-3.791,-4.257,-4.813,-5.305,-5.740,-6.252,-6.639,-7.072,-7.436,-7.691,-7.827
494,-1.496,-1.615,-1.797,-1.999,-2.217,-2.529,-2.877,-3.282,-3.794,-4.260,-4.817,-5.309,-5.744,-6.255,-6.644,-7.076,-7.439,-7.693,-7.829
495,-1.497,-1.616,-1.797,-2.000,-2.219,-2.531,-2.879,-3.284,-3.796,-4.262,-4.819,-5.311,-5.746,-6.258,-6.647,-7.082,-7.445,-7.702,-7.838
496,-1.498,-1.618,-1.800,-2.003,-2.222,-2.533,-2.881,-3.287,-3.799,-4.265,-4.821,-5.314,-5.749,-6.262,-6.651,-7.086,-7.451,-7.713,-7.843
497,-1.503,-1.623,-1.804,-2.007,-2.226,-2.538,-2.885,-3.291,-3.803,-4.269,-4.826,-5.320,-5.755,-6.268,-6.660,-7.095,-7.462,-7.723,-7.855
498,-1.505,-1.625,-1.806,-2.009,-2.228,-2.541,-2.890,-3.297,-3.810,-4.276,-4.833,-5.327,-5.762,-6.275,-6.667,-7.106,-7.476,-7.738,-7.866
499,-1.509,-1.629,-1.811,-2.014,-2.234,-2.548,-2.898,-3.305,-3.819,-4.286,-4.843,-5.337,-5.772,-6.286,-6.680,-7.116,-7.485,-7.748,-7.870
500,-1.514,-1.634,-1.817,-2.021,-2.241,-2.555,-2.907,-3.315,-3.830,-4.297,-4.854,-5.349,-5.786,-6.300,-6.693,-7.127,-7.492,-7.746,-7.867
501,-1.519,-1.639,-1.823,-2.027,-2.248,-2.564,-2.917,-3.326,-3.841,-4.308,-4.867,-5.362,-5.801,-6.315,-6.707,-7.137,-7.499,-7.756,-7.873
502,-1.525,-1.646,-1.830,-2.035,-2.256,-2.573,-2.927,-3.336,-3.852,-4.320,-4.880,-5.377,-5.818,-6.332,-6.723,-7.148,-7.509,-7.761,-7.874
503,-1.530,-1.651,-1.836,-2.041,-2.262,-2.580,-2.935,-3.346,-3.863,-4.331,-4.890,-5.387,-5.827,-6.342,-6.733,-7.160,-7.521,-7.770,-7.884
504,-1.532,-1.653,-1.838,-2.044,-2.266,-2.585,-2.942,-3.354,-3.872,-4.340,-4.899,-5.396,-5.834,-6.350,-6.740,-7.167,-7.526,-7.769,-7.881
505,-1.535,-1.657,-1.842,-2.047,-2.270,-2.589,-2.947,-3.360,-3.878,-4.347,-4.907,-5.404,-5.841,-6.358,-6.748,-7.178,-7.537,-7.778,-7.888
506,-1.538,-1.659,-1.844,-2.050,-2.272,-2.592,-2.950,-3.363,-3.882,-4.350,-4.911,-5.408,-5.847,-6.364,-6.754,-7.183,-7.545,-7.788,-7.896
507,-1.539,-1.661,-1.846,-2.052,-2.275,-2.594,-2.952,-3.365,-3.884,-4.353,-4.913,-5.410,-5.850,-6.367,-6.758,-7.190,-7.552,-7.791,-7.901
508,-1.539,-1.660,-1.846,-2.052,-2.275,-2.595,-2.954,-3.367,-3.886,-4.355,-4.915,-5.413,-5.853,-6.369,-6.761,-7.194,-7.556,-7.797,-7.904
509,-1.536,-1.657,-1.843,-2.049,-2.272,-2.593,-2.953,-3.367,-3.887,-4.356,-4.917,-5.415,-5.855,-6.372,-6.762,-7.195,-7.554,-7.791,-7.898
510,-1.536,-1.657,-1.843,-2.049,-2.272,-2.592,-2.953,-3.368,-3.888,-4.358,-4.919,-5.417,-5.858,-6.375,-6.765,-7.199,-7.556,-7.789,-7.899
511,-1.539,-1.660,-1.846,-2.052,-2.275,-2.595,-2.956,-3.371,-3.891,-4.361,-4.922,-5.420,-5.861,-6.379,-6.770,-7.203,-7.555,-7.796,-7.910
512,-1.541,-1.662,-1.848,-2.054,-2.277,-2.598,-2.959,-3.373,-3.894,-4.363,-4.924,-5.422,-5.863,-6.381,-6.771,-7.204,-7.556,-7.794,-7.903
513,-1.545,-1.666,-1.852,-2.058,-2.281,-2.602,-2.962,-3.377,-3.898,-4.367,-4.928,-5.426,-5.867,-6.386,-6.773,-7.204,-7.555,-7.787,-7.890
514,-1.548,-1.669,-1.855,-2.061,-2.284,-2.605,-2.967,-3.382,-3.903,-4.373,-4.934,-5.431,-5.870,-6.388,-6.776,-7.209,-7.563,-7.800,-7.914
515,-1.553,-1.673,-1.860,-2.066,-2.289,-2.610,-2.972,-3.388,-3.910,-4.380,-4.941,-5.438,-5.876,-6.393,-6.780,-7.211,-7.559,-7.795,-7.914
516,-1.558,-1.678,-1.865,-2.071,-2.294,-2.617,-2.979,-3.395,-3.917,-4.388,-4.948,-5.444,-5.883,-6.401,-6.790,-7.220,-7.562,-7.803,-7.920
517,-1.560,-1.681,-1.869,-2.075,-2.298,-2.621,-2.984,-3.401,-3.923,-4.394,-4.954,-5.450,-5.889,-6.407,-6.798,-7.231,-7.575,-7.811,-7.940
518,-1.563,-1.683,-1.872,-2.078,-2.301,-2.624,-2.988,-3.406,-3.928,-4.399,-4.960,-5.457,-5.896,-6.415,-6.805,-7.236,-7.582,-7.820,-7.929
519,-1.564,-1.685,-1.873,-2.080,-2.304,-2.628,-2.992,-3.410,-3.934,-4.404,-4.966,-5.464,-5.904,-6.424,-6.812,-7.242,-7.585,-7.815,-7.916
520,-1.565,-1.686,-1.875,-2.081,-2.305,-2.630,-2.995,-3.414,-3.938,-4.409,-4.971,-5.469,-5.911,-6.430,-6.818,-7.247,-7.593,-7.817,-7.914
521,-1.565,-1.686,-1.876,-2.083,-2.307,-2.631,-2.998,-3.417,-3.942,-4.413,-4.975,-5.473,-5.915,-6.435,-6.825,-7.255,-7.604,-7.832,-7.925
522,-1.566,-1.687,-1.877,-2.084,-2.309,-2.634,-3.001,-3.421,-3.946,-4.418,-4.981,-5.479,-5.921,-6.441,-6.828,-7.253,-7.591,-7.815,-7.902
523,-1.567,-1.688,-1.878,-2.086,-2.310,-2.636,-3.005,-3.425,-3.951,-4.424,-4.987,-5.486,-5.926,-6.446,-6.835,-7.260,-7.606,-7.829,-7.916
524,-1.566,-1.688,-1.878,-2.086,-2.312,-2.639,-3.009,-3.431,-3.958,-4.430,-4.994,-5.493,-5.931,-6.449,-6.839,-7.265,-7.606,-7.824,-7.906
525,-1.567,-1.689,-1.880,-2.088,-2.315,-2.643,-3.014,-3.437,-3.965,-4.438,-5.002,-5.502,-5.943,-6.462,-6.851,-7.275,-7.607,-7.824,-7.906
526,-1.568,-1.690,-1.882,-2.091,-2.318,-2.648,-3.020,-3.444,-3.972,-4.446,-5.011,-5.512,-5.956,-6.477,-6.866,-7.286,-7.614,-7.836,-7.913
527,-1.568,-1.692,-1.884,-2.094,-2.322,-2.653,-3.026,-3.451,-3.980,-4.454,-5.020,-5.520,-5.964,-6.485,-6.875,-7.296,-7.622,-7.840,-7.923
528,-1.570,-1.694,-1.887,-2.097,-2.326,-2.658,-3.033,-3.458,-3.988,-4.463,-5.029,-5.532,-5.975,-6.496,-6.884,-7.307,-7.634,-7.852,-7.933
529,-1.573,-1.697,-1.891,-2.102,-2.331,-2.664,-3.041,-3.467,-3.998,-4.473,-5.040,-5.542,-5.984,-6.506,-6.894,-7.312,-7.633,-7.847,-7.929
530,-1.577,-1.702,-1.896,-2.107,-2.337,-2.671,-3.049,-3.476,-4.008,-4.483,-5.051,-5.552,-5.993,-6.515,-6.903,-7.322,-7.649,-7.869,-7.938
531,-1.578,-1.703,-1.898,-2.110,-2.341,-2.675,-3.054,-3.482,-4.014,-4.491,-5.059,-5.561,-6.003,-6.523,-6.911,-7.328,-7.652,-7.867,-7.930
532,-1.577,-1.702,-1.898,-2.110,-2.341,-2.676,-3.057,-3.485,-4.018,-4.494,-5.063,-5.564,-6.008,-6.528,-6.916,-7.337,-7.675,-7.892,-7.967
533,-1.577,-1.702,-1.898,-2.111,-2.341,-2.677,-3.058,-3.488,-4.020,-4.497,-5.066,-5.568,-6.011,-6.533,-6.920,-7.342,-7.678,-7.886,-7.958
534,-1.578,-1.703,-1.899,-2.111,-2.342,-2.679,-3.060,-3.490,-4.023,-4.500,-5.070,-5.573,-6.017,-6.540,-6.925,-7.343,-7.676,-7.888,-7.960
535,-1.579,-1.704,-1.900,-2.113,-2.344,-2.681,-3.062,-3.493,-4.027,-4.504,-5.074,-5.577,-6.022,-6.544,-6.930,-7.348,-7.682,-7.883,-7.943
536,-1.582,-1.707,-1.903,-2.116,-2.347,-2.684,-3.066,-3.498,-4.032,-4.509,-5.079,-5.582,-6.025,-6.548,-6.934,-7.346,-7.676,-7.874,-7.932
537,-1.584,-1.709,-1.906,-2.118,-2.350,-2.687,-3.069,-3.502,-4.036,-4.514,-5.084,-5.586,-6.026,-6.549,-6.934,-7.344,-7.671,-7.870,-7.925
538,-1.587,-1.712,-1.909,-2.121,-2.352,-2.690,-3.073,-3.505,-4.040,-4.519,-5.089,-5.591,-6.033,-6.555,-6.939,-7.346,-7.667,-7.858,-7.915
539,-1.590,-1.715,-1.911,-2.123,-2.355,-2.693,-3.077,-3.509,-4.045,-4.524,-5.093,-5.594,-6.038,-6.560,-6.944,-7.349,-7.660,-7.853,-7.898
540,-1.592,-1.717,-1.914,-2.127,-2.358,-2.696,-3.081,-3.514,-4.050,-4.528,-5.097,-5.598,-6.042,-6.563,-6.944,-7.346,-7.643,-7.827,-7.869
541,-1.595,-1.720,-1.917,-2.130,-2.361,-2.700,-3.085,-3.518,-4.055,-4.534,-5.103,-5.606,-6.049,-6.569,-6.950,-7.350,-7.647,-7.826,-7.869
542,-1.598,-1.723,-1.920,-2.134,-2.366,-2.705,-3.091,-3.525,-4.062,-4.542,-5.112,-5.616,-6.058,-6.576,-6.952,-7.355,-7.653,-7.822,-7.866
543,-1.601,-1.726,-1.924,-2.138,-2.370,-2.710,-3.097,-3.531,-4.069,-4.549,-5.121,-5.625,-6.066,-6.584,-6.958,-7.355,-7.644,-7.812,-7.852
544,-1.604,-1.729,-1.928,-2.141,-2.373,-2.714,-3.101,-3.536,-4.075,-4.556,-5.127,-5.632,-6.072,-6.589,-6.965,-7.357,-7.650,-7.818,-7.847
545,-1.606,-1.731,-1.930,-2.143,-2.376,-2.717,-3.106,-3.541,-4.080,-4.562,-5.133,-5.636,-6.076,-6.595,-6.972,-7.365,-7.656,-7.826,-7.847
546,-1.607,-1.732,-1.932,-2.145,-2.379,-2.720,-3.110,-3.545,-4.086,-4.567,-5.138,-5.642,-6.084,-6.602,-6.978,-7.367,-7.655,-7.826,-7.844
547,-1.607,-1.733,-1.933,-2.147,-2.380,-2.722,-3.113,-3.549,-4.090,-4.572,-5.144,-5.650,-6.093,-6.608,-6.978,-7.363,-7.643,-7.811,-7.825
548,-1.607,-1.733,-1.934,-2.148,-2.381,-2.724,-3.115,-3.552,-4.093,-4.576,-5.149,-5.654,-6.098,-6.613,-6.983,-7.369,-7.648,-7.810,-7.824
549,-1.608,-1.734,-1.935,-2.149,-2.383,-2.726,-3.117,-3.555,-4.097,-4.579,-5.153,-5.658,-6.101,-6.615,-6.985,-7.366,-7.637,-7.795,-7.804
550,-1.609,-1.735,-1.936,-2.151,-2.385,-2.728,-3.120,-3.558,-4.100,-4.583,-5.156,-5.662,-6.103,-6.618,-6.985,-7.365,-7.632,-7.785,-7.798
551,-1.609,-1.736,-1.937,-2.152,-2.386,-2.730,-3.123,-3.561,-4.103,-4.587,-5.161,-5.666,-6.105,-6.621,-6.988,-7.360,-7.624,-7.763,-7.775
552,-1.610,-1.737,-1.938,-2.153,-2.388,-2.731,-3.125,-3.564,-4.107,-4.591,-5.164,-5.669,-6.110,-6.623,-6.982,-7.350,-7.597,-7.731,-7.739
553,-1.612,-1.739,-1.940,-2.156,-2.389,-2.734,-3.129,-3.568,-4.112,-4.595,-5.169,-5.673,-6.115,-6.625,-6.980,-7.327,-7.560,-7.683,-7.677
554,-1.615,-1.741,-1.943,-2.158,-2.393,-2.738,-3.133,-3.572,-4.117,-4.601,-5.176,-5.681,-6.122,-6.627,-6.974,-7.301,-7.518,-7.631,-7.611
555,-1.618,-1.744,-1.946,-2.163,-2.398,-2.744,-3.139,-3.579,-4.123,-4.608,-5.183,-5.687,-6.126,-6.628,-6.972,-7.283,-7.485,-7.581,-7.568
556,-1.622,-1.749,-1.951,-2.168,-2.404,-2.750,-3.146,-3.587,-4.132,-4.617,-5.192,-5.695,-6.131,-6.631,-6.967,-7.273,-7.466,-7.550,-7.530
557,-1.627,-1.754,-1.957,-2.174,-2.410,-2.757,-3.154,-3.594,-4.141,-4.627,-5.202,-5.704,-6.140,-6.635,-6.967,-7.265,-7.450,-7.536,-7.511
558,-1.631,-1.759,-1.962,-2.179,-2.415,-2.763,-3.162,-3.602,-4.150,-4.636,-5.211,-5.716,-6.150,-6.639,-6.967,-7.259,-7.443,-7.530,-7.503
559,-1.635,-1.763,-1.967,-2.185,-2.421,-2.769,-3.169,-3.611,-4.159,-4.645,-5.221,-5.725,-6.159,-6.646,-6.969,-7.257,-7.438,-7.526,-7.499
560,-1.641,-1.769,-1.974,-2.192,-2.429,-2.779,-3.178,-3.622,-4.170,-4.657,-5.233,-5.736,-6.170,-6.658,-6.977,-7.267,-7.451,-7.532,-7.506
561,-1.647,-1.775,-1.981,-2.199,-2.437,-2.788,-3.189,-3.633,-4.181,-4.669,-5.246,-5.750,-6.184,-6.672,-6.993,-7.288,-7.473,-7.552,-7.527
562,-1.653,-1.781,-1.988,-2.208,-2.446,-2.796,-3.200,-3.645,-4.194,-4.682,-5.259,-5.762,-6.197,-6.691,-7.018,-7.327,-7.514,-7.595,-7.580
563,-1.657,-1.786,-1.993,-2.213,-2.452,-2.804,-3.209,-3.654,-4.204,-4.692,-5.271,-5.775,-6.215,-6.718,-7.056,-7.378,-7.585,-7.675,-7.660
564,-1.661,-1.791,-1.998,-2.219,-2.459,-2.811,-3.217,-3.663,-4.214,-4.704,-5.283,-5.791,-6.234,-6.742,-7.089,-7.423,-7.635,-7.738,-7.723
565,-1.668,-1.797,-2.006,-2.227,-2.467,-2.820,-3.227,-3.673,-4.226,-4.716,-5.296,-5.807,-6.252,-6.761,-7.112,-7.447,-7.665,-7.776,-7.761
566,-1.674,-1.803,-2.012,-2.234,-2.475,-2.829,-3.237,-3.684,-4.236,-4.727,-5.309,-5.820,-6.266,-6.778,-7.134,-7.470,-7.689,-7.808,-7.801
567,-1.680,-1.811,-2.020,-2.243,-2.484,-2.838,-3.247,-3.695,-4.248,-4.739,-5.322,-5.832,-6.268,-6.776,-7.131,-7.465,-7.680,-7.800,-7.794
568,-1.688,-1.819,-2.028,-2.251,-2.493,-2.848,-3.257,-3.706,-4.260,-4.752,-5.334,-5.845,-6.277,-6.788,-7.142,-7.484,-7.696,-7.809,-7.812
569,-1.694,-1.826,-2.036,-2.260,-2.501,-2.857,-3.267,-3.717,-4.271,-4.763,-5.346,-5.853,-6.290,-6.802,-7.155,-7.505,-7.724,-7.839,-7.856
570,-1.700,-1.832,-2.043,-2.267,-2.509,-2.863,-3.275,-3.725,-4.280,-4.771,-5.351,-5.860,-6.307,-6.820,-7.173,-7.525,-7.747,-7.850,-7.867
571,-1.705,-1.838,-2.049,-2.274,-2.515,-2.870,-3.283,-3.733,-4.288,-4.780,-5.361,-5.875,-6.324,-6.839,-7.191,-7.537,-7.750,-7.866,-7.881
572,-1.711,-1.843,-2.055,-2.280,-2.522,-2.877,-3.291,-3.741,-4.297,-4.790,-5.375,-5.892,-6.341,-6.859,-7.208,-7.546,-7.747,-7.869,-7.873
573,-1.717,-1.848,-2.061,-2.286,-2.528,-2.883,-3.297,-3.749,-4.305,-4.798,-5.384,-5.903,-6.355,-6.874,-7.224,-7.559,-7.770,-7.882,-7.894
574,-1.721,-1.853,-2.065,-2.291,-2.533,-2.888,-3.303,-3.754,-4.311,-4.805,-5.391,-5.910,-6.360,-6.878,-7.226,-7.559,-7.762,-7.856,-7.867
575,-1.723,-1.856,-2.068,-2.294,-2.536,-2.890,-3.305,-3.757,-4.315,-4.809,-5.395,-5.913,-6.362,-6.877,-7.227,-7.566,-7.774,-7.872,-7.888
576,-1.723,-1.856,-2.069,-2.294,-2.535,-2.890,-3.305,-3.757,-4.314,-4.808,-5.396,-5.912,-6.361,-6.876,-7.228,-7.571,-7.776,-7.880,-7.898
577,-1.721,-1.853,-2.066,-2.292,-2.533,-2.887,-3.303,-3.755,-4.312,-4.806,-5.393,-5.910,-6.358,-6.871,-7.218,-7.555,-7.758,-7.856,-7.865
578,-1.719,-1.852,-2.065,-2.290,-2.531,-2.886,-3.301,-3.753,-4.311,-4.805,-5.392,-5.908,-6.357,-6.869,-7.216,-7.554,-7.757,-7.851,-7.866
579,-1.717,-1.849,-2.062,-2.288,-2.529,-2.883,-3.299,-3.750,-4.309,-4.802,-5.389,-5.905,-6.353,-6.866,-7.213,-7.554,-7.757,-7.847,-7.867
580,-1.713,-1.845,-2.058,-2.283,-2.523,-2.877,-3.292,-3.744,-4.303,-4.797,-5.384,-5.898,-6.346,-6.860,-7.211,-7.547,-7.754,-7.850,-7.864
581,-1.708,-1.839,-2.052,-2.276,-2.516,-2.870,-3.285,-3.737,-4.295,-4.791,-5.376,-5.890,-6.339,-6.854,-7.205,-7.538,-7.744,-7.845,-7.852
582,-1.705,-1.837,-2.049,-2.273,-2.512,-2.865,-3.279,-3.730,-4.289,-4.785,-5.371,-5.884,-6.333,-6.847,-7.198,-7.536,-7.745,-7.851,-7.857
583,-1.703,-1.835,-2.047,-2.271,-2.510,-2.863,-3.277,-3.727,-4.286,-4.783,-5.368,-5.879,-6.327,-6.841,-7.195,-7.529,-7.747,-7.851,-7.847
584,-1.702,-1.833,-2.046,-2.269,-2.508,-2.861,-3.275,-3.725,-4.285,-4.782,-5.366,-5.877,-6.323,-6.836,-7.190,-7.520,-7.740,-7.840,-7.835
585,-1.703,-1.833,-2.045,-2.268,-2.507,-2.860,-3.274,-3.724,-4.284,-4.781,-5.365,-5.875,-6.321,-6.835,-7.187,-7.516,-7.737,-7.836,-7.842
586,-1.708,-1.838,-2.048,-2.270,-2.508,-2.860,-3.273,-3.724,-4.283,-4.780,-5.364,-5.873,-6.318,-6.833,-7.182,-7.510,-7.726,-7.819,-7.827
587,-1.715,-1.844,-2.054,-2.276,-2.512,-2.864,-3.276,-3.727,-4.287,-4.783,-5.365,-5.871,-6.315,-6.829,-7.178,-7.506,-7.721,-7.813,-7.827
588,-1.721,-1.851,-2.060,-2.281,-2.517,-2.867,-3.280,-3.731,-4.292,-4.787,-5.368,-5.873,-6.315,-6.829,-7.179,-7.509,-7.718,-7.806,-7.815
589,-1.732,-1.860,-2.069,-2.290,-2.525,-2.875,-3.288,-3.739,-4.300,-4.796,-5.377,-5.882,-6.326,-6.834,-7.184,-7.504,-7.704,-7.791,-7.787
590,-1.741,-1.870,-2.079,-2.299,-2.534,-2.882,-3.296,-3.747,-4.309,-4.807,-5.387,-5.894,-6.339,-6.845,-7.192,-7.504,-7.699,-7.787,-7.777
591,-1.750,-1.880,-2.088,-2.307,-2.542,-2.890,-3.305,-3.756,-4.319,-4.818,-5.398,-5.905,-6.350,-6.858,-7.193,-7.513,-7.696,-7.779,-7.770
592,-1.759,-1.889,-2.097,-2.316,-2.551,-2.899,-3.315,-3.767,-4.330,-4.829,-5.410,-5.917,-6.362,-6.869,-7.202,-7.518,-7.704,-7.788,-7.780
593,-1.765,-1.895,-2.104,-2.324,-2.559,-2.907,-3.323,-3.776,-4.340,-4.840,-5.423,-5.930,-6.373,-6.877,-7.208,-7.520,-7.702,-7.784,-7.774
594,-1.765,-1.896,-2.105,-2.325,-2.561,-2.910,-3.326,-3.779,-4.344,-4.845,-5.428,-5.937,-6.380,-6.884,-7.215,-7.527,-7.713,-7.797,-7.793
595,-1.762,-1.892,-2.102,-2.323,-2.558,-2.909,-3.326,-3.778,-4.345,-4.846,-5.432,-5.944,-6.388,-6.891,-7.219,-7.531,-7.710,-7.794,-7.788
596,-1.758,-1.889,-2.099,-2.320,-2.557,-2.908,-3.326,-3.779,-4.346,-4.849,-5.437,-5.950,-6.395,-6.898,-7.227,-7.533,-7.719,-7.803,-7.806
597,-1.755,-1.886,-2.097,-2.319,-2.557,-2.909,-3.328,-3.781,-4.348,-4.852,-5.440,-5.955,-6.400,-6.906,-7.238,-7.543,-7.737,-7.819,-7.833
598,-1.753,-1.883,-2.095,-2.318,-2.557,-2.911,-3.330,-3.784,-4.351,-4.856,-5.445,-5.960,-6.405,-6.913,-7.250,-7.559,-7.753,-7.852,-7.858
599,-1.750,-1.881,-2.094,-2.318,-2.557,-2.912,-3.331,-3.786,-4.354,-4.859,-5.450,-5.964,-6.408,-6.917,-7.254,-7.567,-7.763,-7.855,-7.867
600,-1.747,-1.878,-2.092,-2.316,-2.557,-2.912,-3.332,-3.786,-4.354,-4.861,-5.452,-5.966,-6.412,-6.921,-7.263,-7.578,-7.778,-7.877,-7.886
601,-1.744,-1.875,-2.090,-2.314,-2.555,-2.912,-3.331,-3.785,-4.353,-4.861,-5.452,-5.967,-6.414,-6.923,-7.269,-7.582,-7.786,-7.882,-7.894
602,-1.740,-1.871,-2.086,-2.311,-2.552,-2.910,-3.330,-3.784,-4.351,-4.859,-5.451,-5.966,-6.413,-6.924,-7.271,-7.592,-7.791,-7.894,-7.902
603,-1.737,-1.867,-2.083,-2.308,-2.550,-2.908,-3.328,-3.781,-4.349,-4.858,-5.450,-5.964,-6.410,-6.922,-7.271,-7.592,-7.802,-7.912,-7.914
604,-1.734,-1.864,-2.081,-2.305,-2.547,-2.906,-3.326,-3.779,-4.347,-4.856,-5.448,-5.962,-6.407,-6.920,-7.270,-7.591,-7.804,-7.906,-7.901
605,-1.731,-1.861,-2.078,-2.302,-2.544,-2.902,-3.322,-3.775,-4.343,-4.853,-5.445,-5.959,-6.404,-6.917,-7.268,-7.591,-7.802,-7.902,-7.888
606,-1.728,-1.858,-2.074,-2.299,-2.541,-2.899,-3.318,-3.770,-4.339,-4.849,-5.441,-5.954,-6.399,-6.914,-7.264,-7.590,-7.804,-7.907,-7.898
607,-1.725,-1.855,-2.072,-2.296,-2.538,-2.895,-3.314,-3.766,-4.334,-4.845,-5.437,-5.950,-6.394,-6.909,-7.260,-7.589,-7.800,-7.908,-7.902
608,-1.723,-1.852,-2.069,-2.293,-2.534,-2.892,-3.310,-3.761,-4.329,-4.840,-5.432,-5.944,-6.387,-6.904,-7.254,-7.585,-7.803,-7.906,-7.896
609,-1.721,-1.850,-2.067,-2.291,-2.531,-2.888,-3.305,-3.756,-4.324,-4.835,-5.427,-5.937,-6.382,-6.896,-7.248,-7.584,-7.798,-7.910,-7.901
610,-1.721,-1.849,-2.065,-2.289,-2.529,-2.884,-3.301,-3.751,-4.320,-4.830,-5.422,-5.931,-6.377,-6.890,-7.244,-7.583,-7.795,-7.901,-7.899
611,-1.720,-1.848,-2.063,-2.286,-2.526,-2.881,-3.296,-3.746,-4.315,-4.825,-5.418,-5.925,-6.371,-6.887,-7.240,-7.580,-7.789,-7.892,-7.893
612,-1.720,-1.847,-2.062,-2.284,-2.523,-2.877,-3.292,-3.741,-4.310,-4.821,-5.413,-5.920,-6.366,-6.882,-7.237,-7.576,-7.794,-7.895,-7.894
613,-1.720,-1.846,-2.060,-2.282,-2.520,-2.874,-3.288,-3.736,-4.305,-4.815,-5.407,-5.915,-6.360,-6.879,-7.237,-7.580,-7.798,-7.900,-7.901
614,-1.719,-1.845,-2.059,-2.279,-2.517,-2.870,-3.283,-3.731,-4.300,-4.810,-5.401,-5.910,-6.355,-6.873,-7.229,-7.570,-7.789,-7.887,-7.880
615,-1.718,-1.844,-2.057,-2.277,-2.514,-2.867,-3.279,-3.727,-4.295,-4.805,-5.397,-5.905,-6.351,-6.869,-7.227,-7.575,-7.799,-7.895,-7.887
616,-1.717,-1.843,-2.056,-2.276,-2.512,-2.864,-3.275,-3.722,-4.290,-4.801,-5.393,-5.902,-6.347,-6.867,-7.226,-7.583,-7.808,-7.904,-7.907
617,-1.717,-1.842,-2.055,-2.275,-2.511,-2.861,-3.271,-3.717,-4.285,-4.797,-5.390,-5.897,-6.342,-6.863,-7.225,-7.581,-7.800,-7.897,-7.895
618,-1.715,-1.839,-2.052,-2.272,-2.507,-2.856,-3.265,-3.712,-4.280,-4.791,-5.384,-5.891,-6.336,-6.857,-7.222,-7.577,-7.800,-7.909,-7.896
619,-1.713,-1.837,-2.050,-2.269,-2.504,-2.852,-3.261,-3.707,-4.275,-4.786,-5.378,-5.886,-6.328,-6.848,-7.207,-7.557,-7.783,-7.882,-7.864
620,-1.713,-1.837,-2.050,-2.268,-2.502,-2.850,-3.259,-3.705,-4.273,-4.784,-5.374,-5.883,-6.326,-6.846,-7.203,-7.552,-7.776,-7.869,-7.858
621,-1.713,-1.836,-2.049,-2.266,-2.500,-2.848,-3.256,-3.702,-4.270,-4.781,-5.371,-5.880,-6.322,-6.841,-7.200,-7.549,-7.779,-7.876,-7.864
622,-1.712,-1.836,-2.049,-2.266,-2.498,-2.846,-3.254,-3.700,-4.268,-4.779,-5.369,-5.878,-6.320,-6.839,-7.200,-7.552,-7.777,-7.869,-7.863
623,-1.714,-1.837,-2.049,-2.266,-2.499,-2.845,-3.253,-3.698,-4.266,-4.777,-5.367,-5.877,-6.318,-6.835,-7.190,-7.531,-7.744,-7.840,-7.834
624,-1.717,-1.841,-2.052,-2.270,-2.502,-2.847,-3.254,-3.700,-4.268,-4.779,-5.368,-5.878,-6.318,-6.830,-7.175,-7.500,-7.705,-7.796,-7.785
625,-1.722,-1.846,-2.057,-2.275,-2.506,-2.851,-3.258,-3.703,-4.271,-4.783,-5.371,-5.879,-6.318,-6.827,-7.158,-7.470,-7.670,-7.755,-7.752
626,-1.728,-1.852,-2.063,-2.280,-2.511,-2.855,-3.262,-3.707,-4.275,-4.785,-5.372,-5.880,-6.317,-6.819,-7.138,-7.443,-7.631,-7.710,-7.710
627,-1.735,-1.858,-2.068,-2.286,-2.517,-2.858,-3.266,-3.711,-4.278,-4.787,-5.374,-5.879,-6.315,-6.816,-7.133,-7.435,-7.628,-7.703,-7.714
628,-1.739,-1.861,-2.072,-2.289,-2.519,-2.860,-3.267,-3.712,-4.280,-4.788,-5.374,-5.878,-6.314,-6.808,-7.116,-7.414,-7.605,-7.683,-7.695
629,-1.741,-1.863,-2.074,-2.290,-2.519,-2.859,-3.265,-3.709,-4.278,-4.786,-5.372,-5.876,-6.311,-6.800,-7.101,-7.393,-7.578,-7.662,-7.672
630,-1.740,-1.863,-2.073,-2.288,-2.516,-2.856,-3.262,-3.707,-4.275,-4.783,-5.369,-5.872,-6.306,-6.791,-7.089,-7.376,-7.559,-7.644,-7.651
631,-1.737,-1.859,-2.069,-2.284,-2.513,-2.852,-3.258,-3.703,-4.271,-4.779,-5.365,-5.867,-6.298,-6.781,-7.078,-7.362,-7.544,-7.636,-7.641
632,-1.734,-1.856,-2.066,-2.281,-2.509,-2.849,-3.255,-3.698,-4.267,-4.774,-5.359,-5.861,-6.290,-6.775,-7.074,-7.360,-7.540,-7.633,-7.642
633,-1.731,-1.853,-2.063,-2.278,-2.506,-2.844,-3.249,-3.691,-4.258,-4.767,-5.351,-5.851,-6.278,-6.768,-7.073,-7.365,-7.552,-7.645,-7.652
634,-1.726,-1.848,-2.057,-2.271,-2.499,-2.835,-3.239,-3.681,-4.247,-4.756,-5.341,-5.839,-6.267,-6.763,-7.077,-7.370,-7.565,-7.659,-7.671
635,-1.720,-1.840,-2.049,-2.262,-2.489,-2.825,-3.228,-3.669,-4.235,-4.745,-5.331,-5.831,-6.260,-6.756,-7.072,-7.374,-7.573,-7.670,-7.685
636,-1.714,-1.833,-2.041,-2.254,-2.479,-2.815,-3.217,-3.657,-4.223,-4.734,-5.320,-5.820,-6.252,-6.751,-7.077,-7.390,-7.591,-7.702,-7.717
637,-1.708,-1.826,-2.034,-2.246,-2.471,-2.806,-3.207,-3.646,-4.211,-4.723,-5.310,-5.809,-6.245,-6.744,-7.074,-7.396,-7.596,-7.713,-7.725
638,-1.702,-1.820,-2.027,-2.238,-2.463,-2.798,-3.197,-3.635,-4.200,-4.712,-5.300,-5.798,-6.236,-6.738,-7.070,-7.390,-7.583,-7.700,-7.719
639,-1.699,-1.816,-2.023,-2.233,-2.456,-2.791,-3.189,-3.625,-4.189,-4.703,-5.290,-5.788,-6.228,-6.736,-7.077,-7.410,-7.615,-7.722,-7.750
640,-1.694,-1.812,-2.019,-2.229,-2.452,-2.786,-3.182,-3.617,-4.180,-4.695,-5.282,-5.780,-6.221,-6.734,-7.082,-7.427,-7.650,-7.759,-7.782
641,-1.690,-1.807,-2.014,-2.224,-2.447,-2.781,-3.176,-3.610,-4.173,-4.689,-5.275,-5.773,-6.211,-6.725,-7.073,-7.423,-7.648,-7.760,-7.790
642,-1.687,-1.804,-2.010,-2.219,-2.443,-2.777,-3.172,-3.606,-4.169,-4.684,-5.270,-5.768,-6.204,-6.719,-7.069,-7.424,-7.649,-7.773,-7.802
643,-1.688,-1.804,-2.008,-2.218,-2.440,-2.773,-3.168,-3.602,-4.165,-4.680,-5.266,-5.764,-6.200,-6.718,-7.073,-7.443,-7.673,-7.801,-7.824
644,-1.692,-1.808,-2.012,-2.220,-2.441,-2.772,-3.166,-3.600,-4.163,-4.678,-5.264,-5.761,-6.197,-6.717,-7.073,-7.450,-7.679,-7.802,-7.818
645,-1.698,-1.814,-2.016,-2.224,-2.444,-2.774,-3.166,-3.599,-4.161,-4.677,-5.262,-5.760,-6.198,-6.719,-7.077,-7.458,-7.701,-7.828,-7.835
646,-1.702,-1.817,-2.019,-2.227,-2.446,-2.775,-3.165,-3.599,-4.161,-4.677,-5.262,-5.759,-6.197,-6.719,-7.085,-7.472,-7.723,-7.869,-7.872
647,-1.706,-1.821,-2.022,-2.229,-2.448,-2.774,-3.166,-3.599,-4.161,-4.677,-5.262,-5.759,-6.197,-6.717,-7.081,-7.467,-7.725,-7.864,-7.874
648,-1.710,-1.825,-2.026,-2.232,-2.449,-2.775,-3.167,-3.599,-4.161,-4.677,-5.261,-5.757,-6.192,-6.710,-7.067,-7.441,-7.690,-7.812,-7.843
649,-1.711,-1.827,-2.028,-2.233,-2.450,-2.775,-3.167,-3.598,-4.160,-4.675,-5.260,-5.754,-6.190,-6.707,-7.060,-7.434,-7.683,-7.785,-7.827
650,-1.713,-1.829,-2.029,-2.233,-2.451,-2.774,-3.165,-3.596,-4.159,-4.673,-5.258,-5.752,-6.190,-6.705,-7.058,-7.426,-7.662,-7.768,-7.803
651,-1.715,-1.830,-2.029,-2.234,-2.450,-2.773,-3.163,-3.595,-4.157,-4.672,-5.257,-5.751,-6.188,-6.703,-7.057,-7.426,-7.661,-7.776,-7.813
652,-1.717,-1.831,-2.030,-2.234,-2.450,-2.773,-3.162,-3.593,-4.155,-4.669,-5.254,-5.749,-6.185,-6.702,-7.058,-7.429,-7.673,-7.794,-7.822
653,-1.717,-1.831,-2.030,-2.234,-2.449,-2.772,-3.160,-3.590,-4.151,-4.666,-5.251,-5.745,-6.180,-6.698,-7.053,-7.421,-7.682,-7.781,-7.826
654,-1.716,-1.829,-2.029,-2.233,-2.448,-2.771,-3.158,-3.588,-4.149,-4.664,-5.248,-5.742,-6.177,-6.697,-7.048,-7.420,-7.673,-7.776,-7.804
655,-1.714,-1.826,-2.026,-2.230,-2.445,-2.768,-3.155,-3.584,-4.145,-4.659,-5.244,-5.737,-6.172,-6.688,-7.038,-7.399,-7.642,-7.738,-7.747
656,-1.711,-1.823,-2.023,-2.227,-2.442,-2.765,-3.151,-3.579,-4.139,-4.655,-5.239,-5.732,-6.168,-6.687,-7.042,-7.416,-7.668,-7.788,-7.791
657,-1.708,-1.819,-2.019,-2.224,-2.439,-2.761,-3.146,-3.573,-4.133,-4.649,-5.234,-5.727,-6.162,-6.682,-7.041,-7.416,-7.670,-7.788,-7.776
658,-1.703,-1.813,-2.013,-2.217,-2.432,-2.755,-3.139,-3.565,-4.124,-4.640,-5.225,-5.715,-6.150,-6.668,-7.029,-7.402,-7.669,-7.777,-7.770
659,-1.698,-1.809,-2.008,-2.212,-2.426,-2.749,-3.134,-3.558,-4.117,-4.632,-5.215,-5.704,-6.134,-6.652,-7.015,-7.389,-7.649,-7.779,-7.765
660,-1.691,-1.803,-2.002,-2.205,-2.420,-2.742,-3.126,-3.550,-4.109,-4.624,-5.206,-5.691,-6.117,-6.636,-7.000,-7.381,-7.636,-7.769,-7.769
661,-1.683,-1.794,-1.993,-2.196,-2.412,-2.734,-3.116,-3.539,-4.098,-4.614,-5.196,-5.678,-6.106,-6.626,-6.991,-7.379,-7.624,-7.769,-7.762
662,-1.675,-1.785,-1.984,-2.187,-2.403,-2.725,-3.106,-3.528,-4.086,-4.603,-5.188,-5.672,-6.101,-6.621,-6.989,-7.372,-7.635,-7.773,-7.778
663,-1.669,-1.777,-1.977,-2.180,-2.395,-2.718,-3.098,-3.518,-4.075,-4.594,-5.180,-5.668,-6.098,-6.619,-6.987,-7.378,-7.652,-7.792,-7.804
664,-1.664,-1.773,-1.973,-2.175,-2.391,-2.713,-3.092,-3.511,-4.067,-4.587,-5.173,-5.660,-6.090,-6.612,-6.983,-7.380,-7.669,-7.799,-7.821
665,-1.659,-1.768,-1.968,-2.171,-2.386,-2.708,-3.087,-3.506,-4.061,-4.581,-5.167,-5.653,-6.085,-6.608,-6.980,-7.381,-7.680,-7.820,-7.846
666,-1.654,-1.762,-1.962,-2.165,-2.380,-2.702,-3.081,-3.499,-4.055,-4.575,-5.160,-5.645,-6.078,-6.601,-6.973,-7.380,-7.672,-7.817,-7.837
667,-1.651,-1.759,-1.960,-2.161,-2.376,-2.698,-3.077,-3.495,-4.050,-4.570,-5.155,-5.640,-6.071,-6.596,-6.969,-7.378,-7.673,-7.803,-7.845
668,-1.649,-1.758,-1.958,-2.160,-2.374,-2.695,-3.073,-3.490,-4.045,-4.565,-5.150,-5.635,-6.064,-6.589,-6.963,-7.372,-7.663,-7.803,-7.850
669,-1.648,-1.756,-1.956,-2.158,-2.371,-2.692,-3.069,-3.486,-4.041,-4.561,-5.146,-5.629,-6.058,-6.582,-6.960,-7.372,-7.679,-7.819,-7.855
670,-1.647,-1.753,-1.954,-2.155,-2.368,-2.689,-3.065,-3.482,-4.036,-4.556,-5.141,-5.624,-6.053,-6.577,-6.955,-7.367,-7.675,-7.811,-7.843
671,-1.647,-1.753,-1.953,-2.154,-2.367,-2.687,-3.063,-3.479,-4.033,-4.553,-5.138,-5.622,-6.049,-6.573,-6.953,-7.365,-7.680,-7.824,-7.860
672,-1.648,-1.755,-1.953,-2.154,-2.368,-2.687,-3.063,-3.478,-4.031,-4.551,-5.137,-5.620,-6.048,-6.571,-6.947,-7.357,-7.670,-7.824,-7.857
673,-1.648,-1.754,-1.953,-2.154,-2.367,-2.686,-3.061,-3.476,-4.029,-4.550,-5.134,-5.617,-6.044,-6.567,-6.940,-7.348,-7.648,-7.802,-7.820
674,-1.649,-1.755,-1.954,-2.154,-2.367,-2.686,-3.060,-3.474,-4.026,-4.548,-5.132,-5.614,-6.040,-6.564,-6.940,-7.352,-7.652,-7.814,-7.848
675,-1.649,-1.756,-1.954,-2.154,-2.367,-2.685,-3.058,-3.472,-4.024,-4.545,-5.129,-5.611,-6.037,-6.559,-6.935,-7.350,-7.658,-7.830,-7.852
676,-1.648,-1.754,-1.952,-2.152,-2.365,-2.683,-3.056,-3.469,-4.020,-4.542,-5.125,-5.607,-6.032,-6.556,-6.928,-7.344,-7.641,-7.829,-7.825
677,-1.646,-1.751,-1.949,-2.149,-2.361,-2.678,-3.052,-3.465,-4.016,-4.538,-5.121,-5.603,-6.028,-6.552,-6.926,-7.337,-7.640,-7.826,-7.842
678,-1.645,-1.750,-1.948,-2.148,-2.360,-2.677,-3.050,-3.462,-4.013,-4.534,-5.118,-5.599,-6.025,-6.548,-6.921,-7.336,-7.633,-7.824,-7.854
679,-1.646,-1.750,-1.949,-2.148,-2.360,-2.677,-3.049,-3.461,-4.012,-4.533,-5.117,-5.597,-6.024,-6.546,-6.918,-7.329,-7.623,-7.820,-7.853
680,-1.647,-1.750,-1.949,-2.148,-2.360,-2.676,-3.047,-3.459,-4.011,-4.532,-5.117,-5.596,-6.023,-6.546,-6.914,-7.324,-7.610,-7.800,-7.823
681,-1.647,-1.750,-1.949,-2.147,-2.360,-2.676,-3.047,-3.458,-4.009,-4.532,-5.116,-5.595,-6.021,-6.543,-6.914,-7.320,-7.600,-7.781,-7.805
682,-1.647,-1.751,-1.949,-2.148,-2.360,-2.674,-3.046,-3.456,-4.008,-4.530,-5.114,-5.592,-6.019,-6.541,-6.911,-7.315,-7.612,-7.767,-7.793
683,-1.653,-1.757,-1.955,-2.155,-2.366,-2.680,-3.052,-3.462,-4.013,-4.535,-5.119,-5.597,-6.021,-6.542,-6.911,-7.319,-7.605,-7.756,-7.772
684,-1.667,-1.773,-1.970,-2.170,-2.382,-2.695,-3.066,-3.478,-4.029,-4.549,-5.134,-5.613,-6.035,-6.552,-6.917,-7.321,-7.602,-7.736,-7.767
685,-1.684,-1.791,-1.989,-2.189,-2.399,-2.713,-3.085,-3.497,-4.049,-4.568,-5.153,-5.633,-6.056,-6.570,-6.928,-7.327,-7.607,-7.730,-7.746
686,-1.704,-1.811,-2.010,-2.210,-2.419,-2.733,-3.107,-3.519,-4.072,-4.591,-5.175,-5.657,-6.079,-6.589,-6.949,-7.338,-7.602,-7.727,-7.732
687,-1.726,-1.833,-2.032,-2.232,-2.441,-2.755,-3.129,-3.544,-4.098,-4.615,-5.197,-5.682,-6.103,-6.611,-6.971,-7.359,-7.632,-7.730,-7.742
688,-1.744,-1.852,-2.050,-2.251,-2.460,-2.772,-3.148,-3.564,-4.118,-4.635,-5.216,-5.701,-6.124,-6.636,-6.988,-7.363,-7.641,-7.747,-7.743
689,-1.759,-1.868,-2.065,-2.266,-2.474,-2.784,-3.162,-3.579,-4.134,-4.650,-5.232,-5.714,-6.142,-6.654,-6.995,-7.363,-7.636,-7.735,-7.724
690,-1.772,-1.882,-2.079,-2.280,-2.485,-2.791,-3.169,-3.588,-4.144,-4.657,-5.240,-5.726,-6.152,-6.658,-7.004,-7.376,-7.639,-7.742,-7.733
691,-1.775,-1.884,-2.080,-2.278,-2.481,-2.787,-3.165,-3.584,-4.141,-4.654,-5.237,-5.724,-6.151,-6.659,-7.005,-7.376,-7.642,-7.735,-7.727
692,-1.771,-1.879,-2.075,-2.273,-2.476,-2.782,-3.161,-3.580,-4.136,-4.649,-5.232,-5.720,-6.147,-6.659,-7.009,-7.392,-7.668,-7.771,-7.769
693,-1.766,-1.875,-2.071,-2.269,-2.472,-2.777,-3.156,-3.575,-4.131,-4.644,-5.228,-5.715,-6.143,-6.656,-7.006,-7.389,-7.662,-7.780,-7.768
694,-1.763,-1.871,-2.067,-2.265,-2.467,-2.771,-3.148,-3.568,-4.122,-4.638,-5.221,-5.708,-6.135,-6.650,-7.007,-7.398,-7.675,-7.829,-7.802
695,-1.759,-1.865,-2.058,-2.254,-2.455,-2.758,-3.134,-3.552,-4.107,-4.623,-5.207,-5.693,-6.122,-6.638,-6.999,-7.394,-7.667,-7.806,-7.802
696,-1.753,-1.859,-2.052,-2.247,-2.447,-2.748,-3.123,-3.540,-4.095,-4.611,-5.195,-5.681,-6.109,-6.627,-6.996,-7.394,-7.676,-7.810,-7.825
697,-1.747,-1.853,-2.046,-2.241,-2.441,-2.741,-3.115,-3.532,-4.086,-4.603,-5.187,-5.672,-6.099,-6.618,-6.992,-7.403,-7.702,-7.837,-7.863
698,-1.742,-1.848,-2.041,-2.237,-2.436,-2.737,-3.111,-3.526,-4.081,-4.599,-5.182,-5.665,-6.090,-6.611,-6.985,-7.392,-7.687,-7.829,-7.857
699,-1.738,-1.843,-2.036,-2.231,-2.431,-2.731,-3.105,-3.521,-4.075,-4.593,-5.176,-5.658,-6.083,-6.605,-6.982,-7.398,-7.700,-7.840,-7.889
700,-1.734,-1.839,-2.032,-2.227,-2.426,-2.727,-3.101,-3.516,-4.070,-4.587,-5.170,-5.651,-6.075,-6.595,-6.969,-7.378,-7.660,-7.806,-7.841
701,-1.733,-1.837,-2.031,-2.225,-2.424,-2.724,-3.098,-3.513,-4.067,-4.585,-5.167,-5.647,-6.069,-6.587,-6.957,-7.366,-7.642,-7.794,-7.819
702,-1.733,-1.837,-2.030,-2.224,-2.424,-2.724,-3.097,-3.512,-4.064,-4.582,-5.164,-5.645,-6.066,-6.584,-6.953,-7.356,-7.632,-7.773,-7.786
703,-1.733,-1.836,-2.030,-2.223,-2.423,-2.722,-3.095,-3.509,-4.060,-4.579,-5.161,-5.642,-6.062,-6.583,-6.952,-7.368,-7.672,-7.799,-7.834
704,-1.730,-1.833,-2.026,-2.220,-2.420,-2.719,-3.092,-3.505,-4.057,-4.576,-5.159,-5.638,-6.057,-6.576,-6.944,-7.358,-7.643,-7.779,-7.809
705,-1.726,-1.829,-2.022,-2.216,-2.416,-2.715,-3.087,-3.501,-4.052,-4.572,-5.154,-5.633,-6.050,-6.565,-6.931,-7.326,-7.598,-7.727,-7.725
706,-1.720,-1.823,-2.017,-2.210,-2.410,-2.709,-3.082,-3.495,-4.047,-4.566,-5.149,-5.626,-6.042,-6.559,-6.921,-7.315,-7.592,-7.710,-7.687
707,-1.716,-1.819,-2.014,-2.207,-2.407,-2.706,-3.078,-3.491,-4.043,-4.563,-5.145,-5.621,-6.034,-6.548,-6.904,-7.286,-7.544,-7.670,-7.623
708,-1.712,-1.815,-2.009,-2.202,-2.402,-2.701,-3.074,-3.487,-4.038,-4.559,-5.142,-5.619,-6.035,-6.553,-6.914,-7.311,-7.586,-7.734,-7.698
709,-1.706,-1.809,-2.004,-2.197,-2.397,-2.696,-3.069,-3.481,-4.033,-4.554,-5.137,-5.613,-6.030,-6.546,-6.901,-7.297,-7.555,-7.696,-7.660
710,-1.701,-1.803,-1.998,-2.192,-2.392,-2.691,-3.063,-3.476,-4.026,-4.548,-5.131,-5.608,-6.024,-6.542,-6.900,-7.292,-7.564,-7.685,-7.668
711,-1.697,-1.799,-1.995,-2.189,-2.390,-2.690,-3.061,-3.472,-4.023,-4.546,-5.129,-5.604,-6.019,-6.537,-6.898,-7.290,-7.553,-7.674,-7.648
712,-1.701,-1.803,-1.998,-2.192,-2.393,-2.693,-3.065,-3.475,-4.026,-4.549,-5.131,-5.606,-6.023,-6.542,-6.900,-7.293,-7.560,-7.683,-7.653
713,-1.709,-1.812,-2.005,-2.199,-2.399,-2.698,-3.071,-3.481,-4.034,-4.557,-5.140,-5.616,-6.035,-6.554,-6.912,-7.317,-7.591,-7.701,-7.676
714,-1.725,-1.829,-2.023,-2.216,-2.416,-2.713,-3.085,-3.498,-4.052,-4.575,-5.158,-5.636,-6.055,-6.567,-6.932,-7.335,-7.598,-7.715,-7.695
715,-1.747,-1.852,-2.045,-2.237,-2.435,-2.732,-3.106,-3.519,-4.074,-4.597,-5.180,-5.657,-6.074,-6.584,-6.957,-7.365,-7.641,-7.759,-7.757
716,-1.776,-1.881,-2.073,-2.264,-2.460,-2.757,-3.131,-3.546,-4.100,-4.624,-5.210,-5.684,-6.098,-6.614,-6.979,-7.409,-7.681,-7.772,-7.797
717,-1.810,-1.915,-2.105,-2.296,-2.492,-2.786,-3.161,-3.578,-4.133,-4.656,-5.242,-5.718,-6.136,-6.660,-7.010,-7.442,-7.725,-7.799,-7.843
718,-1.836,-1.942,-2.129,-2.322,-2.515,-2.806,-3.183,-3.604,-4.162,-4.681,-5.265,-5.750,-6.175,-6.699,-7.046,-7.462,-7.744,-7.802,-7.852
719,-1.855,-1.965,-2.151,-2.344,-2.534,-2.820,-3.200,-3.622,-4.181,-4.698,-5.282,-5.772,-6.202,-6.725,-7.077,-7.489,-7.765,-7.848,-7.868
720,-1.880,-1.988,-2.177,-2.366,-2.556,-2.839,-3.222,-3.643,-4.204,-4.722,-5.303,-5.789,-6.221,-6.750,-7.116,-7.524,-7.822,-7.897,-7.917
721,-1.905,-2.013,-2.201,-2.389,-2.578,-2.860,-3.243,-3.667,-4.229,-4.745,-5.326,-5.807,-6.236,-6.761,-7.126,-7.531,-7.821,-7.896,-7.934
722,-1.912,-2.021,-2.206,-2.395,-2.584,-2.866,-3.249,-3.673,-4.235,-4.750,-5.329,-5.817,-6.241,-6.760,-7.128,-7.528,-7.806,-7.923,-7.942
723,-1.908,-2.016,-2.202,-2.392,-2.579,-2.860,-3.244,-3.669,-4.230,-4.746,-5.326,-5.813,-6.234,-6.752,-7.104,-7.490,-7.728,-7.810,-7.850
724,-1.906,-2.012,-2.199,-2.389,-2.575,-2.857,-3.241,-3.667,-4.227,-4.743,-5.324,-5.812,-6.236,-6.751,-7.106,-7.481,-7.716,-7.789,-7.817
725,-1.904,-2.010,-2.197,-2.386,-2.573,-2.854,-3.239,-3.665,-4.224,-4.741,-5.322,-5.810,-6.238,-6.755,-7.114,-7.494,-7.735,-7.819,-7.837
726,-1.902,-2.009,-2.195,-2.384,-2.570,-2.852,-3.236,-3.664,-4.223,-4.739,-5.321,-5.808,-6.233,-6.744,-7.097,-7.463,-7.685,-7.767,-7.777
727,-1.896,-2.002,-2.188,-2.378,-2.566,-2.848,-3.230,-3.657,-4.217,-4.733,-5.316,-5.802,-6.224,-6.731,-7.079,-7.445,-7.655,-7.731,-7.728
728,-1.888,-1.994,-2.180,-2.371,-2.559,-2.840,-3.221,-3.648,-4.209,-4.725,-5.307,-5.792,-6.214,-6.716,-7.050,-7.407,-7.600,-7.686,-7.665
729,-1.883,-1.990,-2.175,-2.367,-2.555,-2.837,-3.217,-3.643,-4.205,-4.720,-5.304,-5.788,-6.208,-6.708,-7.042,-7.396,-7.607,-7.678,-7.651
730,-1.880,-1.988,-2.173,-2.364,-2.553,-2.834,-3.214,-3.641,-4.203,-4.717,-5.300,-5.781,-6.200,-6.698,-7.028,-7.372,-7.579,-7.651,-7.627
731,-1.867,-1.973,-2.160,-2.352,-2.542,-2.823,-3.202,-3.625,-4.188,-4.705,-5.289,-5.769,-6.188,-6.689,-7.019,-7.376,-7.593,-7.676,-7.633
732,-1.856,-1.961,-2.149,-2.339,-2.531,-2.813,-3.192,-3.613,-4.173,-4.694,-5.279,-5.759,-6.178,-6.677,-7.012,-7.364,-7.590,-7.690,-7.639
733,-1.838,-1.943,-2.132,-2.321,-2.515,-2.801,-3.178,-3.599,-4.155,-4.677,-5.263,-5.745,-6.171,-6.670,-7.006,-7.353,-7.593,-7.685,-7.637
734,-1.812,-1.916,-2.109,-2.297,-2.490,-2.779,-3.155,-3.574,-4.130,-4.653,-5.239,-5.721,-6.140,-6.645,-6.987,-7.344,-7.595,-7.678,-7.641
735,-1.792,-1.896,-2.087,-2.277,-2.471,-2.760,-3.136,-3.554,-4.109,-4.634,-5.221,-5.702,-6.112,-6.623,-6.965,-7.325,-7.573,-7.654,-7.633
736,-1.779,-1.881,-2.073,-2.264,-2.460,-2.749,-3.124,-3.541,-4.096,-4.623,-5.211,-5.689,-6.102,-6.611,-6.952,-7.315,-7.561,-7.651,-7.655
737,-1.773,-1.872,-2.067,-2.256,-2.455,-2.745,-3.120,-3.535,-4.090,-4.619,-5.207,-5.681,-6.097,-6.605,-6.951,-7.317,-7.573,-7.654,-7.650
738,-1.763,-1.862,-2.058,-2.247,-2.447,-2.740,-3.112,-3.527,-4.081,-4.610,-5.198,-5.669,-6.086,-6.596,-6.940,-7.325,-7.581,-7.671,-7.666
739,-1.751,-1.850,-2.047,-2.236,-2.438,-2.732,-3.104,-3.518,-4.071,-4.600,-5.187,-5.656,-6.071,-6.583,-6.930,-7.314,-7.565,-7.668,-7.667
740,-1.741,-1.840,-2.037,-2.227,-2.429,-2.724,-3.096,-3.508,-4.060,-4.590,-5.179,-5.646,-6.059,-6.570,-6.921,-7.306,-7.574,-7.662,-7.687
741,-1.724,-1.822,-2.020,-2.209,-2.413,-2.709,-3.079,-3.490,-4.043,-4.574,-5.162,-5.629,-6.041,-6.550,-6.902,-7.292,-7.557,-7.647,-7.661
742,-1.721,-1.819,-2.017,-2.206,-2.412,-2.708,-3.077,-3.488,-4.041,-4.574,-5.161,-5.628,-6.040,-6.553,-6.907,-7.298,-7.570,-7.678,-7.693
743,-1.715,-1.812,-2.010,-2.199,-2.407,-2.703,-3.072,-3.481,-4.035,-4.568,-5.157,-5.622,-6.034,-6.548,-6.905,-7.297,-7.593,-7.716,-7.719
744,-1.706,-1.803,-2.002,-2.190,-2.399,-2.697,-3.066,-3.474,-4.028,-4.562,-5.150,-5.614,-6.027,-6.541,-6.902,-7.308,-7.609,-7.735,-7.736
745,-1.703,-1.800,-1.999,-2.187,-2.396,-2.695,-3.064,-3.472,-4.025,-4.559,-5.147,-5.612,-6.023,-6.540,-6.906,-7.316,-7.626,-7.773,-7.780
746,-1.704,-1.800,-1.999,-2.189,-2.397,-2.697,-3.066,-3.473,-4.026,-4.561,-5.149,-5.615,-6.025,-6.541,-6.905,-7.312,-7.626,-7.769,-7.789
747,-1.705,-1.800,-2.000,-2.190,-2.398,-2.699,-3.067,-3.473,-4.027,-4.564,-5.151,-5.616,-6.027,-6.540,-6.904,-7.319,-7.634,-7.763,-7.770
748,-1.699,-1.794,-1.994,-2.184,-2.393,-2.694,-3.062,-3.468,-4.021,-4.559,-5.145,-5.611,-6.020,-6.533,-6.896,-7.312,-7.601,-7.725,-7.718
749,-1.698,-1.792,-1.993,-2.183,-2.392,-2.693,-3.061,-3.466,-4.020,-4.558,-5.144,-5.611,-6.019,-6.534,-6.898,-7.314,-7.601,-7.745,-7.725
750,-1.699,-1.794,-1.994,-2.184,-2.393,-2.694,-3.064,-3.467,-4.022,-4.559,-5.146,-5.613,-6.020,-6.537,-6.905,-7.323,-7.606,-7.769,-7.766
751,-1.700,-1.795,-1.995,-2.185,-2.394,-2.696,-3.065,-3.469,-4.023,-4.561,-5.149,-5.614,-6.021,-6.540,-6.913,-7.336,-7.616,-7.783,-7.797
752,-1.708,-1.803,-2.002,-2.192,-2.402,-2.703,-3.072,-3.478,-4.031,-4.568,-5.158,-5.622,-6.027,-6.542,-6.912,-7.319,-7.578,-7.742,-7.764
753,-1.702,-1.796,-1.995,-2.185,-2.395,-2.697,-3.066,-3.472,-4.024,-4.562,-5.153,-5.616,-6.022,-6.536,-6.907,-7.311,-7.565,-7.734,-7.721
754,-1.699,-1.794,-1.993,-2.184,-2.393,-2.695,-3.063,-3.470,-4.023,-4.561,-5.151,-5.614,-6.021,-6.537,-6.915,-7.320,-7.589,-7.758,-7.744
755,-1.713,-1.806,-2.007,-2.197,-2.407,-2.707,-3.076,-3.484,-4.037,-4.574,-5.165,-5.629,-6.038,-6.555,-6.934,-7.329,-7.586,-7.731,-7.703
756,-1.730,-1.824,-2.025,-2.215,-2.424,-2.723,-3.095,-3.501,-4.056,-4.593,-5.183,-5.647,-6.054,-6.574,-6.953,-7.359,-7.628,-7.817,-7.782
757,-1.765,-1.860,-2.062,-2.251,-2.460,-2.759,-3.130,-3.537,-4.093,-4.630,-5.220,-5.685,-6.092,-6.607,-6.974,-7.370,-7.632,-7.772,-7.740
758,-1.815,-1.911,-2.111,-2.302,-2.513,-2.811,-3.182,-3.591,-4.146,-4.682,-5.269,-5.744,-6.149,-6.660,-7.010,-7.385,-7.653,-7.755,-7.715
759,-1.867,-1.965,-2.166,-2.358,-2.567,-2.866,-3.239,-3.645,-4.201,-4.735,-5.322,-5.801,-6.203,-6.704,-7.032,-7.371,-7.613,-7.678,-7.664
760,-1.931,-2.031,-2.232,-2.423,-2.632,-2.933,-3.306,-3.714,-4.271,-4.806,-5.395,-5.865,-6.275,-6.765,-7.096,-7.436,-7.704,-7.775,-7.769
761,-2.006,-2.105,-2.306,-2.500,-2.710,-3.008,-3.380,-3.798,-4.354,-4.889,-5.477,-5.952,-6.353,-6.826,-7.153,-7.481,-7.731,-7.800,-7.803
762,-2.068,-2.166,-2.370,-2.568,-2.774,-3.070,-3.448,-3.876,-4.435,-4.963,-5.545,-6.031,-6.423,-6.889,-7.203,-7.529,-7.741,-7.842,-7.793
763,-2.068,-2.167,-2.370,-2.568,-2.776,-3.069,-3.450,-3.879,-4.438,-4.966,-5.549,-6.038,-6.443,-6.937,-7.271,-7.586,-7.781,-7.893,-7.850
764,-2.070,-2.168,-2.372,-2.570,-2.777,-3.071,-3.452,-3.881,-4.439,-4.968,-5.551,-6.039,-6.444,-6.943,-7.277,-7.603,-7.772,-7.854,-7.807
765,-2.066,-2.165,-2.368,-2.566,-2.774,-3.068,-3.448,-3.877,-4.436,-4.965,-5.547,-6.036,-6.441,-6.936,-7.258,-7.594,-7.758,-7.859,-7.804
766,-2.048,-2.151,-2.353,-2.551,-2.761,-3.054,-3.442,-3.870,-4.431,-4.955,-5.534,-6.029,-6.429,-6.920,-7.244,-7.588,-7.746,-7.848,-7.831
767,-1.977,-2.081,-2.281,-2.476,-2.685,-2.977,-3.367,-3.787,-4.351,-4.878,-5.463,-5.950,-6.368,-6.898,-7.222,-7.577,-7.755,-7.857,-7.839
768,-1.913,-2.017,-2.214,-2.407,-2.615,-2.909,-3.295,-3.712,-4.275,-4.802,-5.395,-5.869,-6.283,-6.804,-7.129,-7.500,-7.691,-7.784,-7.737
769,-1.847,-1.952,-2.152,-2.343,-2.549,-2.843,-3.227,-3.642,-4.201,-4.732,-5.323,-5.797,-6.207,-6.715,-7.064,-7.429,-7.640,-7.727,-7.676
770,-1.798,-1.898,-2.102,-2.291,-2.496,-2.792,-3.172,-3.584,-4.142,-4.677,-5.265,-5.734,-6.142,-6.650,-7.003,-7.350,-7.541,-7.623,-7.579
771,-1.770,-1.867,-2.071,-2.259,-2.465,-2.764,-3.141,-3.549,-4.107,-4.641,-5.236,-5.696,-6.101,-6.610,-6.966,-7.310,-7.496,-7.584,-7.548
772,-1.752,-1.847,-2.051,-2.237,-2.446,-2.745,-3.118,-3.525,-4.080,-4.619,-5.214,-5.678,-6.078,-6.578,-6.929,-7.273,-7.456,-7.533,-7.520
773,-1.742,-1.837,-2.042,-2.228,-2.437,-2.736,-3.108,-3.513,-4.066,-4.608,-5.201,-5.667,-6.064,-6.563,-6.910,-7.244,-7.426,-7.503,-7.496
774,-1.738,-1.833,-2.038,-2.224,-2.433,-2.732,-3.104,-3.509,-4.062,-4.604,-5.197,-5.662,-6.059,-6.558,-6.904,-7.230,-7.426,-7.511,-7.476
775,-1.733,-1.828,-2.033,-2.219,-2.428,-2.728,-3.100,-3.504,-4.058,-4.599,-5.192,-5.657,-6.054,-6.552,-6.898,-7.220,-7.416,-7.523,-7.468
776,-1.727,-1.823,-2.027,-2.214,-2.423,-2.722,-3.093,-3.497,-4.050,-4.593,-5.186,-5.654,-6.049,-6.547,-6.897,-7.227,-7.431,-7.533,-7.479
777,-1.723,-1.819,-2.021,-2.211,-2.420,-2.718,-3.091,-3.493,-4.046,-4.590,-5.183,-5.647,-6.043,-6.540,-6.891,-7.209,-7.406,-7.508,-7.462
778,-1.725,-1.820,-2.020,-2.209,-2.419,-2.718,-3.091,-3.493,-4.048,-4.593,-5.184,-5.646,-6.043,-6.544,-6.904,-7.244,-7.461,-7.556,-7.521
779,-1.727,-1.822,-2.022,-2.210,-2.422,-2.721,-3.091,-3.495,-4.051,-4.595,-5.185,-5.645,-6.044,-6.544,-6.900,-7.248,-7.454,-7.563,-7.537
780,-1.741,-1.834,-2.035,-2.223,-2.437,-2.734,-3.104,-3.507,-4.064,-4.608,-5.197,-5.656,-6.057,-6.561,-6.918,-7.265,-7.487,-7.576,-7.570
781,-1.743,-1.837,-2.038,-2.226,-2.436,-2.733,-3.107,-3.508,-4.065,-4.609,-5.199,-5.657,-6.056,-6.561,-6.917,-7.256,-7.488,-7.561,-7.535
782,-1.745,-1.839,-2.041,-2.229,-2.438,-2.738,-3.112,-3.512,-4.067,-4.613,-5.206,-5.660,-6.056,-6.563,-6.909,-7.247,-7.497,-7.530,-7.515
783,-1.743,-1.841,-2.043,-2.232,-2.441,-2.744,-3.115,-3.516,-4.069,-4.616,-5.212,-5.664,-6.061,-6.572,-6.911,-7.251,-7.484,-7.514,-7.512
784,-1.749,-1.847,-2.048,-2.240,-2.450,-2.749,-3.119,-3.522,-4.076,-4.621,-5.213,-5.669,-6.071,-6.580,-6.913,-7.244,-7.474,-7.505,-7.520
785,-1.758,-1.853,-2.056,-2.247,-2.458,-2.756,-3.126,-3.529,-4.085,-4.629,-5.219,-5.671,-6.077,-6.589,-6.925,-7.266,-7.505,-7.549,-7.549
786,-1.768,-1.865,-2.066,-2.257,-2.465,-2.761,-3.135,-3.537,-4.095,-4.638,-5.231,-5.688,-6.094,-6.595,-6.930,-7.273,-7.492,-7.568,-7.554
787,-1.778,-1.876,-2.074,-2.265,-2.472,-2.766,-3.142,-3.546,-4.105,-4.647,-5.240,-5.704,-6.104,-6.594,-6.940,-7.279,-7.487,-7.575,-7.536
788,-1.783,-1.881,-2.079,-2.270,-2.474,-2.769,-3.145,-3.551,-4.111,-4.651,-5.241,-5.705,-6.102,-6.591,-6.932,-7.260,-7.461,-7.546,-7.476
789,-1.789,-1.887,-2.086,-2.276,-2.482,-2.773,-3.150,-3.558,-4.117,-4.657,-5.245,-5.710,-6.102,-6.589,-6.938,-7.276,-7.485,-7.551,-7.510
790,-1.792,-1.892,-2.091,-2.281,-2.488,-2.780,-3.155,-3.564,-4.119,-4.662,-5.251,-5.713,-6.105,-6.594,-6.952,-7.286,-7.475,-7.552,-7.501
791,-1.797,-1.898,-2.099,-2.289,-2.493,-2.786,-3.161,-3.570,-4.127,-4.668,-5.254,-5.711,-6.102,-6.594,-6.946,-7.280,-7.468,-7.542,-7.461
792,-1.806,-1.904,-2.105,-2.296,-2.499,-2.792,-3.166,-3.575,-4.137,-4.674,-5.258,-5.720,-6.113,-6.600,-6.933,-7.283,-7.448,-7.508,-7.438
793,-1.812,-1.909,-2.110,-2.297,-2.501,-2.794,-3.167,-3.579,-4.140,-4.676,-5.261,-5.723,-6.117,-6.610,-6.948,-7.283,-7.441,-7.515,-7.446
794,-1.815,-1.912,-2.113,-2.300,-2.504,-2.795,-3.170,-3.582,-4.142,-4.678,-5.264,-5.728,-6.124,-6.620,-6.960,-7.290,-7.456,-7.523,-7.444
795,-1.817,-1.913,-2.115,-2.304,-2.505,-2.797,-3.173,-3.584,-4.145,-4.683,-5.271,-5.730,-6.119,-6.607,-6.941,-7.248,-7.380,-7.434,-7.372
796,-1.815,-1.914,-2.116,-2.306,-2.505,-2.793,-3.174,-3.585,-4.146,-4.685,-5.276,-5.730,-6.121,-6.618,-6.953,-7.259,-7.418,-7.467,-7.421
797,-1.818,-1.917,-2.118,-2.310,-2.508,-2.796,-3.177,-3.589,-4.150,-4.689,-5.277,-5.732,-6.129,-6.633,-6.958,-7.270,-7.404,-7.472,-7.422
798,-1.822,-1.921,-2.120,-2.313,-2.512,-2.802,-3.181,-3.594,-4.156,-4.693,-5.279,-5.740,-6.139,-6.645,-6.970,-7.282,-7.418,-7.530,-7.454
799,-1.822,-1.927,-2.124,-2.316,-2.513,-2.804,-3.186,-3.598,-4.160,-4.695,-5.284,-5.751,-6.146,-6.650,-6.987,-7.311,-7.480,-7.579,-7.520
800,-1.822,-1.935,-2.130,-2.321,-2.520,-2.807,-3.190,-3.602,-4.167,-4.700,-5.290,-5.762,-6.156,-6.652,-6.995,-7.308,-7.477,-7.569,-7.499
801,-1.826,-1.939,-2.134,-2.325,-2.526,-2.812,-3.194,-3.606,-4.171,-4.705,-5.291,-5.765,-6.162,-6.662,-6.995,-7.317,-7.489,-7.537,-7.498
802,-1.832,-1.938,-2.135,-2.325,-2.528,-2.815,-3.196,-3.608,-4.170,-4.708,-5.292,-5.767,-6.167,-6.667,-6.997,-7.301,-7.468,-7.529,-7.521
803,-1.834,-1.933,-2.134,-2.324,-2.528,-2.815,-3.194,-3.606,-4.165,-4.707,-5.293,-5.766,-6.173,-6.678,-7.022,-7.361,-7.564,-7.621,-7.612
804,-1.837,-1.934,-2.134,-2.324,-2.529,-2.817,-3.196,-3.609,-4.166,-4.709,-5.299,-5.770,-6.175,-6.683,-7.028,-7.377,-7.573,-7.632,-7.597
805,-1.837,-1.935,-2.137,-2.326,-2.530,-2.817,-3.196,-3.611,-4.170,-4.711,-5.307,-5.770,-6.176,-6.691,-7.041,-7.389,-7.606,-7.671,-7.639
806,-1.835,-1.934,-2.138,-2.327,-2.530,-2.815,-3.194,-3.611,-4.174,-4.711,-5.310,-5.769,-6.175,-6.693,-7.035,-7.409,-7.603,-7.635,-7.580
807,-1.836,-1.937,-2.139,-2.329,-2.532,-2.817,-3.197,-3.615,-4.179,-4.715,-5.312,-5.774,-6.180,-6.703,-7.039,-7.417,-7.590,-7.589,-7.551
808,-1.841,-1.948,-2.147,-2.336,-2.535,-2.822,-3.203,-3.619,-4.184,-4.722,-5.314,-5.781,-6.191,-6.710,-7.062,-7.438,-7.614,-7.623,-7.596
809,-1.849,-1.960,-2.158,-2.346,-2.541,-2.829,-3.211,-3.626,-4.191,-4.729,-5.316,-5.786,-6.203,-6.722,-7.055,-7.441,-7.610,-7.619,-7.599
810,-1.853,-1.965,-2.166,-2.355,-2.556,-2.838,-3.224,-3.637,-4.202,-4.735,-5.325,-5.799,-6.215,-6.735,-7.057,-7.454,-7.572,-7.545,-7.518
811,-1.872,-1.985,-2.183,-2.374,-2.575,-2.859,-3.239,-3.658,-4.220,-4.758,-5.352,-5.826,-6.237,-6.757,-7.088,-7.463,-7.604,-7.583,-7.549
812,-1.902,-2.013,-2.208,-2.396,-2.596,-2.888,-3.268,-3.688,-4.247,-4.790,-5.382,-5.849,-6.266,-6.785,-7.119,-7.495,-7.639,-7.609,-7.590
813,-1.929,-2.041,-2.238,-2.423,-2.623,-2.912,-3.302,-3.722,-4.281,-4.816,-5.407,-5.870,-6.302,-6.815,-7.130,-7.504,-7.618,-7.587,-7.611
814,-1.953,-2.071,-2.270,-2.463,-2.658,-2.936,-3.321,-3.748,-4.319,-4.850,-5.438,-5.891,-6.326,-6.850,-7.185,-7.513,-7.676,-7.611,-7.618
815,-1.980,-2.101,-2.295,-2.493,-2.686,-2.962,-3.347,-3.774,-4.351,-4.883,-5.465,-5.918,-6.347,-6.902,-7.224,-7.581,-7.752,-7.667,-7.667
816,-2.007,-2.134,-2.317,-2.511,-2.706,-2.978,-3.375,-3.804,-4.368,-4.896,-5.476,-5.945,-6.369,-6.946,-7.278,-7.605,-7.755,-7.672,-7.702
817,-2.022,-2.146,-2.329,-2.522,-2.717,-2.987,-3.382,-3.816,-4.379,-4.903,-5.483,-5.957,-6.371,-6.932,-7.280,-7.570,-7.732,-7.643,-7.682
818,-2.034,-2.146,-2.337,-2.529,-2.720,-2.998,-3.385,-3.819,-4.393,-4.910,-5.497,-5.967,-6.381,-6.951,-7.289,-7.571,-7.779,-7.720,-7.692
819,-2.032,-2.149,-2.342,-2.532,-2.726,-3.000,-3.390,-3.822,-4.398,-4.913,-5.504,-5.974,-6.391,-6.927,-7.258,-7.529,-7.658,-7.613,-7.638
820,-2.030,-2.149,-2.339,-2.532,-2.726,-2.998,-3.387,-3.822,-4.395,-4.915,-5.503,-5.975,-6.395,-6.922,-7.280,-7.544,-7.681,-7.605,-7.598
821,-2.026,-2.141,-2.333,-2.525,-2.716,-2.990,-3.379,-3.813,-4.390,-4.906,-5.495,-5.975,-6.396,-6.934,-7.305,-7.547,-7.702,-7.604,-7.607
822,-2.021,-2.132,-2.325,-2.519,-2.708,-2.982,-3.373,-3.807,-4.381,-4.902,-5.490,-5.970,-6.393,-6.908,-7.264,-7.530,-7.671,-7.583,-7.609
823,-2.016,-2.130,-2.321,-2.517,-2.706,-2.980,-3.372,-3.807,-4.375,-4.897,-5.485,-5.974,-6.392,-6.908,-7.211,-7.529,-7.679,-7.581,-7.651
824,-2.014,-2.129,-2.320,-2.513,-2.698,-2.974,-3.369,-3.802,-4.371,-4.894,-5.481,-5.969,-6.381,-6.887,-7.165,-7.495,-7.654,-7.549,-7.582
825,-2.007,-2.121,-2.314,-2.505,-2.692,-2.968,-3.364,-3.795,-4.363,-4.889,-5.476,-5.962,-6.387,-6.895,-7.177,-7.479,-7.682,-7.592,-7.636
826,-2.002,-2.114,-2.306,-2.499,-2.685,-2.964,-3.358,-3.787,-4.355,-4.880,-5.467,-5.958,-6.383,-6.886,-7.181,-7.486,-7.683,-7.568,-7.673
827,-1.999,-2.109,-2.303,-2.496,-2.681,-2.963,-3.359,-3.785,-4.353,-4.882,-5.464,-5.949,-6.384,-6.907,-7.176,-7.466,-7.610,-7.555,-7.656
828,-1.990,-2.099,-2.293,-2.485,-2.672,-2.953,-3.352,-3.772,-4.346,-4.870,-5.455,-5.948,-6.368,-6.888,-7.139,-7.440,-7.563,-7.589,-7.637
829,-1.978,-2.090,-2.285,-2.476,-2.667,-2.945,-3.344,-3.770,-4.339,-4.863,-5.447,-5.926,-6.346,-6.858,-7.112,-7.412,-7.513,-7.542,-7.551
830,-1.972,-2.088,-2.285,-2.476,-2.667,-2.944,-3.342,-3.767,-4.337,-4.863,-5.445,-5.923,-6.340,-6.858,-7.103,-7.394,-7.518,-7.527,-7.535
831,-1.962,-2.080,-2.275,-2.466,-2.657,-2.937,-3.335,-3.761,-4.331,-4.857,-5.439,-5.914,-6.326,-6.840,-7.115,-7.364,-7.514,-7.506,-7.492
832,-1.949,-2.062,-2.263,-2.452,-2.647,-2.925,-3.321,-3.749,-4.316,-4.844,-5.424,-5.900,-6.306,-6.822,-7.089,-7.344,-7.500,-7.449,-7.436
833,-1.938,-2.055,-2.260,-2.447,-2.642,-2.919,-3.314,-3.741,-4.308,-4.836,-5.416,-5.891,-6.294,-6.799,-7.045,-7.304,-7.449,-7.417,-7.388
834,-1.932,-2.049,-2.254,-2.440,-2.638,-2.916,-3.309,-3.736,-4.301,-4.829,-5.413,-5.876,-6.279,-6.783,-7.022,-7.310,-7.450,-7.430,-7.392
835,-1.928,-2.040,-2.243,-2.429,-2.630,-2.906,-3.299,-3.723,-4.289,-4.818,-5.405,-5.870,-6.264,-6.761,-7.016,-7.303,-7.415,-7.416,-7.388
836,-1.919,-2.034,-2.236,-2.422,-2.621,-2.901,-3.292,-3.718,-4.279,-4.810,-5.398,-5.855,-6.261,-6.747,-7.005,-7.311,-7.403,-7.384,-7.360
837,-1.911,-2.020,-2.220,-2.408,-2.610,-2.889,-3.281,-3.703,-4.264,-4.799,-5.388,-5.852,-6.257,-6.742,-6.992,-7.309,-7.402,-7.362,-7.374
838,-1.898,-2.005,-2.203,-2.396,-2.597,-2.876,-3.266,-3.688,-4.250,-4.782,-5.370,-5.835,-6.242,-6.722,-6.991,-7.314,-7.393,-7.380,-7.401
839,-1.888,-1.996,-2.195,-2.389,-2.591,-2.870,-3.257,-3.676,-4.242,-4.773,-5.360,-5.827,-6.233,-6.695,-6.959,-7.267,-7.354,-7.326,-7.346
840,-1.881,-1.997,-2.192,-2.385,-2.587,-2.867,-3.252,-3.667,-4.238,-4.766,-5.357,-5.816,-6.221,-6.679,-6.949,-7.255,-7.357,-7.339,-7.349
