Urban Location: University of Pennsylvania (39.9522N,75.1887W)
Wavelength(nm),Elev=0.0(log(W/m2/nm)),Elev=-1.0(log(W/m2/nm)),Elev=-2.0(log(W/m2/nm)),Elev=-3.0(log(W/m2/nm)),Elev=-4.0(log(W/m2/nm)),Elev=-5.0(log(W/m2/nm)),Elev=-6.0(log(W/m2/nm)),Elev=-7.0(log(W/m2/nm)),Elev=-8.0(log(W/m2/nm)),Elev=-9.0(log(W/m2/nm)),Elev=-10.0(log(W/m2/nm)),Elev=-11.0(log(W/m2/nm)),Elev=-12.0(log(W/m2/nm)),Elev=-13.0(log(W/m2/nm)),Elev=-14.0(log(W/m2/nm)),Elev=-15.0(log(W/m2/nm)),Elev=-16.0(log(W/m2/nm)),Elev=-17.0(log(W/m2/nm)),Elev=-18.0(log(W/m2/nm))
280,-3.235,-3.463,-3.744,-4.030,-4.428,-4.915,-5.400,-5.944,-6.366,-6.695,-6.905,-7.010,-7.037,-6.982,-6.954,-6.940,-6.937,-6.826,-6.796
281,-3.237,-3.472,-3.751,-4.036,-4.442,-4.918,-5.411,-5.942,-6.376,-6.719,-6.940,-7.058,-7.043,-7.013,-6.967,-6.976,-6.968,-6.851,-6.821
282,-3.251,-3.468,-3.759,-4.052,-4.462,-4.931,-5.427,-5.939,-6.383,-6.707,-6.907,-7.026,-6.982,-6.965,-6.952,-6.945,-6.937,-6.822,-6.810
283,-3.277,-3.496,-3.788,-4.079,-4.494,-4.967,-5.451,-5.960,-6.415,-6.753,-6.971,-7.050,-6.983,-6.966,-6.968,-6.942,-6.933,-6.854,-6.841
284,-3.283,-3.517,-3.810,-4.107,-4.513,-4.989,-5.468,-5.978,-6.430,-6.766,-7.003,-7.065,-6.968,-6.963,-6.958,-6.954,-6.919,-6.878,-6.855
285,-3.297,-3.528,-3.815,-4.104,-4.504,-4.996,-5.470,-5.978,-6.425,-6.789,-7.022,-7.059,-6.942,-6.956,-6.937,-6.930,-6.917,-6.873,-6.826
286,-3.304,-3.535,-3.816,-4.106,-4.528,-5.007,-5.484,-5.990,-6.435,-6.809,-7.044,-7.108,-6.978,-7.000,-6.965,-6.952,-6.941,-6.914,-6.854
287,-3.309,-3.537,-3.813,-4.101,-4.533,-5.014,-5.500,-6.021,-6.441,-6.830,-7.056,-7.100,-6.994,-7.010,-6.978,-6.967,-6.925,-6.918,-6.877
288,-3.319,-3.544,-3.811,-4.108,-4.535,-5.022,-5.520,-6.027,-6.450,-6.847,-7.051,-7.079,-6.986,-7.001,-6.976,-6.949,-6.914,-6.904,-6.872
289,-3.328,-3.560,-3.824,-4.120,-4.532,-5.025,-5.532,-6.032,-6.450,-6.834,-7.045,-7.068,-6.966,-6.977,-6.964,-6.931,-6.906,-6.885,-6.857
290,-3.340,-3.577,-3.832,-4.132,-4.562,-5.050,-5.538,-6.052,-6.463,-6.834,-7.066,-7.104,-6.999,-7.002,-6.978,-6.951,-6.918,-6.892,-6.875
291,-3.355,-3.581,-3.833,-4.148,-4.570,-5.068,-5.541,-6.050,-6.461,-6.825,-7.040,-7.092,-7.007,-7.019,-6.992,-6.965,-6.930,-6.890,-6.872
292,-3.366,-3.589,-3.831,-4.143,-4.558,-5.069,-5.546,-6.043,-6.463,-6.823,-7.014,-7.075,-7.002,-7.014,-6.976,-6.974,-6.949,-6.874,-6.864
293,-3.358,-3.582,-3.832,-4.146,-4.566,-5.065,-5.549,-6.057,-6.461,-6.822,-6.997,-7.060,-7.000,-6.986,-6.966,-6.963,-6.951,-6.874,-6.874
294,-3.363,-3.594,-3.837,-4.160,-4.557,-5.072,-5.556,-6.054,-6.437,-6.789,-6.959,-7.001,-6.960,-6.941,-6.938,-6.933,-6.935,-6.858,-6.872
295,-3.365,-3.595,-3.841,-4.161,-4.565,-5.084,-5.543,-6.040,-6.461,-6.801,-6.956,-7.014,-6.958,-6.937,-6.940,-6.930,-6.950,-6.856,-6.866
296,-3.368,-3.610,-3.854,-4.158,-4.570,-5.094,-5.543,-6.048,-6.463,-6.813,-6.961,-7.023,-7.002,-6.960,-6.976,-6.957,-6.986,-6.885,-6.891
297,-3.380,-3.608,-3.859,-4.175,-4.598,-5.105,-5.536,-6.060,-6.480,-6.826,-6.973,-7.047,-7.052,-7.013,-7.018,-6.994,-7.006,-6.905,-6.909
298,-3.391,-3.620,-3.862,-4.185,-4.601,-5.113,-5.549,-6.083,-6.493,-6.862,-6.991,-7.106,-7.137,-7.091,-7.083,-7.047,-7.066,-6.984,-6.988
299,-3.387,-3.630,-3.870,-4.178,-4.592,-5.107,-5.569,-6.094,-6.496,-6.868,-7.037,-7.164,-7.122,-7.089,-7.084,-7.054,-7.072,-6.964,-6.962
300,-3.386,-3.630,-3.870,-4.185,-4.596,-5.109,-5.562,-6.084,-6.493,-6.866,-7.049,-7.182,-7.126,-7.119,-7.097,-7.052,-7.073,-6.986,-6.984
301,-3.395,-3.628,-3.865,-4.186,-4.595,-5.103,-5.555,-6.088,-6.501,-6.867,-7.052,-7.201,-7.180,-7.149,-7.131,-7.069,-7.091,-6.978,-6.977
302,-3.399,-3.625,-3.864,-4.190,-4.615,-5.102,-5.543,-6.101,-6.521,-6.907,-7.078,-7.229,-7.183,-7.155,-7.129,-7.086,-7.093,-6.952,-6.964
303,-3.397,-3.625,-3.881,-4.199,-4.614,-5.098,-5.554,-6.109,-6.530,-6.911,-7.098,-7.244,-7.196,-7.183,-7.163,-7.106,-7.126,-6.990,-7.002
304,-3.398,-3.622,-3.885,-4.202,-4.612,-5.084,-5.544,-6.114,-6.532,-6.913,-7.087,-7.238,-7.203,-7.216,-7.177,-7.133,-7.149,-7.012,-7.018
305,-3.389,-3.622,-3.880,-4.195,-4.595,-5.076,-5.539,-6.110,-6.541,-6.914,-7.113,-7.232,-7.179,-7.180,-7.187,-7.114,-7.146,-7.006,-7.020
306,-3.382,-3.615,-3.872,-4.174,-4.576,-5.054,-5.525,-6.096,-6.531,-6.879,-7.058,-7.161,-7.116,-7.129,-7.124,-7.086,-7.116,-7.002,-6.992
307,-3.377,-3.605,-3.864,-4.173,-4.564,-5.032,-5.510,-6.092,-6.522,-6.878,-7.046,-7.136,-7.097,-7.099,-7.108,-7.069,-7.097,-7.031,-7.025
308,-3.373,-3.598,-3.855,-4.158,-4.539,-5.009,-5.498,-6.082,-6.542,-6.900,-7.052,-7.146,-7.117,-7.113,-7.142,-7.093,-7.136,-7.067,-7.047
309,-3.355,-3.591,-3.845,-4.141,-4.503,-4.986,-5.480,-6.057,-6.514,-6.881,-7.046,-7.119,-7.102,-7.095,-7.090,-7.066,-7.099,-7.058,-7.043
310,-3.347,-3.588,-3.838,-4.131,-4.475,-4.959,-5.465,-6.042,-6.528,-6.886,-7.059,-7.132,-7.134,-7.142,-7.146,-7.100,-7.128,-7.093,-7.075
311,-3.333,-3.566,-3.812,-4.107,-4.444,-4.917,-5.421,-6.010,-6.504,-6.868,-7.055,-7.135,-7.120,-7.120,-7.109,-7.087,-7.093,-7.072,-7.041
312,-3.312,-3.536,-3.773,-4.076,-4.414,-4.878,-5.373,-5.961,-6.472,-6.830,-7.030,-7.129,-7.086,-7.110,-7.070,-7.066,-7.067,-7.053,-7.027
313,-3.294,-3.517,-3.744,-4.048,-4.382,-4.848,-5.350,-5.928,-6.439,-6.815,-7.012,-7.101,-7.061,-7.088,-7.033,-7.043,-7.045,-7.027,-7.005
314,-3.276,-3.489,-3.721,-4.015,-4.350,-4.816,-5.317,-5.898,-6.448,-6.851,-7.077,-7.169,-7.138,-7.153,-7.095,-7.097,-7.103,-7.079,-7.061
315,-3.249,-3.466,-3.707,-3.991,-4.323,-4.780,-5.277,-5.873,-6.422,-6.842,-7.094,-7.199,-7.190,-7.202,-7.166,-7.153,-7.146,-7.089,-7.078
316,-3.203,-3.438,-3.683,-3.967,-4.302,-4.753,-5.235,-5.838,-6.391,-6.818,-7.083,-7.180,-7.149,-7.165,-7.106,-7.141,-7.119,-7.078,-7.057
317,-3.142,-3.376,-3.633,-3.918,-4.260,-4.705,-5.178,-5.775,-6.320,-6.761,-7.038,-7.144,-7.147,-7.147,-7.102,-7.152,-7.115,-7.087,-7.049
318,-3.095,-3.323,-3.572,-3.859,-4.210,-4.647,-5.129,-5.708,-6.247,-6.694,-6.982,-7.122,-7.132,-7.133,-7.094,-7.135,-7.115,-7.079,-7.055
319,-3.056,-3.278,-3.527,-3.821,-4.168,-4.601,-5.081,-5.649,-6.187,-6.627,-6.908,-7.072,-7.141,-7.134,-7.124,-7.135,-7.135,-7.081,-7.071
320,-3.027,-3.246,-3.497,-3.802,-4.141,-4.577,-5.044,-5.607,-6.146,-6.582,-6.878,-7.054,-7.112,-7.119,-7.126,-7.136,-7.146,-7.076,-7.068
321,-2.982,-3.209,-3.457,-3.767,-4.107,-4.532,-4.995,-5.558,-6.115,-6.567,-6.867,-7.048,-7.108,-7.117,-7.124,-7.142,-7.143,-7.095,-7.078
322,-2.913,-3.146,-3.397,-3.709,-4.049,-4.463,-4.923,-5.493,-6.037,-6.495,-6.804,-7.007,-7.068,-7.095,-7.088,-7.106,-7.102,-7.058,-7.039
323,-2.832,-3.065,-3.320,-3.634,-3.976,-4.390,-4.850,-5.411,-5.961,-6.411,-6.736,-6.952,-7.034,-7.080,-7.064,-7.091,-7.089,-7.052,-7.049
324,-2.804,-3.034,-3.294,-3.605,-3.947,-4.364,-4.826,-5.373,-5.922,-6.379,-6.714,-6.951,-7.044,-7.106,-7.094,-7.105,-7.109,-7.062,-7.070
325,-2.773,-2.998,-3.262,-3.576,-3.913,-4.330,-4.788,-5.335,-5.882,-6.353,-6.699,-6.943,-7.051,-7.118,-7.120,-7.118,-7.137,-7.086,-7.106
326,-2.692,-2.915,-3.184,-3.503,-3.839,-4.256,-4.710,-5.257,-5.803,-6.271,-6.630,-6.889,-7.007,-7.076,-7.084,-7.091,-7.096,-7.070,-7.081
327,-2.617,-2.845,-3.114,-3.431,-3.770,-4.191,-4.641,-5.183,-5.725,-6.192,-6.564,-6.842,-6.972,-7.047,-7.061,-7.063,-7.068,-7.053,-7.057
328,-2.580,-2.810,-3.077,-3.395,-3.738,-4.158,-4.607,-5.143,-5.685,-6.153,-6.526,-6.805,-6.933,-7.026,-7.045,-7.047,-7.066,-7.053,-7.048
329,-2.558,-2.780,-3.048,-3.370,-3.715,-4.137,-4.583,-5.116,-5.656,-6.123,-6.496,-6.777,-6.920,-7.030,-7.049,-7.055,-7.089,-7.074,-7.068
330,-2.521,-2.740,-3.009,-3.334,-3.675,-4.098,-4.544,-5.076,-5.611,-6.074,-6.455,-6.749,-6.912,-7.018,-7.049,-7.058,-7.095,-7.094,-7.082
331,-2.479,-2.698,-2.966,-3.290,-3.632,-4.055,-4.501,-5.033,-5.563,-6.025,-6.409,-6.707,-6.878,-6.982,-7.019,-7.032,-7.065,-7.051,-7.049
332,-2.447,-2.665,-2.932,-3.255,-3.602,-4.023,-4.468,-4.998,-5.528,-5.987,-6.376,-6.670,-6.850,-6.950,-7.002,-7.019,-7.046,-7.043,-7.038
333,-2.421,-2.638,-2.905,-3.230,-3.574,-3.996,-4.442,-4.970,-5.500,-5.960,-6.345,-6.630,-6.820,-6.925,-6.977,-7.003,-7.037,-7.010,-7.008
334,-2.404,-2.621,-2.885,-3.210,-3.555,-3.976,-4.422,-4.949,-5.477,-5.935,-6.309,-6.594,-6.788,-6.896,-6.950,-6.978,-7.016,-6.996,-6.988
335,-2.381,-2.597,-2.860,-3.185,-3.532,-3.952,-4.397,-4.920,-5.445,-5.898,-6.271,-6.568,-6.761,-6.867,-6.920,-6.955,-6.988,-6.962,-6.958
336,-2.359,-2.573,-2.836,-3.162,-3.508,-3.929,-4.373,-4.894,-5.416,-5.870,-6.247,-6.546,-6.732,-6.839,-6.899,-6.938,-6.960,-6.946,-6.944
337,-2.338,-2.551,-2.811,-3.138,-3.484,-3.906,-4.349,-4.870,-5.390,-5.843,-6.222,-6.521,-6.723,-6.832,-6.894,-6.930,-6.946,-6.939,-6.940
338,-2.317,-2.527,-2.787,-3.112,-3.459,-3.882,-4.325,-4.845,-5.365,-5.818,-6.197,-6.499,-6.703,-6.813,-6.872,-6.912,-6.926,-6.920,-6.920
339,-2.298,-2.507,-2.768,-3.092,-3.437,-3.862,-4.305,-4.823,-5.341,-5.795,-6.176,-6.480,-6.681,-6.795,-6.856,-6.902,-6.916,-6.908,-6.906
340,-2.293,-2.501,-2.762,-3.085,-3.430,-3.857,-4.300,-4.818,-5.334,-5.787,-6.169,-6.476,-6.670,-6.790,-6.847,-6.891,-6.904,-6.900,-6.895
341,-2.305,-2.513,-2.773,-3.096,-3.442,-3.869,-4.312,-4.829,-5.344,-5.794,-6.175,-6.481,-6.677,-6.793,-6.852,-6.893,-6.902,-6.898,-6.892
342,-2.311,-2.516,-2.776,-3.099,-3.446,-3.872,-4.314,-4.830,-5.343,-5.793,-6.173,-6.480,-6.681,-6.798,-6.862,-6.902,-6.909,-6.898,-6.897
343,-2.296,-2.501,-2.759,-3.083,-3.431,-3.856,-4.298,-4.813,-5.326,-5.775,-6.153,-6.460,-6.663,-6.786,-6.848,-6.886,-6.901,-6.903,-6.889
344,-2.282,-2.488,-2.746,-3.069,-3.417,-3.843,-4.284,-4.798,-5.311,-5.758,-6.136,-6.440,-6.645,-6.767,-6.832,-6.867,-6.887,-6.897,-6.875
345,-2.276,-2.483,-2.739,-3.063,-3.410,-3.837,-4.278,-4.793,-5.304,-5.751,-6.128,-6.426,-6.634,-6.758,-6.827,-6.856,-6.886,-6.882,-6.867
346,-2.269,-2.476,-2.731,-3.055,-3.402,-3.829,-4.270,-4.784,-5.297,-5.743,-6.117,-6.415,-6.627,-6.750,-6.826,-6.847,-6.879,-6.873,-6.854
347,-2.262,-2.468,-2.723,-3.046,-3.394,-3.820,-4.260,-4.775,-5.288,-5.734,-6.107,-6.408,-6.618,-6.746,-6.816,-6.842,-6.871,-6.859,-6.846
348,-2.259,-2.464,-2.719,-3.042,-3.391,-3.818,-4.258,-4.772,-5.285,-5.731,-6.102,-6.401,-6.612,-6.745,-6.814,-6.837,-6.873,-6.866,-6.853
349,-2.249,-2.452,-2.707,-3.032,-3.380,-3.807,-4.248,-4.761,-5.273,-5.720,-6.096,-6.394,-6.602,-6.735,-6.806,-6.833,-6.869,-6.857,-6.845
350,-2.240,-2.442,-2.699,-3.021,-3.370,-3.797,-4.239,-4.752,-5.263,-5.710,-6.086,-6.383,-6.589,-6.715,-6.791,-6.817,-6.850,-6.839,-6.826
351,-2.254,-2.458,-2.714,-3.036,-3.385,-3.812,-4.254,-4.767,-5.278,-5.723,-6.098,-6.397,-6.608,-6.733,-6.807,-6.828,-6.851,-6.832,-6.831
352,-2.263,-2.466,-2.722,-3.047,-3.395,-3.823,-4.264,-4.777,-5.287,-5.731,-6.102,-6.398,-6.606,-6.725,-6.801,-6.828,-6.843,-6.818,-6.818
353,-2.260,-2.462,-2.717,-3.042,-3.391,-3.820,-4.261,-4.773,-5.282,-5.722,-6.087,-6.372,-6.568,-6.679,-6.741,-6.775,-6.784,-6.775,-6.772
354,-2.263,-2.465,-2.721,-3.045,-3.394,-3.824,-4.264,-4.776,-5.283,-5.720,-6.078,-6.353,-6.537,-6.638,-6.688,-6.718,-6.724,-6.732,-6.722
355,-2.264,-2.467,-2.722,-3.047,-3.396,-3.825,-4.266,-4.777,-5.284,-5.718,-6.072,-6.339,-6.512,-6.608,-6.653,-6.675,-6.683,-6.688,-6.675
356,-2.264,-2.467,-2.723,-3.047,-3.396,-3.826,-4.267,-4.777,-5.284,-5.715,-6.064,-6.323,-6.483,-6.579,-6.620,-6.639,-6.654,-6.652,-6.639
357,-2.260,-2.462,-2.718,-3.043,-3.392,-3.822,-4.262,-4.773,-5.279,-5.707,-6.052,-6.304,-6.459,-6.549,-6.587,-6.605,-6.620,-6.612,-6.599
358,-2.255,-2.457,-2.712,-3.037,-3.387,-3.817,-4.257,-4.768,-5.272,-5.697,-6.036,-6.279,-6.428,-6.512,-6.550,-6.564,-6.577,-6.562,-6.552
359,-2.254,-2.455,-2.711,-3.035,-3.386,-3.817,-4.257,-4.767,-5.269,-5.689,-6.023,-6.256,-6.399,-6.472,-6.510,-6.517,-6.529,-6.511,-6.505
360,-2.253,-2.453,-2.709,-3.033,-3.385,-3.816,-4.256,-4.764,-5.262,-5.675,-5.994,-6.208,-6.339,-6.400,-6.434,-6.449,-6.455,-6.443,-6.435
361,-2.245,-2.446,-2.701,-3.026,-3.379,-3.808,-4.248,-4.754,-5.245,-5.643,-5.939,-6.127,-6.240,-6.293,-6.317,-6.331,-6.334,-6.327,-6.317
362,-2.235,-2.437,-2.693,-3.019,-3.371,-3.799,-4.239,-4.741,-5.223,-5.603,-5.874,-6.037,-6.129,-6.172,-6.187,-6.196,-6.198,-6.185,-6.177
363,-2.228,-2.430,-2.686,-3.011,-3.363,-3.792,-4.231,-4.731,-5.208,-5.576,-5.834,-5.982,-6.065,-6.102,-6.117,-6.126,-6.126,-6.113,-6.100
364,-2.217,-2.419,-2.674,-3.000,-3.352,-3.782,-4.221,-4.721,-5.198,-5.563,-5.823,-5.971,-6.053,-6.090,-6.106,-6.113,-6.113,-6.101,-6.086
365,-2.203,-2.405,-2.660,-2.986,-3.338,-3.769,-4.208,-4.708,-5.187,-5.556,-5.818,-5.971,-6.052,-6.090,-6.105,-6.111,-6.112,-6.101,-6.085
366,-2.188,-2.390,-2.647,-2.972,-3.323,-3.755,-4.194,-4.696,-5.176,-5.550,-5.816,-5.970,-6.051,-6.089,-6.104,-6.110,-6.111,-6.100,-6.084
367,-2.172,-2.373,-2.629,-2.955,-3.306,-3.738,-4.178,-4.681,-5.165,-5.544,-5.814,-5.967,-6.049,-6.087,-6.101,-6.108,-6.109,-6.098,-6.082
368,-2.167,-2.367,-2.623,-2.950,-3.303,-3.736,-4.176,-4.681,-5.168,-5.548,-5.817,-5.973,-6.059,-6.101,-6.115,-6.122,-6.122,-6.111,-6.094
369,-2.167,-2.368,-2.624,-2.951,-3.305,-3.738,-4.178,-4.683,-5.170,-5.551,-5.827,-5.993,-6.084,-6.130,-6.146,-6.152,-6.153,-6.141,-6.125
370,-2.169,-2.371,-2.626,-2.954,-3.308,-3.741,-4.181,-4.686,-5.174,-5.560,-5.848,-6.026,-6.125,-6.173,-6.195,-6.197,-6.199,-6.190,-6.173
371,-2.188,-2.390,-2.646,-2.973,-3.327,-3.759,-4.201,-4.705,-5.195,-5.592,-5.892,-6.077,-6.188,-6.239,-6.266,-6.268,-6.272,-6.267,-6.253
372,-2.206,-2.407,-2.663,-2.990,-3.343,-3.777,-4.218,-4.725,-5.221,-5.634,-5.951,-6.158,-6.285,-6.347,-6.379,-6.385,-6.391,-6.386,-6.373
373,-2.201,-2.404,-2.659,-2.986,-3.339,-3.774,-4.216,-4.723,-5.222,-5.646,-5.983,-6.218,-6.360,-6.437,-6.473,-6.489,-6.496,-6.487,-6.473
374,-2.201,-2.403,-2.658,-2.985,-3.339,-3.773,-4.216,-4.723,-5.223,-5.649,-5.991,-6.238,-6.385,-6.468,-6.508,-6.526,-6.537,-6.527,-6.516
375,-2.196,-2.397,-2.653,-2.981,-3.336,-3.771,-4.213,-4.720,-5.222,-5.650,-5.993,-6.241,-6.394,-6.478,-6.521,-6.537,-6.547,-6.539,-6.527
376,-2.200,-2.401,-2.657,-2.986,-3.341,-3.776,-4.219,-4.728,-5.230,-5.659,-6.004,-6.252,-6.406,-6.491,-6.536,-6.551,-6.561,-6.553,-6.540
377,-2.198,-2.400,-2.656,-2.985,-3.339,-3.775,-4.219,-4.727,-5.229,-5.657,-6.002,-6.248,-6.400,-6.484,-6.529,-6.544,-6.554,-6.543,-6.529
378,-2.196,-2.397,-2.654,-2.982,-3.337,-3.773,-4.216,-4.725,-5.226,-5.652,-5.995,-6.240,-6.389,-6.474,-6.517,-6.533,-6.541,-6.529,-6.516
379,-2.196,-2.398,-2.654,-2.983,-3.338,-3.774,-4.217,-4.726,-5.228,-5.655,-5.997,-6.242,-6.391,-6.476,-6.519,-6.535,-6.544,-6.533,-6.520
380,-2.192,-2.393,-2.650,-2.979,-3.333,-3.770,-4.214,-4.722,-5.224,-5.650,-5.990,-6.230,-6.378,-6.461,-6.502,-6.517,-6.525,-6.515,-6.502
381,-2.185,-2.386,-2.643,-2.971,-3.326,-3.764,-4.208,-4.716,-5.216,-5.641,-5.979,-6.216,-6.358,-6.439,-6.476,-6.495,-6.500,-6.494,-6.476
382,-2.196,-2.397,-2.653,-2.981,-3.337,-3.775,-4.219,-4.727,-5.227,-5.649,-5.984,-6.217,-6.359,-6.435,-6.472,-6.488,-6.493,-6.486,-6.469
383,-2.207,-2.408,-2.665,-2.993,-3.350,-3.788,-4.232,-4.739,-5.238,-5.657,-5.990,-6.218,-6.359,-6.432,-6.469,-6.482,-6.487,-6.479,-6.463
384,-2.200,-2.402,-2.658,-2.986,-3.344,-3.783,-4.226,-4.733,-5.231,-5.649,-5.978,-6.204,-6.343,-6.414,-6.451,-6.462,-6.465,-6.457,-6.441
385,-2.191,-2.392,-2.649,-2.977,-3.334,-3.773,-4.217,-4.724,-5.221,-5.640,-5.966,-6.187,-6.323,-6.393,-6.426,-6.437,-6.441,-6.432,-6.416
386,-2.182,-2.384,-2.640,-2.969,-3.326,-3.765,-4.209,-4.716,-5.213,-5.630,-5.955,-6.172,-6.304,-6.373,-6.407,-6.419,-6.423,-6.411,-6.394
387,-2.166,-2.368,-2.624,-2.953,-3.311,-3.750,-4.194,-4.699,-5.194,-5.605,-5.918,-6.125,-6.247,-6.310,-6.339,-6.354,-6.357,-6.346,-6.328
388,-2.158,-2.360,-2.617,-2.946,-3.304,-3.743,-4.187,-4.691,-5.182,-5.583,-5.883,-6.079,-6.191,-6.247,-6.273,-6.285,-6.288,-6.278,-6.257
389,-2.157,-2.359,-2.615,-2.944,-3.302,-3.742,-4.185,-4.689,-5.176,-5.571,-5.864,-6.049,-6.155,-6.206,-6.230,-6.240,-6.244,-6.230,-6.209
390,-2.154,-2.356,-2.611,-2.941,-3.299,-3.739,-4.182,-4.685,-5.172,-5.563,-5.851,-6.027,-6.130,-6.179,-6.201,-6.209,-6.213,-6.199,-6.181
391,-2.149,-2.350,-2.606,-2.936,-3.295,-3.735,-4.178,-4.681,-5.166,-5.554,-5.839,-6.008,-6.109,-6.157,-6.175,-6.181,-6.183,-6.171,-6.153
392,-2.147,-2.348,-2.605,-2.934,-3.293,-3.734,-4.177,-4.679,-5.164,-5.548,-5.830,-5.997,-6.095,-6.141,-6.157,-6.164,-6.164,-6.152,-6.134
393,-2.151,-2.352,-2.608,-2.937,-3.297,-3.738,-4.181,-4.684,-5.167,-5.550,-5.831,-6.000,-6.098,-6.144,-6.162,-6.169,-6.168,-6.155,-6.137
394,-2.154,-2.357,-2.613,-2.942,-3.302,-3.743,-4.186,-4.688,-5.170,-5.553,-5.835,-6.005,-6.102,-6.149,-6.166,-6.174,-6.173,-6.160,-6.142
395,-2.145,-2.348,-2.604,-2.934,-3.295,-3.735,-4.178,-4.681,-5.164,-5.548,-5.832,-6.001,-6.097,-6.144,-6.161,-6.169,-6.169,-6.156,-6.137
396,-2.122,-2.324,-2.580,-2.909,-3.272,-3.711,-4.155,-4.659,-5.144,-5.532,-5.819,-5.987,-6.082,-6.128,-6.145,-6.154,-6.154,-6.141,-6.123
397,-2.101,-2.303,-2.558,-2.889,-3.252,-3.690,-4.135,-4.639,-5.127,-5.518,-5.810,-5.981,-6.073,-6.121,-6.140,-6.149,-6.150,-6.135,-6.116
398,-2.075,-2.276,-2.532,-2.863,-3.226,-3.665,-4.110,-4.613,-5.103,-5.501,-5.798,-5.976,-6.070,-6.115,-6.134,-6.146,-6.148,-6.132,-6.112
399,-2.039,-2.241,-2.496,-2.827,-3.189,-3.630,-4.075,-4.578,-5.067,-5.461,-5.754,-5.932,-6.033,-6.081,-6.101,-6.111,-6.110,-6.096,-6.075
400,-2.011,-2.213,-2.468,-2.798,-3.160,-3.601,-4.046,-4.548,-5.034,-5.421,-5.705,-5.874,-5.971,-6.016,-6.033,-6.043,-6.042,-6.028,-6.008
401,-1.988,-2.189,-2.445,-2.775,-3.137,-3.578,-4.023,-4.524,-5.006,-5.384,-5.658,-5.813,-5.902,-5.942,-5.955,-5.963,-5.960,-5.947,-5.927
402,-1.974,-2.175,-2.431,-2.762,-3.122,-3.565,-4.010,-4.509,-4.985,-5.355,-5.617,-5.760,-5.843,-5.880,-5.890,-5.895,-5.891,-5.877,-5.857
403,-1.959,-2.160,-2.416,-2.747,-3.107,-3.550,-3.995,-4.493,-4.967,-5.330,-5.587,-5.725,-5.804,-5.840,-5.850,-5.852,-5.847,-5.831,-5.809
404,-1.949,-2.150,-2.405,-2.736,-3.097,-3.541,-3.986,-4.484,-4.958,-5.321,-5.580,-5.718,-5.796,-5.832,-5.842,-5.843,-5.839,-5.821,-5.799
405,-1.947,-2.148,-2.403,-2.733,-3.095,-3.539,-3.984,-4.482,-4.958,-5.322,-5.581,-5.720,-5.798,-5.834,-5.845,-5.845,-5.842,-5.824,-5.801
406,-1.939,-2.140,-2.396,-2.726,-3.088,-3.532,-3.977,-4.476,-4.952,-5.317,-5.576,-5.716,-5.793,-5.829,-5.840,-5.841,-5.837,-5.819,-5.797
407,-1.934,-2.136,-2.391,-2.722,-3.083,-3.528,-3.973,-4.472,-4.948,-5.314,-5.573,-5.714,-5.792,-5.828,-5.839,-5.840,-5.837,-5.819,-5.796
408,-1.931,-2.132,-2.387,-2.718,-3.080,-3.524,-3.970,-4.469,-4.946,-5.316,-5.580,-5.727,-5.808,-5.845,-5.856,-5.858,-5.855,-5.838,-5.813
409,-1.924,-2.125,-2.380,-2.712,-3.074,-3.518,-3.965,-4.465,-4.945,-5.321,-5.594,-5.748,-5.836,-5.875,-5.887,-5.890,-5.884,-5.869,-5.846
410,-1.921,-2.123,-2.378,-2.709,-3.071,-3.517,-3.964,-4.466,-4.949,-5.334,-5.620,-5.787,-5.885,-5.928,-5.944,-5.947,-5.943,-5.928,-5.905
411,-1.918,-2.119,-2.374,-2.705,-3.068,-3.514,-3.962,-4.464,-4.950,-5.343,-5.642,-5.822,-5.931,-5.981,-5.999,-6.005,-6.003,-5.987,-5.965
412,-1.913,-2.114,-2.369,-2.700,-3.063,-3.510,-3.958,-4.462,-4.950,-5.348,-5.652,-5.839,-5.952,-6.006,-6.026,-6.033,-6.033,-6.017,-5.996
413,-1.911,-2.113,-2.368,-2.698,-3.061,-3.508,-3.957,-4.462,-4.953,-5.355,-5.661,-5.851,-5.966,-6.022,-6.044,-6.051,-6.050,-6.036,-6.012
414,-1.912,-2.114,-2.368,-2.699,-3.062,-3.509,-3.958,-4.463,-4.956,-5.360,-5.668,-5.861,-5.976,-6.034,-6.057,-6.065,-6.065,-6.049,-6.025
415,-1.910,-2.112,-2.366,-2.697,-3.060,-3.508,-3.957,-4.462,-4.955,-5.360,-5.670,-5.865,-5.982,-6.040,-6.064,-6.072,-6.072,-6.055,-6.033
416,-1.908,-2.109,-2.363,-2.694,-3.058,-3.506,-3.956,-4.461,-4.953,-5.359,-5.670,-5.866,-5.984,-6.041,-6.066,-6.074,-6.074,-6.057,-6.035
417,-1.906,-2.108,-2.362,-2.693,-3.056,-3.505,-3.955,-4.460,-4.953,-5.359,-5.670,-5.866,-5.984,-6.041,-6.066,-6.075,-6.074,-6.058,-6.036
418,-1.905,-2.106,-2.361,-2.691,-3.055,-3.504,-3.954,-4.459,-4.951,-5.357,-5.668,-5.863,-5.982,-6.039,-6.064,-6.072,-6.072,-6.055,-6.034
419,-1.900,-2.102,-2.356,-2.687,-3.051,-3.500,-3.950,-4.455,-4.947,-5.352,-5.661,-5.856,-5.972,-6.030,-6.054,-6.062,-6.062,-6.046,-6.024
420,-1.908,-2.110,-2.365,-2.695,-3.059,-3.508,-3.958,-4.463,-4.955,-5.358,-5.667,-5.858,-5.972,-6.030,-6.051,-6.060,-6.059,-6.045,-6.020
421,-1.911,-2.113,-2.368,-2.699,-3.062,-3.513,-3.963,-4.468,-4.958,-5.360,-5.667,-5.854,-5.967,-6.023,-6.044,-6.051,-6.050,-6.035,-6.011
422,-1.912,-2.114,-2.369,-2.699,-3.063,-3.514,-3.964,-4.469,-4.959,-5.360,-5.664,-5.849,-5.961,-6.015,-6.035,-6.041,-6.039,-6.021,-5.997
423,-1.908,-2.110,-2.364,-2.695,-3.059,-3.510,-3.960,-4.465,-4.954,-5.353,-5.654,-5.837,-5.947,-5.999,-6.019,-6.024,-6.022,-6.003,-5.978
424,-1.908,-2.110,-2.365,-2.695,-3.059,-3.511,-3.962,-4.466,-4.954,-5.352,-5.651,-5.831,-5.938,-5.989,-6.007,-6.013,-6.008,-5.991,-5.967
425,-1.914,-2.116,-2.371,-2.701,-3.065,-3.517,-3.968,-4.473,-4.961,-5.356,-5.653,-5.830,-5.934,-5.983,-6.001,-6.005,-6.000,-5.983,-5.959
426,-1.920,-2.122,-2.377,-2.707,-3.071,-3.523,-3.975,-4.479,-4.965,-5.358,-5.651,-5.825,-5.927,-5.975,-5.991,-5.996,-5.992,-5.974,-5.950
427,-1.925,-2.127,-2.381,-2.712,-3.077,-3.529,-3.980,-4.483,-4.967,-5.356,-5.647,-5.818,-5.917,-5.964,-5.980,-5.984,-5.979,-5.962,-5.939
428,-1.926,-2.128,-2.383,-2.713,-3.078,-3.530,-3.982,-4.483,-4.966,-5.353,-5.641,-5.809,-5.906,-5.951,-5.965,-5.969,-5.965,-5.948,-5.925
429,-1.928,-2.131,-2.384,-2.715,-3.080,-3.532,-3.984,-4.485,-4.967,-5.354,-5.640,-5.805,-5.902,-5.945,-5.959,-5.963,-5.958,-5.939,-5.913
430,-1.932,-2.134,-2.388,-2.718,-3.083,-3.536,-3.987,-4.488,-4.970,-5.352,-5.634,-5.794,-5.887,-5.930,-5.944,-5.948,-5.942,-5.921,-5.896
431,-1.933,-2.136,-2.389,-2.720,-3.085,-3.537,-3.989,-4.489,-4.967,-5.341,-5.610,-5.759,-5.846,-5.885,-5.896,-5.901,-5.894,-5.874,-5.851
432,-1.929,-2.131,-2.385,-2.715,-3.081,-3.534,-3.984,-4.481,-4.950,-5.306,-5.553,-5.682,-5.755,-5.787,-5.795,-5.799,-5.790,-5.771,-5.750
433,-1.923,-2.125,-2.379,-2.709,-3.075,-3.527,-3.978,-4.470,-4.927,-5.261,-5.486,-5.596,-5.659,-5.687,-5.690,-5.692,-5.681,-5.658,-5.636
434,-1.917,-2.120,-2.374,-2.703,-3.069,-3.521,-3.971,-4.460,-4.909,-5.229,-5.444,-5.546,-5.606,-5.631,-5.633,-5.632,-5.621,-5.595,-5.571
435,-1.909,-2.111,-2.366,-2.695,-3.060,-3.513,-3.963,-4.451,-4.899,-5.215,-5.428,-5.530,-5.591,-5.616,-5.617,-5.615,-5.604,-5.578,-5.553
436,-1.900,-2.102,-2.356,-2.687,-3.052,-3.505,-3.955,-4.445,-4.895,-5.214,-5.428,-5.532,-5.593,-5.618,-5.620,-5.617,-5.606,-5.580,-5.555
437,-1.891,-2.094,-2.348,-2.678,-3.044,-3.497,-3.947,-4.438,-4.890,-5.214,-5.431,-5.535,-5.596,-5.621,-5.623,-5.621,-5.609,-5.583,-5.558
438,-1.883,-2.085,-2.339,-2.669,-3.035,-3.489,-3.939,-4.430,-4.885,-5.213,-5.432,-5.535,-5.596,-5.621,-5.623,-5.621,-5.609,-5.584,-5.559
439,-1.877,-2.079,-2.333,-2.663,-3.029,-3.483,-3.934,-4.427,-4.887,-5.219,-5.440,-5.544,-5.607,-5.633,-5.635,-5.632,-5.621,-5.595,-5.569
440,-1.870,-2.072,-2.325,-2.656,-3.021,-3.476,-3.927,-4.422,-4.885,-5.223,-5.451,-5.562,-5.628,-5.657,-5.660,-5.657,-5.646,-5.620,-5.594
441,-1.863,-2.065,-2.319,-2.649,-3.014,-3.470,-3.922,-4.420,-4.888,-5.238,-5.484,-5.610,-5.684,-5.717,-5.723,-5.720,-5.710,-5.685,-5.658
442,-1.861,-2.063,-2.317,-2.647,-3.013,-3.470,-3.923,-4.424,-4.899,-5.269,-5.537,-5.682,-5.767,-5.805,-5.816,-5.815,-5.806,-5.783,-5.756
443,-1.859,-2.061,-2.315,-2.646,-3.012,-3.469,-3.923,-4.425,-4.903,-5.282,-5.566,-5.727,-5.821,-5.865,-5.878,-5.881,-5.874,-5.851,-5.826
444,-1.853,-2.055,-2.309,-2.640,-3.006,-3.463,-3.918,-4.421,-4.902,-5.286,-5.575,-5.742,-5.841,-5.886,-5.901,-5.904,-5.898,-5.874,-5.852
445,-1.845,-2.047,-2.300,-2.632,-2.998,-3.456,-3.911,-4.415,-4.899,-5.286,-5.575,-5.741,-5.841,-5.886,-5.901,-5.904,-5.898,-5.874,-5.852
446,-1.837,-2.039,-2.293,-2.624,-2.989,-3.448,-3.904,-4.409,-4.894,-5.286,-5.577,-5.747,-5.848,-5.893,-5.909,-5.912,-5.905,-5.882,-5.860
447,-1.832,-2.034,-2.288,-2.619,-2.984,-3.444,-3.899,-4.404,-4.890,-5.284,-5.580,-5.753,-5.854,-5.900,-5.916,-5.919,-5.911,-5.889,-5.867
448,-1.827,-2.029,-2.283,-2.614,-2.980,-3.439,-3.895,-4.401,-4.887,-5.282,-5.580,-5.755,-5.858,-5.906,-5.922,-5.925,-5.918,-5.896,-5.873
449,-1.826,-2.029,-2.283,-2.614,-2.979,-3.439,-3.896,-4.401,-4.888,-5.285,-5.584,-5.761,-5.865,-5.913,-5.930,-5.932,-5.925,-5.903,-5.881
450,-1.825,-2.028,-2.282,-2.613,-2.978,-3.439,-3.896,-4.401,-4.888,-5.285,-5.584,-5.762,-5.868,-5.917,-5.933,-5.936,-5.929,-5.907,-5.884
451,-1.822,-2.025,-2.279,-2.610,-2.975,-3.436,-3.893,-4.399,-4.886,-5.283,-5.584,-5.763,-5.869,-5.918,-5.935,-5.937,-5.931,-5.909,-5.886
452,-1.822,-2.024,-2.278,-2.609,-2.974,-3.436,-3.893,-4.399,-4.886,-5.284,-5.585,-5.765,-5.872,-5.923,-5.939,-5.942,-5.935,-5.913,-5.891
453,-1.819,-2.021,-2.275,-2.606,-2.972,-3.433,-3.891,-4.397,-4.885,-5.283,-5.585,-5.766,-5.874,-5.925,-5.942,-5.945,-5.938,-5.916,-5.893
454,-1.816,-2.019,-2.274,-2.605,-2.970,-3.432,-3.890,-4.396,-4.884,-5.283,-5.587,-5.769,-5.879,-5.930,-5.948,-5.950,-5.945,-5.920,-5.897
455,-1.814,-2.017,-2.271,-2.602,-2.968,-3.431,-3.889,-4.395,-4.884,-5.285,-5.589,-5.774,-5.885,-5.938,-5.956,-5.958,-5.953,-5.930,-5.907
456,-1.811,-2.015,-2.269,-2.600,-2.966,-3.429,-3.888,-4.395,-4.884,-5.286,-5.592,-5.779,-5.892,-5.945,-5.964,-5.968,-5.963,-5.942,-5.919
457,-1.814,-2.017,-2.272,-2.603,-2.969,-3.432,-3.891,-4.399,-4.888,-5.292,-5.601,-5.789,-5.904,-5.959,-5.979,-5.984,-5.979,-5.957,-5.935
458,-1.816,-2.020,-2.275,-2.606,-2.972,-3.436,-3.895,-4.402,-4.892,-5.298,-5.609,-5.800,-5.918,-5.974,-5.995,-5.998,-5.994,-5.971,-5.950
459,-1.816,-2.020,-2.275,-2.607,-2.973,-3.436,-3.896,-4.403,-4.893,-5.299,-5.612,-5.806,-5.925,-5.981,-6.002,-6.006,-6.003,-5.979,-5.957
460,-1.815,-2.019,-2.275,-2.607,-2.974,-3.438,-3.898,-4.406,-4.898,-5.304,-5.618,-5.812,-5.931,-5.987,-6.009,-6.012,-6.009,-5.985,-5.963
461,-1.815,-2.019,-2.275,-2.607,-2.974,-3.439,-3.899,-4.408,-4.901,-5.309,-5.624,-5.817,-5.937,-5.993,-6.014,-6.018,-6.014,-5.990,-5.969
462,-1.815,-2.019,-2.274,-2.607,-2.974,-3.439,-3.899,-4.409,-4.901,-5.309,-5.625,-5.819,-5.938,-5.994,-6.016,-6.019,-6.016,-5.991,-5.970
463,-1.817,-2.021,-2.278,-2.610,-2.977,-3.442,-3.903,-4.412,-4.904,-5.311,-5.624,-5.817,-5.935,-5.991,-6.011,-6.016,-6.011,-5.988,-5.966
464,-1.819,-2.023,-2.279,-2.612,-2.979,-3.444,-3.905,-4.413,-4.904,-5.307,-5.616,-5.804,-5.920,-5.973,-5.992,-5.996,-5.989,-5.964,-5.941
465,-1.818,-2.022,-2.278,-2.610,-2.977,-3.443,-3.904,-4.412,-4.900,-5.300,-5.605,-5.788,-5.901,-5.951,-5.970,-5.971,-5.964,-5.936,-5.913
466,-1.819,-2.023,-2.279,-2.611,-2.978,-3.444,-3.905,-4.413,-4.901,-5.299,-5.602,-5.781,-5.893,-5.942,-5.960,-5.961,-5.952,-5.925,-5.903
467,-1.823,-2.027,-2.283,-2.615,-2.981,-3.448,-3.910,-4.417,-4.906,-5.303,-5.605,-5.783,-5.894,-5.943,-5.960,-5.960,-5.952,-5.923,-5.902
468,-1.824,-2.028,-2.284,-2.616,-2.982,-3.448,-3.911,-4.418,-4.906,-5.302,-5.602,-5.778,-5.886,-5.935,-5.951,-5.951,-5.942,-5.914,-5.892
469,-1.822,-2.026,-2.282,-2.613,-2.980,-3.446,-3.908,-4.415,-4.899,-5.291,-5.585,-5.755,-5.856,-5.903,-5.917,-5.919,-5.909,-5.882,-5.860
470,-1.822,-2.026,-2.281,-2.613,-2.980,-3.446,-3.908,-4.414,-4.896,-5.281,-5.567,-5.728,-5.825,-5.867,-5.880,-5.882,-5.872,-5.846,-5.821
471,-1.822,-2.026,-2.282,-2.614,-2.981,-3.448,-3.910,-4.415,-4.895,-5.274,-5.553,-5.706,-5.800,-5.841,-5.851,-5.852,-5.841,-5.815,-5.789
472,-1.823,-2.028,-2.284,-2.616,-2.983,-3.450,-3.913,-4.418,-4.897,-5.273,-5.548,-5.699,-5.792,-5.833,-5.843,-5.844,-5.833,-5.807,-5.780
473,-1.825,-2.029,-2.286,-2.618,-2.985,-3.453,-3.916,-4.421,-4.901,-5.278,-5.556,-5.708,-5.803,-5.844,-5.855,-5.856,-5.846,-5.820,-5.792
474,-1.827,-2.031,-2.288,-2.620,-2.988,-3.456,-3.920,-4.425,-4.906,-5.285,-5.566,-5.720,-5.816,-5.857,-5.868,-5.869,-5.859,-5.833,-5.805
475,-1.829,-2.034,-2.291,-2.624,-2.992,-3.460,-3.924,-4.430,-4.912,-5.294,-5.578,-5.735,-5.830,-5.871,-5.883,-5.884,-5.874,-5.848,-5.820
476,-1.828,-2.034,-2.291,-2.624,-2.992,-3.461,-3.926,-4.434,-4.917,-5.303,-5.590,-5.748,-5.844,-5.886,-5.898,-5.899,-5.890,-5.864,-5.835
477,-1.828,-2.034,-2.292,-2.626,-2.994,-3.464,-3.930,-4.438,-4.923,-5.313,-5.604,-5.765,-5.865,-5.908,-5.921,-5.923,-5.914,-5.889,-5.860
478,-1.830,-2.036,-2.294,-2.629,-2.998,-3.468,-3.935,-4.444,-4.932,-5.326,-5.623,-5.791,-5.896,-5.942,-5.957,-5.959,-5.952,-5.927,-5.898
479,-1.831,-2.038,-2.297,-2.632,-3.001,-3.472,-3.939,-4.450,-4.941,-5.340,-5.645,-5.823,-5.935,-5.984,-6.003,-6.006,-6.001,-5.977,-5.948
480,-1.833,-2.040,-2.299,-2.635,-3.004,-3.476,-3.943,-4.455,-4.948,-5.352,-5.662,-5.850,-5.967,-6.021,-6.042,-6.049,-6.045,-6.021,-5.995
481,-1.835,-2.042,-2.301,-2.637,-3.007,-3.480,-3.948,-4.460,-4.955,-5.362,-5.674,-5.863,-5.982,-6.038,-6.059,-6.066,-6.063,-6.040,-6.014
482,-1.839,-2.046,-2.306,-2.643,-3.012,-3.485,-3.954,-4.466,-4.961,-5.369,-5.684,-5.873,-5.992,-6.048,-6.069,-6.076,-6.073,-6.050,-6.024
483,-1.844,-2.052,-2.311,-2.648,-3.018,-3.491,-3.960,-4.472,-4.966,-5.375,-5.691,-5.881,-6.001,-6.056,-6.077,-6.085,-6.081,-6.058,-6.033
484,-1.850,-2.058,-2.317,-2.654,-3.024,-3.498,-3.967,-4.479,-4.973,-5.381,-5.698,-5.889,-6.010,-6.066,-6.086,-6.094,-6.091,-6.068,-6.042
485,-1.856,-2.064,-2.324,-2.661,-3.031,-3.505,-3.974,-4.486,-4.980,-5.387,-5.702,-5.890,-6.011,-6.065,-6.085,-6.092,-6.088,-6.066,-6.039
486,-1.859,-2.066,-2.326,-2.663,-3.033,-3.507,-3.977,-4.489,-4.982,-5.388,-5.701,-5.888,-6.007,-6.060,-6.079,-6.086,-6.082,-6.058,-6.031
487,-1.859,-2.066,-2.326,-2.663,-3.033,-3.508,-3.978,-4.489,-4.982,-5.386,-5.698,-5.882,-6.000,-6.054,-6.073,-6.079,-6.074,-6.050,-6.023
488,-1.861,-2.068,-2.328,-2.666,-3.035,-3.510,-3.980,-4.492,-4.984,-5.387,-5.697,-5.881,-5.998,-6.050,-6.069,-6.075,-6.069,-6.046,-6.019
489,-1.863,-2.070,-2.330,-2.667,-3.037,-3.512,-3.983,-4.495,-4.987,-5.389,-5.700,-5.883,-5.999,-6.051,-6.070,-6.075,-6.070,-6.046,-6.019
490,-1.863,-2.071,-2.331,-2.668,-3.038,-3.513,-3.984,-4.496,-4.988,-5.391,-5.702,-5.886,-6.001,-6.053,-6.072,-6.078,-6.073,-6.049,-6.021
491,-1.861,-2.068,-2.328,-2.666,-3.036,-3.512,-3.983,-4.495,-4.986,-5.388,-5.700,-5.884,-5.999,-6.050,-6.070,-6.076,-6.071,-6.046,-6.019
492,-1.857,-2.064,-2.324,-2.662,-3.032,-3.509,-3.981,-4.492,-4.983,-5.385,-5.694,-5.877,-5.992,-6.043,-6.063,-6.068,-6.062,-6.038,-6.012
493,-1.854,-2.061,-2.322,-2.660,-3.030,-3.508,-3.980,-4.491,-4.981,-5.379,-5.683,-5.860,-5.971,-6.020,-6.038,-6.042,-6.035,-6.010,-5.986
494,-1.854,-2.061,-2.322,-2.661,-3.032,-3.510,-3.983,-4.492,-4.977,-5.367,-5.660,-5.826,-5.929,-5.973,-5.987,-5.990,-5.979,-5.953,-5.929
495,-1.855,-2.063,-2.324,-2.663,-3.034,-3.512,-3.985,-4.493,-4.973,-5.351,-5.631,-5.784,-5.878,-5.918,-5.927,-5.927,-5.912,-5.881,-5.858
496,-1.858,-2.065,-2.326,-2.666,-3.036,-3.515,-3.987,-4.495,-4.973,-5.341,-5.609,-5.749,-5.835,-5.871,-5.877,-5.873,-5.855,-5.823,-5.798
497,-1.862,-2.069,-2.331,-2.670,-3.041,-3.520,-3.992,-4.499,-4.976,-5.341,-5.604,-5.737,-5.819,-5.852,-5.855,-5.850,-5.831,-5.798,-5.771
498,-1.865,-2.073,-2.335,-2.675,-3.046,-3.526,-3.999,-4.505,-4.980,-5.344,-5.606,-5.739,-5.821,-5.854,-5.856,-5.851,-5.832,-5.798,-5.770
499,-1.870,-2.079,-2.341,-2.682,-3.054,-3.534,-4.008,-4.514,-4.987,-5.348,-5.609,-5.742,-5.824,-5.856,-5.859,-5.854,-5.835,-5.800,-5.773
500,-1.876,-2.085,-2.349,-2.691,-3.063,-3.544,-4.018,-4.524,-4.996,-5.354,-5.613,-5.745,-5.826,-5.859,-5.862,-5.857,-5.837,-5.803,-5.775
501,-1.882,-2.092,-2.357,-2.700,-3.073,-3.555,-4.030,-4.536,-5.008,-5.366,-5.622,-5.752,-5.831,-5.863,-5.865,-5.860,-5.840,-5.806,-5.778
502,-1.889,-2.099,-2.365,-2.709,-3.083,-3.566,-4.041,-4.549,-5.023,-5.380,-5.633,-5.760,-5.839,-5.871,-5.873,-5.870,-5.852,-5.820,-5.791
503,-1.895,-2.106,-2.372,-2.717,-3.092,-3.575,-4.052,-4.560,-5.033,-5.387,-5.639,-5.765,-5.845,-5.877,-5.880,-5.877,-5.860,-5.828,-5.799
504,-1.898,-2.109,-2.376,-2.723,-3.099,-3.583,-4.060,-4.567,-5.037,-5.389,-5.640,-5.766,-5.845,-5.877,-5.880,-5.878,-5.861,-5.829,-5.799
505,-1.901,-2.113,-2.380,-2.727,-3.104,-3.589,-4.065,-4.572,-5.041,-5.392,-5.642,-5.766,-5.842,-5.873,-5.876,-5.874,-5.858,-5.827,-5.798
506,-1.904,-2.115,-2.383,-2.730,-3.106,-3.591,-4.068,-4.575,-5.043,-5.390,-5.633,-5.748,-5.821,-5.849,-5.853,-5.853,-5.839,-5.810,-5.780
507,-1.905,-2.117,-2.385,-2.732,-3.109,-3.594,-4.071,-4.577,-5.044,-5.385,-5.622,-5.731,-5.803,-5.829,-5.833,-5.832,-5.817,-5.789,-5.756
508,-1.905,-2.117,-2.385,-2.733,-3.110,-3.596,-4.073,-4.579,-5.044,-5.383,-5.618,-5.727,-5.798,-5.824,-5.827,-5.826,-5.811,-5.781,-5.747
509,-1.904,-2.116,-2.384,-2.732,-3.109,-3.596,-4.074,-4.579,-5.045,-5.384,-5.620,-5.729,-5.799,-5.826,-5.829,-5.828,-5.813,-5.783,-5.749
510,-1.905,-2.116,-2.384,-2.732,-3.110,-3.597,-4.076,-4.582,-5.047,-5.387,-5.624,-5.732,-5.803,-5.830,-5.832,-5.831,-5.816,-5.786,-5.753
511,-1.907,-2.119,-2.387,-2.735,-3.113,-3.600,-4.079,-4.585,-5.050,-5.391,-5.627,-5.736,-5.806,-5.834,-5.836,-5.835,-5.820,-5.790,-5.756
512,-1.910,-2.121,-2.389,-2.737,-3.115,-3.603,-4.081,-4.588,-5.054,-5.395,-5.634,-5.745,-5.817,-5.844,-5.846,-5.845,-5.830,-5.799,-5.765
513,-1.914,-2.125,-2.393,-2.742,-3.119,-3.607,-4.086,-4.593,-5.060,-5.406,-5.651,-5.766,-5.840,-5.868,-5.872,-5.870,-5.854,-5.824,-5.791
514,-1.919,-2.130,-2.398,-2.746,-3.124,-3.613,-4.093,-4.603,-5.076,-5.433,-5.689,-5.815,-5.895,-5.924,-5.932,-5.929,-5.914,-5.885,-5.853
515,-1.924,-2.135,-2.403,-2.752,-3.130,-3.620,-4.101,-4.614,-5.094,-5.465,-5.736,-5.875,-5.962,-5.996,-6.005,-6.004,-5.992,-5.962,-5.932
516,-1.930,-2.141,-2.409,-2.758,-3.137,-3.627,-4.109,-4.624,-5.106,-5.484,-5.763,-5.911,-6.001,-6.037,-6.047,-6.048,-6.037,-6.007,-5.979
517,-1.933,-2.144,-2.413,-2.762,-3.142,-3.633,-4.115,-4.630,-5.115,-5.495,-5.776,-5.926,-6.016,-6.053,-6.063,-6.064,-6.054,-6.025,-5.997
518,-1.936,-2.148,-2.417,-2.766,-3.147,-3.638,-4.121,-4.636,-5.120,-5.501,-5.783,-5.931,-6.023,-6.060,-6.069,-6.071,-6.060,-6.032,-6.004
519,-1.939,-2.151,-2.420,-2.770,-3.151,-3.643,-4.127,-4.642,-5.126,-5.507,-5.788,-5.936,-6.027,-6.064,-6.074,-6.075,-6.065,-6.036,-6.008
520,-1.940,-2.152,-2.422,-2.773,-3.154,-3.647,-4.131,-4.647,-5.131,-5.512,-5.793,-5.942,-6.033,-6.071,-6.081,-6.082,-6.072,-6.043,-6.015
521,-1.941,-2.154,-2.424,-2.775,-3.157,-3.650,-4.135,-4.652,-5.136,-5.517,-5.798,-5.948,-6.039,-6.075,-6.087,-6.090,-6.081,-6.053,-6.025
522,-1.943,-2.155,-2.426,-2.778,-3.160,-3.654,-4.140,-4.657,-5.142,-5.523,-5.804,-5.953,-6.043,-6.079,-6.091,-6.094,-6.087,-6.059,-6.029
523,-1.944,-2.157,-2.429,-2.781,-3.165,-3.659,-4.146,-4.663,-5.148,-5.529,-5.809,-5.957,-6.047,-6.083,-6.095,-6.098,-6.090,-6.063,-6.034
524,-1.945,-2.159,-2.431,-2.785,-3.169,-3.665,-4.152,-4.669,-5.153,-5.532,-5.812,-5.959,-6.050,-6.086,-6.097,-6.099,-6.092,-6.065,-6.036
525,-1.948,-2.162,-2.435,-2.789,-3.175,-3.672,-4.160,-4.677,-5.161,-5.540,-5.818,-5.963,-6.053,-6.089,-6.101,-6.103,-6.095,-6.068,-6.039
526,-1.950,-2.165,-2.439,-2.795,-3.182,-3.679,-4.168,-4.686,-5.171,-5.549,-5.825,-5.968,-6.056,-6.091,-6.102,-6.104,-6.096,-6.069,-6.040
527,-1.953,-2.169,-2.444,-2.801,-3.189,-3.687,-4.176,-4.694,-5.179,-5.555,-5.829,-5.969,-6.055,-6.088,-6.099,-6.101,-6.093,-6.066,-6.037
528,-1.957,-2.173,-2.449,-2.807,-3.196,-3.695,-4.185,-4.704,-5.189,-5.562,-5.831,-5.968,-6.053,-6.086,-6.097,-6.099,-6.091,-6.063,-6.034
529,-1.961,-2.179,-2.455,-2.814,-3.205,-3.705,-4.195,-4.714,-5.196,-5.565,-5.830,-5.967,-6.052,-6.085,-6.096,-6.097,-6.089,-6.061,-6.032
530,-1.967,-2.184,-2.462,-2.822,-3.213,-3.715,-4.205,-4.722,-5.202,-5.566,-5.829,-5.964,-6.047,-6.078,-6.089,-6.090,-6.081,-6.054,-6.025
531,-1.969,-2.187,-2.465,-2.826,-3.219,-3.721,-4.212,-4.728,-5.205,-5.564,-5.821,-5.948,-6.025,-6.055,-6.063,-6.065,-6.055,-6.027,-5.998
532,-1.970,-2.188,-2.466,-2.828,-3.222,-3.724,-4.215,-4.731,-5.204,-5.555,-5.803,-5.919,-5.992,-6.019,-6.025,-6.027,-6.014,-5.986,-5.955
533,-1.970,-2.189,-2.468,-2.829,-3.223,-3.727,-4.218,-4.732,-5.202,-5.545,-5.783,-5.893,-5.963,-5.989,-5.993,-5.993,-5.979,-5.948,-5.916
534,-1.971,-2.190,-2.469,-2.831,-3.225,-3.729,-4.221,-4.734,-5.202,-5.539,-5.771,-5.876,-5.944,-5.969,-5.971,-5.969,-5.955,-5.923,-5.889
535,-1.973,-2.192,-2.471,-2.833,-3.228,-3.732,-4.224,-4.736,-5.201,-5.533,-5.760,-5.862,-5.927,-5.951,-5.952,-5.949,-5.933,-5.901,-5.866
536,-1.976,-2.195,-2.474,-2.836,-3.232,-3.736,-4.229,-4.740,-5.201,-5.526,-5.748,-5.845,-5.908,-5.931,-5.931,-5.928,-5.912,-5.877,-5.842
537,-1.979,-2.197,-2.476,-2.839,-3.235,-3.740,-4.233,-4.743,-5.200,-5.519,-5.738,-5.830,-5.892,-5.914,-5.913,-5.909,-5.893,-5.856,-5.822
538,-1.981,-2.200,-2.478,-2.841,-3.238,-3.744,-4.236,-4.745,-5.199,-5.513,-5.726,-5.814,-5.874,-5.895,-5.893,-5.888,-5.870,-5.834,-5.799
539,-1.984,-2.202,-2.481,-2.844,-3.241,-3.748,-4.240,-4.747,-5.197,-5.505,-5.711,-5.795,-5.852,-5.872,-5.869,-5.864,-5.845,-5.809,-5.773
540,-1.987,-2.205,-2.484,-2.847,-3.245,-3.751,-4.245,-4.748,-5.194,-5.495,-5.693,-5.773,-5.828,-5.849,-5.846,-5.840,-5.821,-5.785,-5.749
541,-1.990,-2.208,-2.487,-2.851,-3.249,-3.755,-4.249,-4.749,-5.188,-5.477,-5.665,-5.739,-5.792,-5.813,-5.810,-5.804,-5.784,-5.748,-5.715
542,-1.993,-2.212,-2.491,-2.855,-3.255,-3.761,-4.253,-4.747,-5.172,-5.438,-5.609,-5.673,-5.721,-5.738,-5.733,-5.727,-5.705,-5.668,-5.636
543,-1.997,-2.215,-2.495,-2.859,-3.260,-3.766,-4.257,-4.742,-5.147,-5.381,-5.534,-5.586,-5.629,-5.643,-5.634,-5.626,-5.602,-5.562,-5.528
544,-2.000,-2.219,-2.499,-2.863,-3.264,-3.771,-4.260,-4.738,-5.129,-5.340,-5.480,-5.523,-5.562,-5.575,-5.565,-5.555,-5.530,-5.488,-5.453
545,-2.002,-2.222,-2.502,-2.867,-3.268,-3.775,-4.265,-4.737,-5.122,-5.323,-5.457,-5.497,-5.535,-5.548,-5.536,-5.525,-5.499,-5.455,-5.419
546,-2.005,-2.224,-2.504,-2.870,-3.272,-3.780,-4.269,-4.740,-5.119,-5.319,-5.452,-5.491,-5.529,-5.541,-5.529,-5.518,-5.491,-5.447,-5.409
547,-2.007,-2.225,-2.506,-2.872,-3.275,-3.784,-4.274,-4.743,-5.119,-5.317,-5.450,-5.489,-5.527,-5.539,-5.527,-5.516,-5.489,-5.445,-5.407
548,-2.008,-2.227,-2.508,-2.874,-3.278,-3.787,-4.277,-4.746,-5.120,-5.316,-5.449,-5.488,-5.526,-5.538,-5.526,-5.515,-5.488,-5.444,-5.406
549,-2.009,-2.229,-2.510,-2.876,-3.281,-3.790,-4.281,-4.750,-5.124,-5.319,-5.452,-5.490,-5.528,-5.540,-5.528,-5.517,-5.490,-5.446,-5.408
550,-2.011,-2.230,-2.512,-2.878,-3.284,-3.794,-4.286,-4.758,-5.135,-5.334,-5.470,-5.509,-5.548,-5.560,-5.548,-5.537,-5.509,-5.466,-5.427
551,-2.013,-2.232,-2.513,-2.880,-3.287,-3.798,-4.293,-4.772,-5.163,-5.377,-5.521,-5.565,-5.607,-5.619,-5.608,-5.597,-5.570,-5.527,-5.487
552,-2.015,-2.234,-2.515,-2.882,-3.290,-3.803,-4.301,-4.790,-5.198,-5.434,-5.591,-5.644,-5.688,-5.702,-5.694,-5.683,-5.658,-5.617,-5.579
553,-2.017,-2.236,-2.518,-2.885,-3.294,-3.809,-4.308,-4.805,-5.227,-5.483,-5.653,-5.713,-5.762,-5.777,-5.770,-5.762,-5.738,-5.700,-5.665
554,-2.020,-2.240,-2.522,-2.889,-3.299,-3.815,-4.315,-4.817,-5.248,-5.519,-5.698,-5.765,-5.815,-5.831,-5.825,-5.818,-5.795,-5.757,-5.723
555,-2.025,-2.245,-2.527,-2.894,-3.305,-3.822,-4.324,-4.827,-5.261,-5.536,-5.719,-5.789,-5.839,-5.854,-5.850,-5.842,-5.820,-5.781,-5.748
556,-2.030,-2.250,-2.533,-2.901,-3.313,-3.830,-4.333,-4.836,-5.270,-5.547,-5.730,-5.801,-5.850,-5.866,-5.861,-5.853,-5.831,-5.791,-5.758
557,-2.036,-2.256,-2.539,-2.908,-3.321,-3.839,-4.343,-4.847,-5.283,-5.561,-5.745,-5.817,-5.866,-5.883,-5.877,-5.868,-5.846,-5.806,-5.773
558,-2.042,-2.262,-2.545,-2.915,-3.329,-3.848,-4.353,-4.858,-5.295,-5.575,-5.759,-5.831,-5.883,-5.899,-5.892,-5.882,-5.858,-5.817,-5.785
559,-2.047,-2.268,-2.551,-2.922,-3.337,-3.857,-4.362,-4.867,-5.304,-5.580,-5.763,-5.832,-5.882,-5.897,-5.891,-5.880,-5.856,-5.815,-5.784
560,-2.055,-2.276,-2.560,-2.931,-3.348,-3.869,-4.374,-4.878,-5.312,-5.583,-5.761,-5.830,-5.880,-5.896,-5.889,-5.879,-5.854,-5.813,-5.782
561,-2.062,-2.284,-2.569,-2.940,-3.358,-3.880,-4.386,-4.888,-5.317,-5.581,-5.759,-5.828,-5.878,-5.893,-5.887,-5.877,-5.852,-5.811,-5.780
562,-2.069,-2.292,-2.577,-2.950,-3.369,-3.892,-4.398,-4.896,-5.316,-5.577,-5.754,-5.821,-5.871,-5.885,-5.877,-5.866,-5.841,-5.798,-5.768
563,-2.075,-2.298,-2.584,-2.957,-3.378,-3.901,-4.407,-4.900,-5.309,-5.561,-5.728,-5.788,-5.832,-5.846,-5.836,-5.825,-5.798,-5.754,-5.724
564,-2.081,-2.305,-2.591,-2.965,-3.387,-3.909,-4.415,-4.897,-5.290,-5.516,-5.662,-5.712,-5.752,-5.765,-5.752,-5.740,-5.709,-5.664,-5.635
565,-2.089,-2.313,-2.599,-2.974,-3.397,-3.919,-4.421,-4.886,-5.251,-5.435,-5.561,-5.601,-5.637,-5.648,-5.631,-5.617,-5.582,-5.534,-5.505
566,-2.095,-2.320,-2.608,-2.983,-3.406,-3.927,-4.426,-4.870,-5.203,-5.354,-5.465,-5.497,-5.531,-5.540,-5.521,-5.504,-5.467,-5.415,-5.385
567,-2.103,-2.329,-2.617,-2.992,-3.415,-3.935,-4.432,-4.860,-5.170,-5.299,-5.402,-5.430,-5.462,-5.471,-5.450,-5.431,-5.393,-5.339,-5.307
568,-2.111,-2.338,-2.626,-3.002,-3.426,-3.945,-4.440,-4.858,-5.157,-5.274,-5.370,-5.395,-5.427,-5.435,-5.414,-5.394,-5.355,-5.301,-5.268
569,-2.119,-2.346,-2.635,-3.011,-3.436,-3.955,-4.449,-4.861,-5.154,-5.270,-5.366,-5.390,-5.422,-5.430,-5.408,-5.388,-5.349,-5.294,-5.259
570,-2.125,-2.353,-2.642,-3.020,-3.444,-3.963,-4.456,-4.864,-5.151,-5.266,-5.362,-5.387,-5.418,-5.427,-5.405,-5.385,-5.345,-5.291,-5.256
571,-2.131,-2.359,-2.650,-3.028,-3.453,-3.971,-4.464,-4.868,-5.152,-5.263,-5.359,-5.383,-5.415,-5.423,-5.402,-5.382,-5.342,-5.287,-5.252
572,-2.137,-2.366,-2.657,-3.035,-3.460,-3.979,-4.474,-4.878,-5.159,-5.266,-5.360,-5.384,-5.415,-5.424,-5.402,-5.382,-5.342,-5.287,-5.252
573,-2.143,-2.372,-2.663,-3.043,-3.468,-3.988,-4.483,-4.892,-5.179,-5.290,-5.385,-5.408,-5.440,-5.449,-5.427,-5.407,-5.367,-5.312,-5.276
574,-2.148,-2.377,-2.668,-3.048,-3.474,-3.995,-4.492,-4.911,-5.208,-5.327,-5.425,-5.449,-5.480,-5.489,-5.469,-5.450,-5.412,-5.357,-5.321
575,-2.151,-2.380,-2.670,-3.050,-3.477,-4.000,-4.499,-4.924,-5.229,-5.354,-5.452,-5.477,-5.509,-5.517,-5.498,-5.481,-5.444,-5.390,-5.355
576,-2.151,-2.379,-2.670,-3.049,-3.476,-3.999,-4.499,-4.924,-5.229,-5.352,-5.451,-5.476,-5.508,-5.516,-5.496,-5.479,-5.442,-5.389,-5.353
577,-2.149,-2.377,-2.667,-3.047,-3.474,-3.997,-4.497,-4.922,-5.226,-5.349,-5.448,-5.473,-5.505,-5.513,-5.493,-5.477,-5.439,-5.386,-5.351
578,-2.147,-2.376,-2.666,-3.045,-3.472,-3.995,-4.495,-4.920,-5.224,-5.348,-5.446,-5.471,-5.503,-5.511,-5.492,-5.475,-5.438,-5.384,-5.349
579,-2.145,-2.373,-2.662,-3.040,-3.469,-3.993,-4.493,-4.917,-5.221,-5.344,-5.442,-5.467,-5.500,-5.507,-5.488,-5.470,-5.433,-5.380,-5.345
580,-2.140,-2.367,-2.655,-3.032,-3.461,-3.985,-4.486,-4.906,-5.205,-5.324,-5.421,-5.446,-5.479,-5.487,-5.467,-5.448,-5.410,-5.356,-5.321
581,-2.134,-2.360,-2.647,-3.022,-3.452,-3.977,-4.478,-4.893,-5.188,-5.305,-5.403,-5.427,-5.461,-5.468,-5.447,-5.427,-5.388,-5.333,-5.298
582,-2.130,-2.354,-2.639,-3.013,-3.445,-3.969,-4.471,-4.885,-5.178,-5.295,-5.393,-5.418,-5.450,-5.459,-5.437,-5.416,-5.376,-5.319,-5.285
583,-2.127,-2.349,-2.633,-3.005,-3.439,-3.965,-4.467,-4.879,-5.170,-5.286,-5.384,-5.410,-5.442,-5.450,-5.428,-5.407,-5.366,-5.308,-5.275
584,-2.126,-2.347,-2.629,-3.000,-3.436,-3.962,-4.463,-4.873,-5.162,-5.279,-5.377,-5.403,-5.435,-5.443,-5.421,-5.399,-5.358,-5.300,-5.267
585,-2.125,-2.346,-2.627,-2.998,-3.435,-3.961,-4.461,-4.870,-5.156,-5.273,-5.372,-5.397,-5.429,-5.437,-5.415,-5.393,-5.353,-5.294,-5.261
586,-2.126,-2.346,-2.627,-2.997,-3.433,-3.959,-4.459,-4.865,-5.147,-5.260,-5.358,-5.383,-5.415,-5.424,-5.401,-5.381,-5.339,-5.282,-5.247
587,-2.129,-2.347,-2.627,-2.996,-3.432,-3.958,-4.458,-4.857,-5.132,-5.239,-5.335,-5.359,-5.391,-5.399,-5.378,-5.358,-5.316,-5.260,-5.224
588,-2.132,-2.349,-2.628,-2.996,-3.433,-3.959,-4.457,-4.850,-5.117,-5.217,-5.312,-5.333,-5.365,-5.374,-5.353,-5.333,-5.292,-5.235,-5.199
589,-2.140,-2.356,-2.634,-3.002,-3.439,-3.964,-4.461,-4.848,-5.108,-5.203,-5.296,-5.317,-5.348,-5.357,-5.335,-5.316,-5.276,-5.218,-5.181
590,-2.147,-2.363,-2.640,-3.007,-3.446,-3.970,-4.466,-4.846,-5.101,-5.193,-5.284,-5.304,-5.335,-5.344,-5.322,-5.303,-5.263,-5.204,-5.165
591,-2.153,-2.369,-2.646,-3.014,-3.453,-3.977,-4.473,-4.847,-5.097,-5.187,-5.277,-5.296,-5.326,-5.335,-5.314,-5.294,-5.254,-5.194,-5.155
592,-2.160,-2.376,-2.653,-3.021,-3.460,-3.985,-4.481,-4.850,-5.096,-5.184,-5.274,-5.293,-5.324,-5.332,-5.311,-5.291,-5.250,-5.191,-5.152
593,-2.166,-2.383,-2.659,-3.027,-3.468,-3.993,-4.488,-4.855,-5.097,-5.183,-5.273,-5.292,-5.323,-5.332,-5.310,-5.290,-5.248,-5.188,-5.151
594,-2.168,-2.384,-2.661,-3.028,-3.471,-3.997,-4.493,-4.858,-5.098,-5.182,-5.270,-5.289,-5.320,-5.329,-5.307,-5.287,-5.246,-5.186,-5.148
595,-2.167,-2.383,-2.660,-3.027,-3.472,-3.999,-4.497,-4.863,-5.102,-5.184,-5.272,-5.291,-5.321,-5.330,-5.307,-5.287,-5.245,-5.184,-5.146
596,-2.166,-2.382,-2.659,-3.027,-3.473,-4.001,-4.502,-4.869,-5.110,-5.191,-5.278,-5.296,-5.326,-5.334,-5.312,-5.290,-5.247,-5.187,-5.150
597,-2.166,-2.383,-2.660,-3.027,-3.476,-4.006,-4.508,-4.877,-5.120,-5.202,-5.289,-5.309,-5.339,-5.347,-5.323,-5.301,-5.257,-5.196,-5.160
598,-2.167,-2.384,-2.662,-3.028,-3.480,-4.012,-4.517,-4.890,-5.136,-5.220,-5.308,-5.328,-5.358,-5.366,-5.342,-5.318,-5.275,-5.214,-5.177
599,-2.169,-2.386,-2.663,-3.029,-3.483,-4.017,-4.524,-4.903,-5.155,-5.243,-5.333,-5.354,-5.384,-5.392,-5.367,-5.344,-5.300,-5.239,-5.203
600,-2.169,-2.386,-2.664,-3.029,-3.485,-4.021,-4.530,-4.917,-5.175,-5.268,-5.359,-5.380,-5.411,-5.419,-5.395,-5.371,-5.328,-5.266,-5.231
601,-2.168,-2.385,-2.663,-3.028,-3.486,-4.024,-4.536,-4.929,-5.195,-5.292,-5.384,-5.406,-5.438,-5.445,-5.421,-5.398,-5.354,-5.294,-5.259
602,-2.166,-2.383,-2.661,-3.026,-3.485,-4.025,-4.539,-4.939,-5.213,-5.315,-5.409,-5.433,-5.464,-5.472,-5.448,-5.425,-5.381,-5.321,-5.286
603,-2.165,-2.381,-2.659,-3.022,-3.483,-4.025,-4.541,-4.949,-5.232,-5.339,-5.435,-5.460,-5.492,-5.499,-5.476,-5.453,-5.410,-5.350,-5.315
604,-2.163,-2.379,-2.656,-3.018,-3.481,-4.023,-4.541,-4.959,-5.250,-5.364,-5.463,-5.490,-5.522,-5.530,-5.507,-5.484,-5.440,-5.381,-5.346
605,-2.160,-2.377,-2.653,-3.014,-3.478,-4.021,-4.540,-4.965,-5.263,-5.383,-5.484,-5.512,-5.544,-5.552,-5.530,-5.508,-5.464,-5.406,-5.371
606,-2.158,-2.374,-2.649,-3.009,-3.474,-4.017,-4.537,-4.967,-5.270,-5.395,-5.498,-5.526,-5.559,-5.568,-5.546,-5.524,-5.482,-5.424,-5.389
607,-2.156,-2.371,-2.645,-3.004,-3.469,-4.013,-4.534,-4.967,-5.274,-5.402,-5.506,-5.535,-5.568,-5.577,-5.555,-5.534,-5.492,-5.436,-5.401
608,-2.153,-2.367,-2.640,-2.998,-3.464,-4.008,-4.530,-4.965,-5.273,-5.403,-5.508,-5.537,-5.570,-5.578,-5.557,-5.537,-5.495,-5.439,-5.404
609,-2.150,-2.364,-2.636,-2.993,-3.458,-4.003,-4.525,-4.962,-5.271,-5.402,-5.507,-5.534,-5.568,-5.577,-5.556,-5.536,-5.494,-5.439,-5.404
610,-2.149,-2.361,-2.632,-2.987,-3.453,-3.998,-4.520,-4.957,-5.268,-5.398,-5.503,-5.531,-5.565,-5.573,-5.553,-5.532,-5.491,-5.435,-5.400
611,-2.146,-2.358,-2.627,-2.982,-3.447,-3.992,-4.514,-4.952,-5.263,-5.394,-5.499,-5.527,-5.560,-5.569,-5.549,-5.528,-5.487,-5.431,-5.396
612,-2.144,-2.355,-2.624,-2.976,-3.442,-3.986,-4.509,-4.946,-5.258,-5.390,-5.496,-5.523,-5.557,-5.566,-5.546,-5.525,-5.484,-5.428,-5.392
613,-2.142,-2.352,-2.619,-2.971,-3.436,-3.981,-4.503,-4.941,-5.253,-5.386,-5.493,-5.520,-5.554,-5.563,-5.543,-5.522,-5.481,-5.425,-5.389
614,-2.140,-2.348,-2.615,-2.966,-3.431,-3.976,-4.498,-4.937,-5.251,-5.385,-5.492,-5.519,-5.553,-5.562,-5.542,-5.521,-5.481,-5.425,-5.389
615,-2.138,-2.346,-2.612,-2.961,-3.426,-3.970,-4.494,-4.934,-5.249,-5.383,-5.490,-5.517,-5.551,-5.561,-5.540,-5.519,-5.479,-5.424,-5.387
616,-2.136,-2.343,-2.608,-2.956,-3.421,-3.965,-4.490,-4.933,-5.250,-5.386,-5.495,-5.523,-5.558,-5.567,-5.547,-5.526,-5.485,-5.430,-5.393
617,-2.135,-2.341,-2.604,-2.951,-3.416,-3.961,-4.486,-4.936,-5.260,-5.404,-5.516,-5.547,-5.583,-5.592,-5.572,-5.552,-5.511,-5.455,-5.419
618,-2.132,-2.337,-2.600,-2.946,-3.410,-3.955,-4.482,-4.937,-5.270,-5.422,-5.539,-5.571,-5.607,-5.617,-5.597,-5.578,-5.538,-5.481,-5.445
619,-2.129,-2.334,-2.596,-2.941,-3.405,-3.950,-4.478,-4.939,-5.279,-5.438,-5.559,-5.594,-5.632,-5.642,-5.622,-5.602,-5.562,-5.505,-5.468
620,-2.128,-2.332,-2.594,-2.939,-3.402,-3.948,-4.476,-4.941,-5.288,-5.453,-5.577,-5.615,-5.653,-5.663,-5.644,-5.624,-5.585,-5.527,-5.490
621,-2.127,-2.330,-2.591,-2.936,-3.400,-3.945,-4.474,-4.943,-5.296,-5.467,-5.594,-5.632,-5.669,-5.679,-5.661,-5.643,-5.605,-5.550,-5.514
622,-2.126,-2.329,-2.589,-2.934,-3.397,-3.943,-4.472,-4.948,-5.307,-5.485,-5.615,-5.655,-5.693,-5.703,-5.686,-5.669,-5.633,-5.580,-5.544
623,-2.126,-2.329,-2.588,-2.933,-3.396,-3.942,-4.472,-4.951,-5.316,-5.500,-5.632,-5.672,-5.712,-5.722,-5.707,-5.690,-5.654,-5.601,-5.565
624,-2.129,-2.332,-2.591,-2.936,-3.398,-3.944,-4.474,-4.955,-5.321,-5.508,-5.639,-5.680,-5.720,-5.731,-5.715,-5.699,-5.663,-5.611,-5.575
625,-2.134,-2.337,-2.596,-2.941,-3.401,-3.947,-4.477,-4.959,-5.327,-5.515,-5.648,-5.688,-5.728,-5.739,-5.724,-5.708,-5.673,-5.621,-5.585
626,-2.139,-2.342,-2.601,-2.947,-3.406,-3.950,-4.480,-4.963,-5.334,-5.524,-5.658,-5.699,-5.738,-5.749,-5.734,-5.719,-5.685,-5.633,-5.596
627,-2.143,-2.346,-2.606,-2.952,-3.410,-3.952,-4.482,-4.967,-5.338,-5.530,-5.664,-5.706,-5.745,-5.756,-5.741,-5.726,-5.692,-5.640,-5.603
628,-2.146,-2.349,-2.608,-2.954,-3.410,-3.952,-4.482,-4.967,-5.340,-5.532,-5.667,-5.708,-5.749,-5.760,-5.745,-5.730,-5.696,-5.644,-5.606
629,-2.147,-2.348,-2.606,-2.952,-3.408,-3.950,-4.480,-4.966,-5.341,-5.537,-5.672,-5.713,-5.755,-5.766,-5.753,-5.736,-5.703,-5.650,-5.613
630,-2.144,-2.346,-2.604,-2.949,-3.405,-3.947,-4.477,-4.965,-5.343,-5.542,-5.680,-5.722,-5.765,-5.776,-5.762,-5.747,-5.714,-5.662,-5.625
631,-2.141,-2.342,-2.600,-2.945,-3.401,-3.943,-4.473,-4.963,-5.345,-5.548,-5.690,-5.735,-5.777,-5.788,-5.775,-5.761,-5.727,-5.676,-5.639
632,-2.137,-2.338,-2.595,-2.939,-3.395,-3.938,-4.468,-4.961,-5.346,-5.556,-5.702,-5.749,-5.792,-5.803,-5.792,-5.777,-5.743,-5.692,-5.656
633,-2.134,-2.333,-2.588,-2.929,-3.386,-3.929,-4.460,-4.956,-5.346,-5.562,-5.712,-5.761,-5.805,-5.816,-5.806,-5.791,-5.758,-5.707,-5.671
634,-2.127,-2.324,-2.576,-2.915,-3.374,-3.917,-4.450,-4.949,-5.344,-5.566,-5.719,-5.770,-5.816,-5.828,-5.817,-5.803,-5.770,-5.718,-5.682
635,-2.118,-2.314,-2.564,-2.900,-3.361,-3.904,-4.438,-4.941,-5.341,-5.571,-5.729,-5.785,-5.832,-5.844,-5.833,-5.818,-5.785,-5.733,-5.698
636,-2.110,-2.303,-2.552,-2.885,-3.347,-3.892,-4.427,-4.934,-5.339,-5.577,-5.740,-5.799,-5.847,-5.860,-5.849,-5.835,-5.803,-5.752,-5.716
637,-2.102,-2.294,-2.541,-2.871,-3.335,-3.881,-4.417,-4.926,-5.336,-5.580,-5.748,-5.809,-5.858,-5.871,-5.862,-5.848,-5.818,-5.767,-5.732
638,-2.095,-2.285,-2.529,-2.857,-3.323,-3.869,-4.406,-4.916,-5.329,-5.577,-5.748,-5.810,-5.858,-5.871,-5.863,-5.849,-5.820,-5.770,-5.736
639,-2.090,-2.278,-2.520,-2.845,-3.312,-3.859,-4.396,-4.909,-5.324,-5.576,-5.750,-5.814,-5.861,-5.875,-5.867,-5.854,-5.825,-5.776,-5.743
640,-2.085,-2.272,-2.512,-2.835,-3.303,-3.850,-4.388,-4.902,-5.319,-5.574,-5.752,-5.818,-5.868,-5.883,-5.873,-5.860,-5.832,-5.783,-5.749
641,-2.080,-2.266,-2.505,-2.825,-3.295,-3.842,-4.380,-4.895,-5.315,-5.572,-5.754,-5.822,-5.874,-5.891,-5.881,-5.867,-5.839,-5.788,-5.754
642,-2.076,-2.262,-2.499,-2.818,-3.288,-3.836,-4.374,-4.891,-5.312,-5.576,-5.764,-5.834,-5.885,-5.902,-5.893,-5.880,-5.852,-5.801,-5.765
643,-2.074,-2.259,-2.495,-2.813,-3.284,-3.832,-4.370,-4.888,-5.313,-5.583,-5.777,-5.851,-5.904,-5.921,-5.912,-5.899,-5.871,-5.820,-5.784
644,-2.074,-2.257,-2.493,-2.810,-3.281,-3.829,-4.367,-4.887,-5.314,-5.588,-5.785,-5.863,-5.918,-5.936,-5.927,-5.915,-5.886,-5.835,-5.799
645,-2.076,-2.258,-2.492,-2.808,-3.278,-3.826,-4.365,-4.886,-5.316,-5.594,-5.796,-5.875,-5.932,-5.951,-5.944,-5.930,-5.901,-5.850,-5.815
646,-2.078,-2.258,-2.491,-2.805,-3.276,-3.823,-4.363,-4.886,-5.320,-5.603,-5.809,-5.890,-5.951,-5.971,-5.964,-5.950,-5.922,-5.872,-5.837
647,-2.079,-2.259,-2.490,-2.803,-3.274,-3.821,-4.361,-4.886,-5.324,-5.611,-5.822,-5.907,-5.969,-5.989,-5.984,-5.971,-5.943,-5.894,-5.858
648,-2.080,-2.259,-2.489,-2.802,-3.273,-3.819,-4.359,-4.885,-5.324,-5.615,-5.830,-5.917,-5.979,-5.998,-5.994,-5.982,-5.955,-5.903,-5.869
649,-2.080,-2.258,-2.488,-2.799,-3.270,-3.817,-4.356,-4.883,-5.322,-5.615,-5.832,-5.920,-5.981,-6.002,-5.998,-5.987,-5.959,-5.908,-5.874
650,-2.080,-2.258,-2.486,-2.797,-3.268,-3.814,-4.354,-4.881,-5.322,-5.616,-5.834,-5.923,-5.984,-6.006,-6.001,-5.991,-5.964,-5.916,-5.879
651,-2.080,-2.257,-2.484,-2.794,-3.265,-3.812,-4.352,-4.880,-5.321,-5.617,-5.837,-5.926,-5.987,-6.009,-6.004,-5.994,-5.968,-5.922,-5.886
652,-2.080,-2.256,-2.483,-2.792,-3.263,-3.810,-4.349,-4.878,-5.320,-5.619,-5.842,-5.933,-5.994,-6.015,-6.011,-6.000,-5.976,-5.928,-5.894
653,-2.081,-2.256,-2.481,-2.789,-3.260,-3.807,-4.347,-4.876,-5.320,-5.621,-5.846,-5.940,-6.002,-6.023,-6.020,-6.007,-5.984,-5.935,-5.900
654,-2.082,-2.255,-2.479,-2.785,-3.257,-3.805,-4.344,-4.874,-5.319,-5.621,-5.849,-5.943,-6.009,-6.031,-6.027,-6.014,-5.990,-5.940,-5.907
655,-2.079,-2.252,-2.476,-2.780,-3.254,-3.801,-4.340,-4.871,-5.315,-5.618,-5.845,-5.940,-6.005,-6.028,-6.024,-6.011,-5.987,-5.937,-5.904
656,-2.076,-2.249,-2.472,-2.775,-3.249,-3.796,-4.336,-4.867,-5.312,-5.616,-5.846,-5.942,-6.010,-6.033,-6.028,-6.015,-5.991,-5.941,-5.907
657,-2.072,-2.245,-2.468,-2.769,-3.244,-3.791,-4.331,-4.862,-5.308,-5.614,-5.846,-5.944,-6.013,-6.036,-6.032,-6.020,-5.993,-5.945,-5.910
658,-2.067,-2.239,-2.461,-2.760,-3.236,-3.783,-4.323,-4.855,-5.301,-5.609,-5.844,-5.944,-6.014,-6.037,-6.034,-6.023,-5.995,-5.947,-5.911
659,-2.062,-2.234,-2.454,-2.752,-3.229,-3.777,-4.317,-4.848,-5.294,-5.605,-5.844,-5.947,-6.017,-6.040,-6.038,-6.028,-6.001,-5.954,-5.918
660,-2.056,-2.227,-2.447,-2.743,-3.222,-3.770,-4.310,-4.840,-5.286,-5.600,-5.843,-5.949,-6.021,-6.045,-6.042,-6.033,-6.006,-5.961,-5.924
661,-2.049,-2.219,-2.438,-2.732,-3.211,-3.759,-4.300,-4.832,-5.279,-5.596,-5.843,-5.951,-6.025,-6.051,-6.048,-6.038,-6.012,-5.965,-5.930
662,-2.042,-2.211,-2.428,-2.720,-3.201,-3.749,-4.291,-4.825,-5.274,-5.594,-5.843,-5.955,-6.031,-6.058,-6.055,-6.046,-6.020,-5.972,-5.937
663,-2.036,-2.204,-2.420,-2.710,-3.191,-3.740,-4.282,-4.817,-5.269,-5.591,-5.844,-5.957,-6.035,-6.063,-6.060,-6.052,-6.025,-5.976,-5.942
664,-2.031,-2.199,-2.414,-2.703,-3.185,-3.733,-4.275,-4.811,-5.262,-5.586,-5.839,-5.953,-6.031,-6.060,-6.058,-6.050,-6.023,-5.976,-5.940
665,-2.027,-2.195,-2.409,-2.696,-3.179,-3.727,-4.269,-4.805,-5.256,-5.580,-5.834,-5.949,-6.027,-6.055,-6.053,-6.046,-6.019,-5.972,-5.935
666,-2.021,-2.189,-2.403,-2.689,-3.172,-3.721,-4.262,-4.798,-5.249,-5.573,-5.828,-5.943,-6.020,-6.050,-6.048,-6.040,-6.013,-5.966,-5.929
667,-2.019,-2.185,-2.399,-2.684,-3.167,-3.716,-4.258,-4.792,-5.242,-5.566,-5.821,-5.936,-6.015,-6.043,-6.042,-6.035,-6.007,-5.960,-5.924
668,-2.017,-2.183,-2.395,-2.679,-3.163,-3.711,-4.253,-4.786,-5.235,-5.555,-5.808,-5.922,-6.000,-6.028,-6.027,-6.018,-5.992,-5.946,-5.909
669,-2.014,-2.179,-2.391,-2.674,-3.158,-3.706,-4.248,-4.781,-5.228,-5.546,-5.796,-5.908,-5.985,-6.014,-6.011,-6.002,-5.974,-5.927,-5.890
670,-2.012,-2.176,-2.387,-2.668,-3.153,-3.702,-4.243,-4.776,-5.222,-5.538,-5.789,-5.902,-5.980,-6.008,-6.004,-5.996,-5.968,-5.919,-5.881
671,-2.012,-2.175,-2.385,-2.665,-3.150,-3.699,-4.240,-4.773,-5.218,-5.535,-5.786,-5.898,-5.976,-6.004,-6.001,-5.992,-5.965,-5.915,-5.878
672,-2.012,-2.175,-2.384,-2.663,-3.149,-3.697,-4.238,-4.771,-5.216,-5.533,-5.784,-5.896,-5.975,-6.003,-6.000,-5.991,-5.963,-5.914,-5.876
673,-2.012,-2.174,-2.383,-2.661,-3.147,-3.695,-4.235,-4.769,-5.214,-5.531,-5.783,-5.895,-5.974,-6.003,-5.999,-5.990,-5.962,-5.912,-5.875
674,-2.011,-2.173,-2.381,-2.658,-3.144,-3.693,-4.233,-4.767,-5.213,-5.530,-5.784,-5.899,-5.978,-6.007,-6.003,-5.993,-5.966,-5.916,-5.879
675,-2.011,-2.173,-2.380,-2.655,-3.141,-3.690,-4.231,-4.765,-5.212,-5.531,-5.788,-5.906,-5.987,-6.017,-6.015,-6.006,-5.978,-5.929,-5.891
676,-2.009,-2.170,-2.376,-2.651,-3.138,-3.687,-4.228,-4.763,-5.211,-5.535,-5.797,-5.918,-6.002,-6.038,-6.034,-6.027,-6.003,-5.950,-5.913
677,-2.006,-2.166,-2.372,-2.646,-3.133,-3.682,-4.223,-4.760,-5.211,-5.541,-5.810,-5.936,-6.024,-6.062,-6.059,-6.053,-6.030,-5.978,-5.942
678,-2.005,-2.165,-2.370,-2.642,-3.130,-3.679,-4.220,-4.758,-5.211,-5.546,-5.821,-5.954,-6.046,-6.080,-6.083,-6.076,-6.050,-6.002,-5.969
679,-2.005,-2.164,-2.369,-2.640,-3.128,-3.677,-4.218,-4.756,-5.211,-5.548,-5.826,-5.960,-6.055,-6.089,-6.093,-6.085,-6.062,-6.015,-5.980
680,-2.005,-2.163,-2.367,-2.637,-3.126,-3.675,-4.217,-4.756,-5.212,-5.550,-5.832,-5.968,-6.063,-6.098,-6.101,-6.095,-6.073,-6.025,-5.989
681,-2.005,-2.163,-2.366,-2.635,-3.125,-3.674,-4.215,-4.755,-5.212,-5.552,-5.836,-5.975,-6.072,-6.107,-6.111,-6.104,-6.083,-6.036,-5.999
682,-2.006,-2.163,-2.365,-2.633,-3.123,-3.672,-4.214,-4.754,-5.210,-5.551,-5.836,-5.977,-6.075,-6.111,-6.114,-6.108,-6.088,-6.041,-6.007
683,-2.012,-2.170,-2.371,-2.640,-3.130,-3.678,-4.220,-4.760,-5.216,-5.556,-5.842,-5.983,-6.081,-6.119,-6.121,-6.117,-6.097,-6.051,-6.018
684,-2.027,-2.186,-2.389,-2.658,-3.146,-3.694,-4.236,-4.776,-5.233,-5.573,-5.858,-5.997,-6.093,-6.130,-6.134,-6.131,-6.110,-6.065,-6.030
685,-2.046,-2.206,-2.410,-2.680,-3.167,-3.713,-4.255,-4.796,-5.253,-5.594,-5.877,-6.014,-6.108,-6.144,-6.148,-6.145,-6.121,-6.076,-6.043
686,-2.068,-2.229,-2.434,-2.708,-3.191,-3.737,-4.278,-4.819,-5.275,-5.615,-5.895,-6.030,-6.123,-6.157,-6.161,-6.158,-6.136,-6.090,-6.056
687,-2.090,-2.253,-2.460,-2.737,-3.217,-3.762,-4.301,-4.842,-5.300,-5.638,-5.913,-6.045,-6.133,-6.167,-6.171,-6.168,-6.149,-6.104,-6.068
688,-2.107,-2.272,-2.481,-2.762,-3.238,-3.782,-4.321,-4.861,-5.320,-5.658,-5.931,-6.061,-6.147,-6.181,-6.185,-6.182,-6.164,-6.119,-6.083
689,-2.120,-2.287,-2.496,-2.780,-3.254,-3.796,-4.335,-4.875,-5.336,-5.674,-5.944,-6.074,-6.160,-6.192,-6.199,-6.193,-6.176,-6.134,-6.097
690,-2.125,-2.288,-2.496,-2.780,-3.253,-3.794,-4.333,-4.875,-5.336,-5.675,-5.947,-6.077,-6.164,-6.196,-6.203,-6.197,-6.181,-6.141,-6.103
691,-2.121,-2.284,-2.492,-2.775,-3.248,-3.789,-4.329,-4.871,-5.333,-5.674,-5.948,-6.080,-6.167,-6.199,-6.207,-6.202,-6.184,-6.144,-6.108
692,-2.117,-2.280,-2.487,-2.771,-3.244,-3.785,-4.324,-4.866,-5.328,-5.670,-5.946,-6.081,-6.169,-6.204,-6.211,-6.206,-6.188,-6.147,-6.112
693,-2.112,-2.275,-2.480,-2.765,-3.239,-3.780,-4.319,-4.861,-5.324,-5.666,-5.944,-6.080,-6.170,-6.206,-6.214,-6.208,-6.190,-6.149,-6.114
694,-2.103,-2.261,-2.462,-2.742,-3.220,-3.762,-4.302,-4.845,-5.309,-5.653,-5.937,-6.076,-6.171,-6.208,-6.217,-6.211,-6.195,-6.153,-6.118
695,-2.091,-2.245,-2.444,-2.719,-3.201,-3.744,-4.285,-4.830,-5.293,-5.641,-5.932,-6.075,-6.172,-6.210,-6.219,-6.215,-6.202,-6.158,-6.124
696,-2.082,-2.233,-2.427,-2.700,-3.185,-3.729,-4.271,-4.817,-5.280,-5.630,-5.924,-6.071,-6.170,-6.208,-6.219,-6.217,-6.205,-6.161,-6.124
697,-2.075,-2.225,-2.417,-2.687,-3.175,-3.719,-4.261,-4.808,-5.270,-5.618,-5.916,-6.064,-6.165,-6.204,-6.215,-6.214,-6.202,-6.158,-6.123
698,-2.070,-2.220,-2.411,-2.680,-3.169,-3.713,-4.255,-4.801,-5.263,-5.611,-5.909,-6.060,-6.161,-6.200,-6.211,-6.210,-6.197,-6.154,-6.120
699,-2.065,-2.215,-2.405,-2.672,-3.163,-3.707,-4.249,-4.795,-5.256,-5.604,-5.902,-6.054,-6.154,-6.194,-6.206,-6.206,-6.194,-6.150,-6.116
700,-2.061,-2.210,-2.400,-2.665,-3.157,-3.702,-4.243,-4.789,-5.249,-5.596,-5.894,-6.046,-6.146,-6.186,-6.197,-6.199,-6.186,-6.143,-6.109
701,-2.059,-2.207,-2.397,-2.661,-3.154,-3.699,-4.240,-4.786,-5.245,-5.591,-5.889,-6.041,-6.141,-6.181,-6.192,-6.193,-6.179,-6.136,-6.103
702,-2.059,-2.206,-2.395,-2.658,-3.152,-3.696,-4.238,-4.783,-5.242,-5.587,-5.883,-6.034,-6.134,-6.174,-6.186,-6.185,-6.171,-6.128,-6.097
703,-2.058,-2.205,-2.392,-2.655,-3.149,-3.694,-4.235,-4.779,-5.238,-5.581,-5.876,-6.027,-6.126,-6.166,-6.178,-6.178,-6.161,-6.120,-6.089
704,-2.056,-2.203,-2.389,-2.651,-3.146,-3.691,-4.232,-4.777,-5.234,-5.576,-5.870,-6.020,-6.117,-6.157,-6.170,-6.170,-6.154,-6.113,-6.081
705,-2.052,-2.199,-2.385,-2.645,-3.141,-3.687,-4.229,-4.773,-5.229,-5.571,-5.864,-6.015,-6.111,-6.150,-6.163,-6.163,-6.148,-6.107,-6.073
706,-2.047,-2.193,-2.379,-2.637,-3.135,-3.681,-4.223,-4.767,-5.223,-5.565,-5.860,-6.010,-6.106,-6.145,-6.159,-6.159,-6.144,-6.102,-6.068
707,-2.043,-2.190,-2.374,-2.630,-3.130,-3.678,-4.220,-4.764,-5.220,-5.563,-5.859,-6.010,-6.107,-6.147,-6.159,-6.157,-6.142,-6.100,-6.066
708,-2.040,-2.186,-2.369,-2.623,-3.125,-3.674,-4.216,-4.761,-5.217,-5.561,-5.859,-6.011,-6.111,-6.152,-6.163,-6.161,-6.146,-6.104,-6.070
709,-2.035,-2.181,-2.364,-2.617,-3.120,-3.669,-4.211,-4.756,-5.213,-5.557,-5.856,-6.008,-6.109,-6.150,-6.161,-6.159,-6.144,-6.102,-6.067
710,-2.031,-2.176,-2.359,-2.612,-3.115,-3.663,-4.206,-4.752,-5.209,-5.553,-5.854,-6.008,-6.113,-6.154,-6.167,-6.164,-6.148,-6.104,-6.072
711,-2.030,-2.174,-2.356,-2.609,-3.112,-3.661,-4.205,-4.751,-5.207,-5.552,-5.855,-6.012,-6.119,-6.159,-6.173,-6.173,-6.156,-6.113,-6.078
712,-2.033,-2.178,-2.360,-2.610,-3.115,-3.665,-4.209,-4.754,-5.211,-5.554,-5.860,-6.019,-6.129,-6.172,-6.184,-6.186,-6.167,-6.123,-6.088
713,-2.040,-2.184,-2.366,-2.616,-3.121,-3.672,-4.216,-4.762,-5.219,-5.565,-5.872,-6.032,-6.140,-6.186,-6.198,-6.197,-6.183,-6.136,-6.100
714,-2.055,-2.199,-2.380,-2.632,-3.136,-3.687,-4.231,-4.778,-5.235,-5.583,-5.890,-6.050,-6.156,-6.201,-6.214,-6.211,-6.201,-6.153,-6.116
715,-2.074,-2.217,-2.398,-2.652,-3.156,-3.705,-4.249,-4.797,-5.255,-5.600,-5.905,-6.063,-6.170,-6.215,-6.229,-6.225,-6.214,-6.167,-6.134
716,-2.097,-2.239,-2.421,-2.677,-3.180,-3.727,-4.271,-4.820,-5.280,-5.623,-5.928,-6.082,-6.190,-6.234,-6.249,-6.241,-6.234,-6.186,-6.152
717,-2.124,-2.267,-2.447,-2.708,-3.207,-3.754,-4.297,-4.847,-5.308,-5.653,-5.963,-6.111,-6.224,-6.260,-6.277,-6.273,-6.265,-6.214,-6.177
718,-2.143,-2.287,-2.465,-2.730,-3.228,-3.773,-4.316,-4.868,-5.330,-5.680,-5.992,-6.140,-6.249,-6.283,-6.303,-6.304,-6.290,-6.242,-6.205
719,-2.158,-2.301,-2.480,-2.746,-3.243,-3.787,-4.330,-4.883,-5.348,-5.696,-6.006,-6.155,-6.257,-6.294,-6.311,-6.312,-6.297,-6.255,-6.218
720,-2.176,-2.318,-2.497,-2.766,-3.261,-3.805,-4.346,-4.897,-5.362,-5.707,-6.014,-6.162,-6.267,-6.303,-6.318,-6.320,-6.305,-6.264,-6.230
721,-2.194,-2.336,-2.515,-2.786,-3.281,-3.823,-4.365,-4.915,-5.377,-5.720,-6.021,-6.170,-6.272,-6.310,-6.323,-6.326,-6.311,-6.272,-6.239
722,-2.199,-2.341,-2.519,-2.790,-3.284,-3.827,-4.371,-4.920,-5.383,-5.725,-6.023,-6.173,-6.274,-6.312,-6.327,-6.326,-6.314,-6.277,-6.242
723,-2.196,-2.337,-2.513,-2.784,-3.280,-3.822,-4.366,-4.917,-5.378,-5.722,-6.022,-6.172,-6.273,-6.308,-6.323,-6.321,-6.310,-6.272,-6.239
724,-2.193,-2.333,-2.510,-2.781,-3.277,-3.819,-4.363,-4.915,-5.376,-5.720,-6.022,-6.172,-6.271,-6.308,-6.322,-6.318,-6.310,-6.269,-6.237
725,-2.191,-2.331,-2.507,-2.778,-3.274,-3.816,-4.361,-4.912,-5.375,-5.719,-6.022,-6.173,-6.275,-6.310,-6.325,-6.320,-6.310,-6.268,-6.238
726,-2.190,-2.329,-2.505,-2.774,-3.272,-3.815,-4.359,-4.910,-5.372,-5.716,-6.018,-6.170,-6.273,-6.310,-6.324,-6.319,-6.310,-6.268,-6.239
727,-2.186,-2.323,-2.500,-2.768,-3.265,-3.809,-4.353,-4.904,-5.365,-5.710,-6.013,-6.164,-6.267,-6.307,-6.321,-6.318,-6.309,-6.270,-6.240
728,-2.178,-2.315,-2.491,-2.759,-3.256,-3.800,-4.345,-4.896,-5.357,-5.701,-6.005,-6.157,-6.261,-6.303,-6.315,-6.314,-6.304,-6.264,-6.235
729,-2.174,-2.312,-2.487,-2.754,-3.252,-3.797,-4.341,-4.892,-5.353,-5.698,-6.003,-6.156,-6.255,-6.299,-6.312,-6.314,-6.303,-6.264,-6.232
730,-2.172,-2.309,-2.484,-2.748,-3.248,-3.794,-4.338,-4.889,-5.349,-5.694,-6.000,-6.155,-6.255,-6.299,-6.313,-6.316,-6.305,-6.266,-6.234
731,-2.162,-2.298,-2.470,-2.729,-3.235,-3.782,-4.327,-4.878,-5.339,-5.684,-5.992,-6.148,-6.250,-6.295,-6.308,-6.313,-6.301,-6.261,-6.229
732,-2.154,-2.291,-2.462,-2.717,-3.227,-3.775,-4.320,-4.871,-5.332,-5.677,-5.988,-6.148,-6.252,-6.299,-6.311,-6.317,-6.304,-6.261,-6.228
733,-2.142,-2.279,-2.450,-2.701,-3.213,-3.762,-4.308,-4.859,-5.319,-5.668,-5.985,-6.148,-6.253,-6.301,-6.313,-6.319,-6.306,-6.264,-6.228
734,-2.122,-2.257,-2.429,-2.675,-3.190,-3.741,-4.286,-4.838,-5.298,-5.648,-5.964,-6.128,-6.234,-6.282,-6.296,-6.302,-6.288,-6.245,-6.211
735,-2.107,-2.242,-2.412,-2.655,-3.172,-3.726,-4.270,-4.824,-5.283,-5.632,-5.947,-6.112,-6.219,-6.266,-6.282,-6.287,-6.272,-6.230,-6.196
736,-2.098,-2.233,-2.403,-2.642,-3.161,-3.718,-4.263,-4.816,-5.276,-5.621,-5.936,-6.102,-6.210,-6.258,-6.272,-6.278,-6.265,-6.222,-6.185
737,-2.096,-2.231,-2.401,-2.636,-3.159,-3.717,-4.263,-4.814,-5.271,-5.615,-5.931,-6.099,-6.209,-6.257,-6.271,-6.273,-6.261,-6.218,-6.180
738,-2.091,-2.226,-2.396,-2.627,-3.152,-3.712,-4.258,-4.807,-5.261,-5.605,-5.922,-6.090,-6.200,-6.248,-6.261,-6.260,-6.249,-6.206,-6.170
739,-2.083,-2.219,-2.388,-2.617,-3.143,-3.704,-4.250,-4.799,-5.252,-5.595,-5.912,-6.078,-6.189,-6.237,-6.249,-6.248,-6.236,-6.192,-6.159
740,-2.076,-2.211,-2.380,-2.608,-3.135,-3.697,-4.243,-4.791,-5.244,-5.587,-5.901,-6.067,-6.180,-6.228,-6.239,-6.239,-6.226,-6.183,-6.151
741,-2.062,-2.197,-2.365,-2.590,-3.119,-3.683,-4.229,-4.776,-5.228,-5.570,-5.884,-6.050,-6.165,-6.212,-6.223,-6.222,-6.208,-6.166,-6.134
742,-2.062,-2.197,-2.366,-2.588,-3.118,-3.684,-4.230,-4.778,-5.229,-5.571,-5.885,-6.052,-6.167,-6.214,-6.224,-6.223,-6.210,-6.170,-6.136
743,-2.058,-2.193,-2.361,-2.581,-3.114,-3.680,-4.226,-4.774,-5.225,-5.567,-5.881,-6.047,-6.166,-6.212,-6.222,-6.219,-6.206,-6.167,-6.132
744,-2.052,-2.187,-2.355,-2.573,-3.107,-3.674,-4.221,-4.768,-5.219,-5.561,-5.875,-6.041,-6.159,-6.206,-6.216,-6.212,-6.199,-6.159,-6.124
745,-2.050,-2.185,-2.354,-2.570,-3.105,-3.673,-4.219,-4.767,-5.217,-5.558,-5.874,-6.038,-6.155,-6.200,-6.213,-6.208,-6.195,-6.154,-6.119
746,-2.052,-2.188,-2.357,-2.571,-3.108,-3.676,-4.223,-4.770,-5.220,-5.561,-5.878,-6.041,-6.158,-6.201,-6.216,-6.210,-6.197,-6.155,-6.120
747,-2.055,-2.191,-2.359,-2.572,-3.110,-3.680,-4.226,-4.774,-5.223,-5.564,-5.878,-6.042,-6.163,-6.207,-6.221,-6.215,-6.202,-6.159,-6.125
748,-2.051,-2.186,-2.353,-2.566,-3.105,-3.675,-4.223,-4.769,-5.218,-5.558,-5.873,-6.036,-6.154,-6.200,-6.213,-6.208,-6.195,-6.151,-6.116
749,-2.051,-2.186,-2.353,-2.565,-3.103,-3.675,-4.223,-4.769,-5.217,-5.557,-5.872,-6.034,-6.148,-6.193,-6.208,-6.203,-6.190,-6.144,-6.110
750,-2.053,-2.187,-2.354,-2.565,-3.104,-3.676,-4.225,-4.770,-5.219,-5.558,-5.871,-6.032,-6.147,-6.191,-6.207,-6.204,-6.189,-6.140,-6.108
751,-2.054,-2.188,-2.355,-2.566,-3.105,-3.678,-4.226,-4.772,-5.220,-5.559,-5.873,-6.034,-6.145,-6.189,-6.205,-6.203,-6.188,-6.139,-6.107
752,-2.062,-2.195,-2.362,-2.573,-3.113,-3.685,-4.234,-4.779,-5.227,-5.564,-5.877,-6.038,-6.148,-6.191,-6.208,-6.206,-6.191,-6.141,-6.109
753,-2.056,-2.189,-2.355,-2.566,-3.106,-3.679,-4.227,-4.773,-5.221,-5.557,-5.870,-6.031,-6.140,-6.184,-6.200,-6.198,-6.182,-6.133,-6.101
754,-2.054,-2.187,-2.353,-2.564,-3.104,-3.677,-4.225,-4.771,-5.219,-5.555,-5.868,-6.029,-6.138,-6.183,-6.198,-6.195,-6.181,-6.131,-6.099
755,-2.069,-2.202,-2.368,-2.579,-3.119,-3.692,-4.241,-4.785,-5.233,-5.569,-5.882,-6.046,-6.153,-6.197,-6.211,-6.208,-6.193,-6.144,-6.111
756,-2.088,-2.223,-2.390,-2.601,-3.140,-3.712,-4.261,-4.804,-5.252,-5.586,-5.899,-6.059,-6.166,-6.207,-6.220,-6.219,-6.203,-6.158,-6.122
757,-2.125,-2.261,-2.428,-2.641,-3.179,-3.751,-4.300,-4.845,-5.292,-5.624,-5.933,-6.087,-6.197,-6.235,-6.241,-6.246,-6.226,-6.183,-6.148
758,-2.178,-2.315,-2.484,-2.700,-3.235,-3.806,-4.353,-4.899,-5.347,-5.679,-5.982,-6.131,-6.238,-6.274,-6.277,-6.284,-6.261,-6.218,-6.183
759,-2.234,-2.373,-2.543,-2.764,-3.296,-3.863,-4.410,-4.956,-5.405,-5.733,-6.031,-6.170,-6.268,-6.304,-6.309,-6.313,-6.286,-6.249,-6.211
760,-2.304,-2.445,-2.618,-2.843,-3.371,-3.937,-4.481,-5.028,-5.477,-5.799,-6.084,-6.212,-6.301,-6.331,-6.336,-6.335,-6.306,-6.271,-6.230
761,-2.384,-2.530,-2.708,-2.939,-3.459,-4.023,-4.566,-5.111,-5.556,-5.867,-6.130,-6.243,-6.325,-6.348,-6.350,-6.345,-6.315,-6.273,-6.230
762,-2.442,-2.598,-2.785,-3.032,-3.537,-4.096,-4.636,-5.173,-5.611,-5.904,-6.144,-6.244,-6.321,-6.342,-6.343,-6.339,-6.308,-6.266,-6.225
763,-2.442,-2.597,-2.785,-3.036,-3.538,-4.098,-4.638,-5.173,-5.610,-5.904,-6.144,-6.244,-6.318,-6.339,-6.340,-6.334,-6.301,-6.259,-6.222
764,-2.444,-2.599,-2.786,-3.037,-3.539,-4.099,-4.639,-5.174,-5.612,-5.903,-6.139,-6.236,-6.310,-6.328,-6.328,-6.315,-6.283,-6.229,-6.190
765,-2.440,-2.595,-2.783,-3.034,-3.536,-4.096,-4.636,-5.171,-5.606,-5.893,-6.121,-6.214,-6.285,-6.306,-6.297,-6.280,-6.249,-6.182,-6.143
766,-2.417,-2.577,-2.769,-3.024,-3.527,-4.079,-4.622,-5.148,-5.576,-5.854,-6.073,-6.162,-6.234,-6.251,-6.243,-6.222,-6.187,-6.120,-6.084
767,-2.340,-2.495,-2.680,-2.926,-3.438,-3.995,-4.541,-5.068,-5.496,-5.775,-6.004,-6.096,-6.174,-6.197,-6.187,-6.165,-6.125,-6.061,-6.024
768,-2.271,-2.419,-2.599,-2.834,-3.355,-3.919,-4.465,-4.997,-5.424,-5.709,-5.946,-6.048,-6.132,-6.161,-6.149,-6.130,-6.089,-6.028,-5.988
769,-2.207,-2.349,-2.523,-2.749,-3.280,-3.846,-4.395,-4.929,-5.357,-5.651,-5.900,-6.013,-6.100,-6.130,-6.122,-6.112,-6.071,-6.013,-5.973
770,-2.156,-2.293,-2.463,-2.681,-3.218,-3.788,-4.337,-4.876,-5.304,-5.604,-5.866,-5.986,-6.072,-6.107,-6.101,-6.093,-6.053,-5.995,-5.956
771,-2.126,-2.260,-2.426,-2.637,-3.180,-3.754,-4.302,-4.843,-5.274,-5.577,-5.851,-5.974,-6.065,-6.100,-6.095,-6.086,-6.047,-5.989,-5.950
772,-2.107,-2.237,-2.398,-2.603,-3.153,-3.731,-4.281,-4.821,-5.253,-5.558,-5.839,-5.968,-6.056,-6.091,-6.088,-6.081,-6.046,-5.986,-5.948
773,-2.097,-2.227,-2.385,-2.583,-3.137,-3.720,-4.270,-4.810,-5.242,-5.551,-5.836,-5.965,-6.054,-6.089,-6.089,-6.085,-6.055,-5.999,-5.961
774,-2.093,-2.222,-2.381,-2.576,-3.132,-3.716,-4.266,-4.807,-5.240,-5.553,-5.843,-5.979,-6.076,-6.111,-6.112,-6.106,-6.080,-6.030,-5.990
775,-2.088,-2.218,-2.377,-2.571,-3.128,-3.711,-4.261,-4.804,-5.240,-5.560,-5.858,-6.004,-6.104,-6.139,-6.144,-6.139,-6.118,-6.072,-6.033
776,-2.083,-2.212,-2.370,-2.564,-3.121,-3.705,-4.255,-4.801,-5.238,-5.563,-5.870,-6.020,-6.119,-6.156,-6.167,-6.166,-6.146,-6.098,-6.065
777,-2.079,-2.208,-2.364,-2.554,-3.114,-3.701,-4.251,-4.798,-5.234,-5.563,-5.873,-6.025,-6.121,-6.159,-6.171,-6.170,-6.155,-6.107,-6.073
778,-2.079,-2.208,-2.364,-2.553,-3.114,-3.702,-4.252,-4.799,-5.235,-5.565,-5.875,-6.029,-6.130,-6.171,-6.182,-6.177,-6.163,-6.110,-6.077
779,-2.081,-2.209,-2.365,-2.554,-3.115,-3.704,-4.255,-4.801,-5.238,-5.567,-5.876,-6.031,-6.135,-6.178,-6.188,-6.181,-6.168,-6.117,-6.081
780,-2.092,-2.221,-2.376,-2.565,-3.126,-3.715,-4.269,-4.815,-5.252,-5.579,-5.888,-6.044,-6.146,-6.187,-6.198,-6.190,-6.178,-6.129,-6.094
781,-2.094,-2.223,-2.378,-2.566,-3.128,-3.717,-4.268,-4.816,-5.254,-5.578,-5.887,-6.044,-6.145,-6.188,-6.198,-6.192,-6.179,-6.128,-6.094
782,-2.098,-2.226,-2.381,-2.569,-3.131,-3.721,-4.270,-4.820,-5.255,-5.580,-5.886,-6.044,-6.151,-6.192,-6.200,-6.193,-6.181,-6.129,-6.095
783,-2.101,-2.228,-2.383,-2.571,-3.133,-3.724,-4.274,-4.824,-5.257,-5.582,-5.887,-6.045,-6.158,-6.199,-6.207,-6.197,-6.186,-6.131,-6.098
784,-2.105,-2.233,-2.387,-2.575,-3.138,-3.727,-4.278,-4.827,-5.263,-5.587,-5.892,-6.050,-6.156,-6.198,-6.210,-6.200,-6.193,-6.139,-6.102
785,-2.111,-2.239,-2.392,-2.581,-3.143,-3.731,-4.283,-4.831,-5.270,-5.596,-5.900,-6.057,-6.168,-6.208,-6.223,-6.209,-6.201,-6.144,-6.107
786,-2.118,-2.247,-2.398,-2.588,-3.151,-3.739,-4.292,-4.841,-5.281,-5.607,-5.912,-6.069,-6.175,-6.216,-6.229,-6.216,-6.207,-6.153,-6.117
787,-2.126,-2.253,-2.404,-2.594,-3.157,-3.746,-4.299,-4.849,-5.290,-5.614,-5.919,-6.078,-6.176,-6.216,-6.225,-6.215,-6.205,-6.155,-6.119
788,-2.130,-2.255,-2.406,-2.597,-3.160,-3.747,-4.300,-4.849,-5.290,-5.613,-5.917,-6.075,-6.173,-6.211,-6.220,-6.216,-6.201,-6.154,-6.118
789,-2.134,-2.258,-2.409,-2.602,-3.167,-3.751,-4.304,-4.852,-5.293,-5.615,-5.918,-6.073,-6.173,-6.211,-6.218,-6.216,-6.199,-6.153,-6.119
790,-2.136,-2.262,-2.412,-2.605,-3.171,-3.755,-4.306,-4.856,-5.296,-5.617,-5.919,-6.071,-6.169,-6.205,-6.214,-6.212,-6.194,-6.152,-6.117
791,-2.140,-2.267,-2.418,-2.611,-3.175,-3.760,-4.311,-4.863,-5.300,-5.620,-5.921,-6.071,-6.163,-6.200,-6.207,-6.205,-6.188,-6.151,-6.113
792,-2.145,-2.274,-2.425,-2.617,-3.180,-3.766,-4.319,-4.870,-5.304,-5.625,-5.926,-6.074,-6.166,-6.202,-6.209,-6.208,-6.192,-6.153,-6.114
793,-2.148,-2.276,-2.426,-2.619,-3.182,-3.769,-4.323,-4.871,-5.305,-5.625,-5.926,-6.073,-6.161,-6.199,-6.208,-6.207,-6.192,-6.153,-6.116
794,-2.149,-2.277,-2.426,-2.620,-3.184,-3.773,-4.324,-4.870,-5.309,-5.629,-5.931,-6.078,-6.167,-6.206,-6.215,-6.214,-6.196,-6.155,-6.117
795,-2.153,-2.279,-2.428,-2.622,-3.187,-3.777,-4.326,-4.873,-5.312,-5.633,-5.935,-6.080,-6.170,-6.211,-6.221,-6.213,-6.199,-6.155,-6.117
796,-2.156,-2.279,-2.426,-2.620,-3.187,-3.776,-4.325,-4.874,-5.312,-5.634,-5.938,-6.084,-6.174,-6.217,-6.220,-6.212,-6.200,-6.151,-6.112
797,-2.159,-2.282,-2.429,-2.621,-3.189,-3.777,-4.329,-4.877,-5.314,-5.636,-5.936,-6.083,-6.170,-6.213,-6.214,-6.206,-6.198,-6.147,-6.109
798,-2.161,-2.285,-2.434,-2.625,-3.193,-3.780,-4.333,-4.881,-5.318,-5.640,-5.941,-6.088,-6.179,-6.223,-6.218,-6.215,-6.203,-6.148,-6.114
799,-2.162,-2.287,-2.434,-2.627,-3.195,-3.782,-4.335,-4.884,-5.321,-5.641,-5.941,-6.088,-6.180,-6.222,-6.220,-6.216,-6.204,-6.148,-6.117
800,-2.165,-2.290,-2.438,-2.632,-3.200,-3.787,-4.339,-4.887,-5.326,-5.645,-5.943,-6.091,-6.182,-6.220,-6.219,-6.213,-6.202,-6.146,-6.118
801,-2.170,-2.293,-2.442,-2.636,-3.205,-3.792,-4.344,-4.891,-5.330,-5.647,-5.945,-6.091,-6.181,-6.219,-6.216,-6.209,-6.197,-6.145,-6.117
802,-2.169,-2.294,-2.443,-2.636,-3.205,-3.791,-4.345,-4.893,-5.331,-5.647,-5.944,-6.087,-6.175,-6.213,-6.211,-6.204,-6.192,-6.143,-6.113
803,-2.166,-2.292,-2.441,-2.633,-3.202,-3.789,-4.344,-4.892,-5.330,-5.647,-5.943,-6.082,-6.169,-6.205,-6.205,-6.198,-6.186,-6.137,-6.107
804,-2.167,-2.294,-2.442,-2.633,-3.202,-3.794,-4.346,-4.894,-5.330,-5.648,-5.943,-6.081,-6.171,-6.203,-6.203,-6.198,-6.181,-6.133,-6.105
805,-2.170,-2.296,-2.445,-2.634,-3.204,-3.797,-4.348,-4.895,-5.332,-5.648,-5.941,-6.079,-6.170,-6.204,-6.206,-6.201,-6.180,-6.132,-6.103
806,-2.172,-2.298,-2.444,-2.633,-3.205,-3.797,-4.349,-4.896,-5.333,-5.648,-5.940,-6.075,-6.164,-6.198,-6.199,-6.193,-6.174,-6.126,-6.094
807,-2.173,-2.299,-2.445,-2.634,-3.208,-3.803,-4.353,-4.900,-5.337,-5.650,-5.941,-6.077,-6.164,-6.202,-6.202,-6.195,-6.172,-6.127,-6.092
808,-2.177,-2.303,-2.450,-2.638,-3.213,-3.809,-4.358,-4.907,-5.341,-5.653,-5.943,-6.079,-6.164,-6.202,-6.201,-6.196,-6.169,-6.123,-6.088
809,-2.187,-2.310,-2.456,-2.645,-3.218,-3.813,-4.363,-4.915,-5.348,-5.659,-5.945,-6.078,-6.165,-6.203,-6.200,-6.192,-6.162,-6.113,-6.082
810,-2.195,-2.320,-2.465,-2.655,-3.227,-3.820,-4.373,-4.922,-5.358,-5.664,-5.948,-6.076,-6.162,-6.191,-6.191,-6.182,-6.149,-6.099,-6.068
811,-2.209,-2.337,-2.483,-2.675,-3.246,-3.838,-4.393,-4.937,-5.370,-5.674,-5.950,-6.070,-6.154,-6.181,-6.183,-6.174,-6.137,-6.089,-6.057
812,-2.230,-2.356,-2.504,-2.703,-3.274,-3.863,-4.418,-4.961,-5.387,-5.681,-5.941,-6.056,-6.137,-6.165,-6.165,-6.151,-6.120,-6.070,-6.041
813,-2.251,-2.379,-2.526,-2.732,-3.304,-3.887,-4.445,-4.982,-5.398,-5.672,-5.928,-6.038,-6.107,-6.133,-6.134,-6.126,-6.088,-6.037,-6.007
814,-2.280,-2.407,-2.551,-2.759,-3.328,-3.910,-4.469,-4.996,-5.394,-5.641,-5.875,-5.976,-6.037,-6.058,-6.052,-6.044,-5.999,-5.941,-5.905
815,-2.309,-2.433,-2.575,-2.788,-3.354,-3.931,-4.484,-4.991,-5.359,-5.565,-5.755,-5.821,-5.874,-5.889,-5.864,-5.841,-5.797,-5.724,-5.691
816,-2.323,-2.449,-2.593,-2.811,-3.379,-3.949,-4.492,-4.968,-5.298,-5.461,-5.615,-5.658,-5.702,-5.708,-5.682,-5.653,-5.605,-5.525,-5.489
817,-2.330,-2.459,-2.604,-2.823,-3.391,-3.958,-4.498,-4.943,-5.242,-5.375,-5.507,-5.542,-5.578,-5.585,-5.559,-5.532,-5.478,-5.398,-5.358
818,-2.338,-2.466,-2.612,-2.831,-3.394,-3.963,-4.502,-4.925,-5.205,-5.320,-5.441,-5.471,-5.506,-5.517,-5.486,-5.461,-5.403,-5.325,-5.285
819,-2.342,-2.470,-2.615,-2.831,-3.397,-3.966,-4.502,-4.914,-5.182,-5.288,-5.405,-5.434,-5.472,-5.482,-5.451,-5.422,-5.362,-5.281,-5.240
820,-2.341,-2.470,-2.613,-2.828,-3.396,-3.965,-4.501,-4.912,-5.178,-5.283,-5.400,-5.429,-5.467,-5.477,-5.445,-5.417,-5.356,-5.275,-5.235
821,-2.334,-2.461,-2.605,-2.819,-3.388,-3.958,-4.496,-4.905,-5.169,-5.273,-5.390,-5.419,-5.457,-5.467,-5.436,-5.407,-5.347,-5.266,-5.225
822,-2.328,-2.453,-2.597,-2.810,-3.380,-3.952,-4.490,-4.899,-5.160,-5.265,-5.382,-5.411,-5.449,-5.459,-5.427,-5.397,-5.337,-5.256,-5.215
823,-2.325,-2.451,-2.595,-2.807,-3.379,-3.951,-4.491,-4.907,-5.174,-5.286,-5.408,-5.439,-5.476,-5.486,-5.452,-5.423,-5.361,-5.276,-5.233
824,-2.323,-2.447,-2.588,-2.801,-3.375,-3.948,-4.489,-4.933,-5.232,-5.367,-5.509,-5.543,-5.583,-5.592,-5.558,-5.531,-5.468,-5.380,-5.336
825,-2.317,-2.441,-2.583,-2.794,-3.369,-3.945,-4.489,-4.971,-5.309,-5.480,-5.645,-5.692,-5.738,-5.747,-5.719,-5.691,-5.631,-5.547,-5.500
826,-2.313,-2.435,-2.577,-2.787,-3.363,-3.942,-4.488,-5.004,-5.380,-5.586,-5.771,-5.839,-5.894,-5.908,-5.889,-5.863,-5.814,-5.734,-5.689
827,-2.311,-2.433,-2.574,-2.783,-3.361,-3.942,-4.489,-5.023,-5.425,-5.658,-5.873,-5.955,-6.015,-6.027,-6.021,-5.994,-5.958,-5.881,-5.845
828,-2.301,-2.423,-2.564,-2.772,-3.352,-3.933,-4.483,-5.021,-5.433,-5.697,-5.932,-6.023,-6.062,-6.079,-6.074,-6.054,-6.024,-5.958,-5.924
829,-2.294,-2.416,-2.557,-2.763,-3.344,-3.927,-4.478,-5.020,-5.436,-5.719,-5.964,-6.062,-6.089,-6.112,-6.106,-6.099,-6.073,-6.014,-5.970
830,-2.294,-2.418,-2.559,-2.762,-3.342,-3.927,-4.478,-5.024,-5.443,-5.734,-5.987,-6.089,-6.108,-6.137,-6.144,-6.138,-6.120,-6.060,-6.010
831,-2.287,-2.410,-2.552,-2.753,-3.335,-3.921,-4.473,-5.022,-5.442,-5.737,-5.995,-6.106,-6.136,-6.164,-6.170,-6.171,-6.154,-6.085,-6.046
832,-2.273,-2.400,-2.541,-2.740,-3.321,-3.911,-4.460,-5.011,-5.434,-5.732,-5.994,-6.109,-6.160,-6.182,-6.184,-6.181,-6.163,-6.094,-6.062
833,-2.269,-2.395,-2.536,-2.732,-3.315,-3.905,-4.456,-5.005,-5.432,-5.731,-5.995,-6.111,-6.174,-6.194,-6.197,-6.187,-6.170,-6.107,-6.072
834,-2.264,-2.392,-2.531,-2.724,-3.310,-3.901,-4.452,-5.001,-5.431,-5.733,-5.999,-6.114,-6.177,-6.199,-6.203,-6.197,-6.179,-6.117,-6.086
835,-2.255,-2.384,-2.523,-2.713,-3.300,-3.893,-4.443,-4.993,-5.421,-5.723,-5.991,-6.101,-6.169,-6.190,-6.194,-6.189,-6.174,-6.112,-6.085
836,-2.250,-2.378,-2.518,-2.703,-3.292,-3.888,-4.438,-4.986,-5.414,-5.716,-5.988,-6.101,-6.157,-6.180,-6.181,-6.190,-6.175,-6.121,-6.092
837,-2.240,-2.368,-2.508,-2.691,-3.279,-3.877,-4.428,-4.977,-5.405,-5.708,-5.979,-6.098,-6.152,-6.175,-6.182,-6.187,-6.176,-6.124,-6.096
838,-2.227,-2.356,-2.496,-2.676,-3.264,-3.864,-4.417,-4.964,-5.392,-5.696,-5.968,-6.090,-6.161,-6.182,-6.186,-6.179,-6.174,-6.119,-6.092
839,-2.223,-2.352,-2.490,-2.667,-3.257,-3.858,-4.412,-4.957,-5.387,-5.694,-5.970,-6.090,-6.163,-6.182,-6.186,-6.176,-6.164,-6.112,-6.089
840,-2.219,-2.348,-2.487,-2.663,-3.251,-3.855,-4.408,-4.953,-5.382,-5.689,-5.966,-6.092,-6.167,-6.181,-6.188,-6.171,-6.157,-6.105,-6.081
