360,0.031618185,0.082143946,0.046098863,-0.028762973,-0.07069596,-0.032961668
361,0.031888418,0.082458964,0.046517531,-0.027488325,-0.070340229,-0.022264097
362,0.032248395,0.083133975,0.047339451,-0.026197552,-0.070365129,-0.007353363
363,0.032673218,0.084086991,0.0484365,-0.031502726,-0.066643248,0.001709104
364,0.033137989,0.085236027,0.049680557,-0.035031485,-0.063096443,0.004159568
365,0.03361781,0.086499095,0.050943498,-0.028163971,-0.066237205,0.005117895
366,0.034087784,0.087794206,0.052097201,-0.020826908,-0.069092456,0.006852103
367,0.034523011,0.089039375,0.053013543,-0.014430446,-0.069269796,0.010212861
368,0.034898594,0.090152614,0.053564403,-0.012372033,-0.072079629,0.007056794
369,0.035189636,0.091051935,0.053621657,-0.014044734,-0.074340345,-0.000499937
370,0.035371237,0.091655351,0.053057182,-0.01847134,-0.073675678,-0.008655887
371,0.035425405,0.091900722,0.051783921,-0.035362462,-0.071120451,-0.021159386
372,0.035361765,0.091805298,0.049879065,-0.045763376,-0.070927171,-0.037144022
373,0.035196844,0.091406173,0.047460873,-0.041946213,-0.069633468,-0.04382944
374,0.034947172,0.090740446,0.044647601,-0.038327153,-0.068663164,-0.045154663
375,0.034629279,0.08984521,0.041557507,-0.025780678,-0.072013509,-0.04414789
376,0.034259694,0.088757564,0.038308847,-0.018671685,-0.075495472,-0.046035709
377,0.033854944,0.087514602,0.03501988,-0.004717549,-0.08075159,-0.045043411
378,0.033431561,0.086153421,0.03180886,5.70E-05,-0.0776383,-0.041600594
379,0.033006072,0.084711118,0.028794047,-0.007318797,-0.066800679,-0.038762717
380,0.032595007,0.083224788,0.026093696,-0.008027755,-0.058811709,-0.033749373
381,0.032215809,0.081733085,0.023794101,-0.008252363,-0.049969968,-0.027305102
382,0.031889582,0.080280894,0.021853694,-0.025436653,-0.037752791,-0.02689342
383,0.031638345,0.078914658,0.020198945,-0.035441495,-0.032706681,-0.028557247
384,0.031484114,0.077680818,0.018756321,-0.031730553,-0.029473385,-0.024373802
385,0.031448908,0.076625818,0.017452293,-0.026610562,-0.026440097,-0.019620805
386,0.031554746,0.0757961,0.016213328,-0.024130995,-0.023231981,-0.016237113
387,0.031823644,0.075238107,0.014965895,-0.016115523,-0.021446375,-0.007709392
388,0.032277622,0.07499828,0.013636464,-0.019041312,-0.016817764,-0.001680643
389,0.032938697,0.075123063,0.012151502,-0.013951066,-0.023487055,-0.002565682
390,0.033828887,0.075658898,0.010437479,-0.02497796,-0.018062579,-0.003525761
391,0.034958773,0.076632202,0.008446773,-0.020078738,-0.026109568,-0.007479094
392,0.036293183,0.07798929,0.006235405,-0.031655616,-0.024555617,-0.013298863
393,0.037785509,0.079656453,0.003885305,-0.05924995,-0.01483064,-0.023468666
394,0.039389141,0.08155998,0.001478405,-0.077786443,-0.013556159,-0.035942214
395,0.041057471,0.083626161,-0.000903365,-0.092796259,-0.008159102,-0.042583502
396,0.04274389,0.085781287,-0.003178074,-0.107837222,0.006582647,-0.040943031
397,0.044401789,0.087951647,-0.005263792,-0.108148135,0.008643477,-0.043153599
398,0.045984558,0.090063532,-0.007078587,-0.079701217,-0.00742921,-0.045436818
399,0.04744559,0.09204323,-0.00854053,-0.038755945,-0.024299422,-0.036844706
400,0.048738275,0.093817034,-0.009567689,-0.028953569,-0.018931439,-0.019870608
401,0.049827731,0.095327302,-0.010104581,-0.036142463,-0.002113975,0.002103094
402,0.050725987,0.096580683,-0.010201513,-0.04011848,0.00661015,0.019087261
403,0.051456798,0.097599894,-0.00993524,-0.037489359,0.011974914,0.033279518
404,0.052043919,0.098407653,-0.009382515,-0.036775059,0.016111297,0.037511467
405,0.052511104,0.099026678,-0.008620095,-0.039426138,0.016815762,0.035745261
406,0.05288211,0.099479686,-0.007724732,-0.034627159,0.016558096,0.038866501
407,0.053180692,0.099789396,-0.006773182,-0.03074801,0.014916116,0.039037637
408,0.053430605,0.099978525,-0.005842198,-0.021440472,0.009029699,0.032680526
409,0.053655603,0.100069792,-0.005008536,-0.010253661,0.004644434,0.027180233
410,0.053879443,0.100085914,-0.004348949,-0.016006619,0.009701328,0.016343107
411,0.054119044,0.100043394,-0.003922068,0.000535182,-0.001571071,0.004530795
412,0.054363985,0.099933881,-0.003714024,0.019068512,-0.012862618,-0.000935153
413,0.05459701,0.099742805,-0.003692822,0.01538405,-0.009736184,-0.004219753
414,0.054800861,0.0994556,-0.00382647,0.015231423,-0.011242554,-0.008533884
415,0.054958283,0.099057699,-0.004082972,0.018050999,-0.011946491,-0.009779777
416,0.055052019,0.098534532,-0.004430336,0.023216226,-0.013488708,-0.00972673
417,0.055064812,0.097871535,-0.004836567,0.024269841,-0.012419473,-0.009296251
418,0.054979406,0.097054137,-0.005269672,0.021763181,-0.007591505,-0.006996914
419,0.054778545,0.096067773,-0.005697658,0.025293447,-0.00354788,-0.001307878
420,0.054444972,0.094897875,-0.006088529,0.018098158,-0.00259431,-0.003692841
421,0.053971182,0.093540174,-0.006419813,0.022721004,-0.005557947,-0.002387782
422,0.053388685,0.092031596,-0.006707117,0.030966238,-0.007798162,0.001555633
423,0.052738741,0.090419366,-0.006975567,0.036728388,-0.002176046,0.011467988
424,0.05206261,0.088750711,-0.007250291,0.04735987,-0.005223366,0.016424847
425,0.051401554,0.087072854,-0.007556414,0.04777292,-0.005681859,0.017851845
426,0.050796832,0.085433021,-0.007919065,0.047702391,-0.006252502,0.019458436
427,0.050289706,0.083878437,-0.00836337,0.045265012,-0.004580273,0.022180708
428,0.049921436,0.082456327,-0.008914456,0.045643818,-0.001990664,0.026736101
429,0.049733283,0.081213917,-0.00959745,0.045285725,-0.00085183,0.027455778
430,0.049766509,0.080198432,-0.010437479,0.037613539,0.003394565,0.029517023
431,0.050049578,0.079443516,-0.011449281,0.026352772,0.010047524,0.039296579
432,0.050559783,0.078928494,-0.012606044,0.035612926,0.004596571,0.06420418
433,0.05126162,0.078619109,-0.013870566,0.040252687,0.003836484,0.096524441
434,0.052119585,0.078481106,-0.015205644,0.029739109,0.013346839,0.116955688
435,0.053098176,0.078480228,-0.016574079,0.033765257,0.013142092,0.12126854
436,0.05416189,0.07858222,-0.017938668,0.040378273,0.010580617,0.117852321
437,0.055275223,0.078752825,-0.01926221,0.032560189,0.019147529,0.115601794
438,0.056402672,0.078957787,-0.020507503,0.016738305,0.034442685,0.1160774
439,0.057508734,0.07916285,-0.021637346,0.005758699,0.043235823,0.108575175
440,0.058557906,0.079333759,-0.022614537,0.002422463,0.047433413,0.096493269
441,0.059521148,0.079442233,-0.023411292,0.007622059,0.044711575,0.071021198
442,0.060395271,0.079483898,-0.024037499,0.003130746,0.044171444,0.037783243
443,0.061183552,0.079460358,-0.02451246,0.000200639,0.043552024,0.017712923
444,0.061889266,0.079373214,-0.024855482,0.001219469,0.04508542,0.012063501
445,0.062515689,0.079224069,-0.025085867,0.004348805,0.048291322,0.013922738
446,0.063066095,0.079014525,-0.025222921,-0.00277337,0.059804106,0.015676887
447,0.063543761,0.078746185,-0.025285948,0.00864247,0.054095534,0.013370493
448,0.063951963,0.078420651,-0.025294251,0.021336756,0.047421514,0.011365516
449,0.064293975,0.078039526,-0.025267136,0.022574828,0.045381227,0.007359617
450,0.064573073,0.077604413,-0.025223906,0.023051974,0.044285526,0.004906271
451,0.06479243,0.077116747,-0.025180068,0.02632751,0.044562913,0.005206395
452,0.064954808,0.076577304,-0.025135936,0.018696503,0.050844858,0.004651898
453,0.065062865,0.075986693,-0.025088024,0.024156766,0.049701457,0.004894809
454,0.065119262,0.075345522,-0.025032848,0.030721887,0.046769855,0.003767222
455,0.065126656,0.074654401,-0.024966924,0.032972152,0.048030647,0.00335957
456,0.065087707,0.073913939,-0.024886767,0.027000373,0.056219125,0.004450652
457,0.065005074,0.073124745,-0.024788892,0.031099618,0.050771328,-0.001034511
458,0.064881416,0.072287428,-0.024669815,0.023955823,0.054040355,-0.004909776
459,0.064719392,0.071402596,-0.024526052,0.017904874,0.060197563,-0.004779845
460,0.064521661,0.070470859,-0.024354116,0.023975246,0.056811803,-0.00569981
461,0.06429208,0.06949443,-0.024152821,0.034675117,0.05033415,-0.006570325
462,0.06403929,0.068481932,-0.02393016,0.043172505,0.046343722,-0.005847535
463,0.063773134,0.067443596,-0.023696424,0.040537602,0.047016001,-0.005882509
464,0.063503452,0.066389649,-0.023461902,0.031167094,0.054556295,-0.001277657
465,0.063240083,0.065330321,-0.023236885,0.029171032,0.060475467,0.006524918
466,0.06299287,0.064275839,-0.023031664,0.028237497,0.062468199,0.009532992
467,0.062771651,0.063236432,-0.022856528,0.023143764,0.063514524,0.008023849
468,0.062586268,0.06222233,-0.022721768,0.016124629,0.070273553,0.01132684
469,0.062446561,0.061243759,-0.022637674,0.020850071,0.071101687,0.020696498
470,0.062362371,0.06031095,-0.022614537,0.025936415,0.068651796,0.029238627
471,0.062339161,0.059430909,-0.022657261,0.031298871,0.064495048,0.034686352
472,0.062364891,0.05859776,-0.022749211,0.033645567,0.060816135,0.033669732
473,0.062423141,0.057802404,-0.022868368,0.028755494,0.06270189,0.028901063
474,0.062497495,0.057035744,-0.02299271,0.027785465,0.060870278,0.023074065
475,0.062571533,0.056288681,-0.023100218,0.024333597,0.059914758,0.016529393
476,0.062628839,0.055552117,-0.023168872,0.024641474,0.059483599,0.011830487
477,0.062652993,0.054816954,-0.023176651,0.023841442,0.058988049,0.005107563
478,0.062627579,0.054074095,-0.023101535,0.024494908,0.055646107,-0.004689041
479,0.062536177,0.05331444,-0.022921503,0.028935736,0.050190135,-0.015310396
480,0.062362371,0.052528892,-0.022614537,0.034356765,0.044447371,-0.023562245
481,0.062095613,0.051710555,-0.022166552,0.040358903,0.038398545,-0.027558606
482,0.061748848,0.050861342,-0.021595214,0.037364188,0.037790609,-0.030291941
483,0.061340889,0.049985366,-0.020926128,0.031782421,0.03929102,-0.032122631
484,0.060890554,0.049086743,-0.020184895,0.027133755,0.039136109,-0.034678661
485,0.060416655,0.048169587,-0.01939712,0.027036829,0.035204718,-0.036355056
486,0.05993801,0.047238013,-0.018588405,0.029331744,0.034503727,-0.033834695
487,0.059473432,0.046296135,-0.017784355,0.026914563,0.03919169,-0.029462882
488,0.059041738,0.045348068,-0.017010571,0.023046308,0.042845701,-0.02714796
489,0.058661742,0.044397926,-0.016292658,0.028788482,0.039176352,-0.026585606
490,0.058352259,0.043449824,-0.015656218,0.038889131,0.032893988,-0.026469891
491,0.058126977,0.04250791,-0.015120496,0.041190031,0.035317426,-0.023065632
492,0.057979068,0.041576463,-0.014679302,0.03894227,0.042458254,-0.017596896
493,0.057896578,0.040659797,-0.014320086,0.040273258,0.044651164,-0.011427546
494,0.05786755,0.039762223,-0.0140303,0.047808267,0.03856811,-0.004469671
495,0.05788003,0.038888056,-0.013797394,0.047775745,0.03760325,0.004880152
496,0.057922063,0.038041608,-0.013608819,0.042641096,0.039447193,0.013220931
497,0.057981692,0.037227191,-0.013452026,0.035069321,0.041218926,0.014789954
498,0.058046964,0.036449119,-0.013314466,0.021881619,0.047132002,0.01217634
499,0.058105923,0.035711705,-0.01318359,0.012419717,0.047513922,0.006873329
500,0.058146613,0.035019261,-0.013046848,0.003664605,0.04643155,0.000956669
501,0.058159125,0.034373118,-0.012894403,-0.004033719,0.044216745,-0.00570463
502,0.058141731,0.033762674,-0.012727262,-0.010872108,0.04126406,-0.012916829
503,0.05809475,0.033174346,-0.012549143,-0.011976719,0.035313634,-0.019176709
504,0.058018499,0.032594548,-0.012363764,-0.010840983,0.029883665,-0.022649545
505,0.057913297,0.032009698,-0.012174844,-0.010462369,0.026704068,-0.023188112
506,0.057779461,0.031406211,-0.011986101,-0.008153978,0.023721069,-0.018311466
507,0.05761731,0.030770503,-0.011801254,-0.007724016,0.023054615,-0.013554859
508,0.057427161,0.03008899,-0.011624021,-0.004557781,0.021190849,-0.012360113
509,0.057209333,0.029348088,-0.011458119,0.002849907,0.018152103,-0.011604415
510,0.056964144,0.028534213,-0.011307268,0.008266033,0.015406709,-0.011895261
511,0.056693588,0.027638978,-0.011174179,0.013487488,0.011125456,-0.013662382
512,0.056406363,0.026674784,-0.011057535,0.015639528,0.01012761,-0.016367811
513,0.056112844,0.025659229,-0.01095501,0.009747776,0.013919339,-0.022006345
514,0.055823406,0.024609911,-0.010864282,0.004806401,0.016170865,-0.034941722
515,0.055548422,0.023544428,-0.010783026,0.0038193,0.014396084,-0.05023925
516,0.055298268,0.022480378,-0.010708918,-0.00721321,0.02007933,-0.057794061
517,0.055083319,0.02143536,-0.010639633,-0.013940488,0.023874649,-0.060538097
518,0.054913948,0.020426971,-0.010572848,-0.010868181,0.019998643,-0.063282965
519,0.054800531,0.019472809,-0.010506238,-0.008895391,0.016992352,-0.065617684
520,0.054753442,0.018590472,-0.010437479,-0.007086431,0.014441839,-0.068076792
521,0.054778778,0.017793156,-0.010363824,-0.002273321,0.009433372,-0.070919508
522,0.054865529,0.017076445,-0.010280836,-0.001391344,0.006598896,-0.073656507
523,0.054998406,0.016431519,-0.010183658,-0.004779106,0.006334848,-0.07667654
524,0.055162122,0.015849561,-0.010067429,-0.007711433,0.00536555,-0.079792783
525,0.055341389,0.01532175,-0.009927291,-0.010020598,0.002886111,-0.083975876
526,0.055520919,0.014839269,-0.009758385,-0.011145168,-0.000843288,-0.088104322
527,0.055685424,0.014393299,-0.009555852,-0.011353617,-0.005497795,-0.091885416
528,0.055819616,0.013975021,-0.009314832,-0.015115762,-0.007564885,-0.095354225
529,0.055908208,0.013575616,-0.009030468,-0.016917787,-0.011763489,-0.099346718
530,0.05593591,0.013186265,-0.008697899,-0.018390116,-0.015969461,-0.102197184
531,0.055892072,0.012799323,-0.008314964,-0.020459237,-0.01723769,-0.100461122
532,0.055784584,0.012411839,-0.007890288,-0.021148523,-0.017080725,-0.094708631
533,0.055625973,0.012022034,-0.007435195,-0.021697534,-0.01662011,-0.088741327
534,0.055428766,0.011628131,-0.006961007,-0.019815455,-0.018012538,-0.084594009
535,0.055205489,0.011228351,-0.006479046,-0.013325867,-0.023259776,-0.081414473
536,0.05496867,0.010820916,-0.006000636,-0.008758868,-0.027755372,-0.078056874
537,0.054730835,0.010404048,-0.005537098,-0.011545485,-0.026186135,-0.074106565
538,0.05450451,0.00997597,-0.005099756,-0.01314484,-0.025513644,-0.069391269
539,0.054302224,0.009534902,-0.004699932,-0.014187521,-0.02558443,-0.064028825
540,0.054136502,0.009079068,-0.004348949,-0.013807354,-0.02682081,-0.05786928
541,0.054016298,0.008607478,-0.004054723,-0.012759976,-0.029117664,-0.047630372
542,0.053936279,0.008122304,-0.003811541,-0.012499403,-0.031519671,-0.02749566
543,0.053887535,0.007626508,-0.003610285,-0.013270899,-0.033154486,0.003009145
544,0.053861159,0.007123048,-0.003441834,-0.012540441,-0.035705789,0.028925862
545,0.053848243,0.006614888,-0.003297069,-0.010620903,-0.038947369,0.038651734
546,0.05383988,0.006104987,-0.003166872,-0.008802649,-0.04186024,0.039677464
547,0.053827161,0.005596307,-0.003042123,-0.011945267,-0.040609137,0.04004564
548,0.05380118,0.005091808,-0.002913702,-0.01469392,-0.039244646,0.039909057
549,0.053753027,0.004594451,-0.002772491,-0.012749392,-0.041562323,0.036699683
550,0.053673796,0.004107197,-0.00260937,-0.011908049,-0.043059669,0.025254959
551,0.053556778,0.003632566,-0.002417453,-0.012770086,-0.043154527,-0.00135751
552,0.053404061,0.00317131,-0.002198786,-0.01212105,-0.044302494,-0.031811489
553,0.053219933,0.002723738,-0.001957649,-0.01233343,-0.045120129,-0.055068085
554,0.053008682,0.002290163,-0.001698321,-0.010720159,-0.047569191,-0.070532725
555,0.052774594,0.001870893,-0.001425082,-0.008023762,-0.051488056,-0.077649937
556,0.052521958,0.001466239,-0.001142211,-0.011342922,-0.051170384,-0.081310859
557,0.052255061,0.001076513,-0.000853988,-0.018072596,-0.048224304,-0.085370165
558,0.051978191,0.000702024,-0.000564692,-0.02292472,-0.046621943,-0.088925615
559,0.051695636,0.000343083,-0.000278603,-0.026047915,-0.046281031,-0.089085295
560,0.051411682,0,0,-0.027002423,-0.048728734,-0.090262863
561,0.051130535,-0.000327882,0.000267144,-0.025693177,-0.052914222,-0.091620356
562,0.050856066,-0.000645096,0.000520084,-0.025159069,-0.056504752,-0.091625456
563,0.050592061,-0.00095714,0.000756381,-0.023825415,-0.059559209,-0.083820411
564,0.050342309,-0.001269515,0.000973595,-0.022729223,-0.062376042,-0.06348345
565,0.050110597,-0.00158772,0.001169288,-0.025801687,-0.062349637,-0.026426833
566,0.049900714,-0.001917255,0.001341022,-0.029344313,-0.061685306,0.017025411
567,0.049716446,-0.00226362,0.001486356,-0.032443275,-0.061878179,0.050937192
568,0.049561582,-0.002632315,0.001602854,-0.03874977,-0.059938136,0.069212116
569,0.049439909,-0.003028839,0.001688074,-0.042195996,-0.060116779,0.070799439
570,0.049355215,-0.003458692,0.00173958,-0.043648802,-0.061348794,0.071315863
571,0.049308805,-0.003924141,0.001759416,-0.04515912,-0.062508238,0.07170071
572,0.049292051,-0.004414511,0.001767571,-0.05056016,-0.060848214,0.069108364
573,0.049293845,-0.004915898,0.001788516,-0.053126233,-0.06128797,0.051879755
574,0.049303076,-0.005414393,0.001846725,-0.055096034,-0.06183684,0.027966423
575,0.049308635,-0.005896092,0.001966668,-0.056978293,-0.061508855,0.013264577
576,0.049299413,-0.006347086,0.00217282,-0.058417136,-0.059828511,0.014370339
577,0.049264298,-0.006753469,0.002489651,-0.058001558,-0.058697902,0.016651243
578,0.049192183,-0.007101336,0.002941635,-0.055625024,-0.059335207,0.018317485
579,0.049071957,-0.007376778,0.003553244,-0.050313658,-0.061622293,0.021822072
580,0.04889251,-0.00756589,0.004348949,-0.040758726,-0.065701656,0.033695756
581,0.048647144,-0.007660681,0.005343675,-0.027671692,-0.071757481,0.045296359
582,0.048346804,-0.007676827,0.006514145,-0.014944473,-0.078060582,0.052819378
583,0.048006847,-0.007635922,0.007827532,-0.007910582,-0.080675954,0.060141608
584,0.047642629,-0.007559556,0.009251012,-0.002361358,-0.082587698,0.067054844
585,0.047269507,-0.007469324,0.010751758,0.003016797,-0.084934621,0.073830798
586,0.046902837,-0.007386816,0.012296946,0.007675663,-0.087279691,0.085759509
587,0.046557976,-0.007333627,0.013853748,0.010991078,-0.089591402,0.104225913
588,0.04625028,-0.007331348,0.015389339,0.001520951,-0.082220394,0.124947086
589,0.045995105,-0.007401571,0.016870894,-0.020641523,-0.066959915,0.139613334
590,0.045807809,-0.00756589,0.018265587,-0.027677084,-0.06388682,0.148836914
591,0.045699228,-0.007839299,0.019548212,-0.030624504,-0.064509153,0.154421092
592,0.045662125,-0.008210408,0.020724042,-0.032805838,-0.066098109,0.154799133
593,0.045684741,-0.008661226,0.021805971,-0.035282782,-0.06734366,0.153452376
594,0.045755319,-0.009173765,0.022806892,-0.034618881,-0.069275718,0.154147864
595,0.045862102,-0.009730036,0.023739698,-0.034055447,-0.070041922,0.151827539
596,0.045993331,-0.01031205,0.024617283,-0.033705632,-0.070933691,0.146640924
597,0.046137251,-0.010901819,0.02545254,-0.034240149,-0.071835235,0.134610352
598,0.046282103,-0.011481353,0.026258362,-0.035177392,-0.072790038,0.119185843
599,0.046416129,-0.012032663,0.027047643,-0.03474533,-0.074688347,0.09911861
600,0.046527573,-0.01253776,0.027833276,-0.032762196,-0.077291997,0.080035196
601,0.046607287,-0.012983131,0.02862549,-0.031473866,-0.07877621,0.063293658
602,0.046656573,-0.013373159,0.029423858,-0.029938057,-0.079859151,0.048024525
603,0.04667934,-0.013716703,0.030225288,-0.028849995,-0.080311094,0.033586694
604,0.046679501,-0.014022623,0.03102669,-0.02619755,-0.081742406,0.018391602
605,0.046660966,-0.014299776,0.031824972,-0.023639741,-0.082659909,0.00896726
606,0.046627647,-0.014557023,0.032617043,-0.021782937,-0.082687794,0.004746266
607,0.046583454,-0.014803221,0.03339981,-0.018546422,-0.083715906,0.003129823
608,0.0465323,-0.01504723,0.034170184,-0.01887808,-0.081655812,0.005010183
609,0.046478094,-0.015297909,0.034925073,-0.020252606,-0.078817722,0.007852782
610,0.046424749,-0.015564116,0.035661385,-0.020063281,-0.077207174,0.011093345
611,0.046374824,-0.015852272,0.036375586,-0.0200528,-0.075269905,0.014886797
612,0.046325476,-0.016159042,0.037062373,-0.020268515,-0.073244078,0.018293097
613,0.046272507,-0.016478652,0.037715998,-0.020992495,-0.070675858,0.021757637
614,0.046211722,-0.016805329,0.038330715,-0.020973155,-0.068572131,0.02423063
615,0.046138927,-0.017133299,0.038900777,-0.020097398,-0.067298723,0.026528897
616,0.046049924,-0.017456788,0.039420437,-0.018238348,-0.06679499,0.023974238
617,0.045940518,-0.017770024,0.039883949,-0.015835849,-0.066594436,0.014053073
618,0.045806514,-0.018067232,0.040285565,-0.013734004,-0.065449324,0.005784733
619,0.045643716,-0.018342639,0.040619539,-0.011671342,-0.064323431,-0.002018422
620,0.045447927,-0.018590472,0.040880124,-0.010542731,-0.063114909,-0.00846674
621,0.045217387,-0.018807211,0.041067748,-0.006488659,-0.063858035,-0.011594098
622,0.044960064,-0.018998351,0.041207533,-0.003973555,-0.063491358,-0.016140092
623,0.044686364,-0.019171644,0.041330776,-0.005557155,-0.0603451,-0.019106517
624,0.04440669,-0.01933484,0.041468776,-0.006496046,-0.058993871,-0.020086698
625,0.044131446,-0.019495689,0.041652828,-0.007824391,-0.057986302,-0.021600789
626,0.043871036,-0.019661941,0.04191423,-0.01058425,-0.056164426,-0.023487623
627,0.043635863,-0.019841346,0.04228428,-0.013878031,-0.053895641,-0.0244383
628,0.043436333,-0.020041656,0.042794274,-0.015972371,-0.0517743,-0.024319233
629,0.043282848,-0.020270619,0.043475509,-0.015202867,-0.051160331,-0.024334573
630,0.043185813,-0.020535987,0.044359284,-0.014226404,-0.050371332,-0.025242027
631,0.043151774,-0.020842174,0.045463947,-0.012505652,-0.049952125,-0.027062381
632,0.043171846,-0.021180259,0.046756068,-0.010611056,-0.049898552,-0.029741796
633,0.043233287,-0.021537984,0.048189265,-0.006559338,-0.051126008,-0.031779757
634,0.043323354,-0.021903091,0.049717159,-0.001875242,-0.051424613,-0.032475798
635,0.043429305,-0.022263322,0.051293372,0.002112643,-0.050513685,-0.03369978
636,0.043538399,-0.022606421,0.052871522,0.007467959,-0.050694934,-0.034552093
637,0.043637891,-0.02292013,0.054405232,0.011294061,-0.049972641,-0.034345908
638,0.043715041,-0.023192192,0.055848122,0.014726765,-0.048695946,-0.030929515
639,0.043757105,-0.023410348,0.057153811,0.017111932,-0.047256463,-0.02971095
640,0.043751342,-0.023562343,0.058275922,0.018805203,-0.045438856,-0.028778507
641,0.043688855,-0.0236403,0.059182371,0.022542612,-0.044920449,-0.027761617
642,0.043576133,-0.02365388,0.05989827,0.025497378,-0.044312179,-0.028297234
643,0.043423512,-0.023617125,0.060463027,0.028989623,-0.044688051,-0.030536922
644,0.043241328,-0.023544077,0.06091605,0.031324098,-0.04526106,-0.032118724
645,0.043039915,-0.023448778,0.061296749,0.029657804,-0.04308179,-0.033232856
646,0.042829609,-0.023345271,0.061644531,0.022716588,-0.036710557,-0.034359238
647,0.042620746,-0.023247598,0.061998804,0.013565356,-0.028545316,-0.035182142
648,0.042423661,-0.023169801,0.062398978,0.008981372,-0.024102297,-0.034726597
649,0.04224869,-0.023125923,0.062884461,0.010138664,-0.023871684,-0.033772832
650,0.042106168,-0.023130006,0.063494661,0.013681486,-0.025508907,-0.033172047
651,0.042004157,-0.023193134,0.064258662,0.017835814,-0.027810664,-0.032932783
652,0.041941625,-0.023314562,0.065164254,0.02041365,-0.029262922,-0.033390373
653,0.041915268,-0.023490583,0.066188899,0.023740692,-0.031251288,-0.034128587
654,0.041921781,-0.023717494,0.067310063,0.026719146,-0.03292743,-0.034678689
655,0.041957859,-0.023991591,0.068505209,0.022055272,-0.027849957,-0.032274287
656,0.042020196,-0.024309168,0.069751802,0.01731242,-0.022587765,-0.030941523
657,0.042105489,-0.024666521,0.071027307,0.021822223,-0.024453313,-0.030679962
658,0.042210432,-0.025059946,0.072309187,0.027824621,-0.026001047,-0.029433091
659,0.042331721,-0.025485739,0.073574906,0.03270486,-0.027151842,-0.028770083
660,0.04246605,-0.025940194,0.074801929,0.038289941,-0.02840594,-0.027869112
661,0.042609963,-0.026418624,0.075972974,0.043208742,-0.027602191,-0.025881991
662,0.042759402,-0.026912413,0.077091772,0.048235935,-0.026757634,-0.024157908
663,0.042910154,-0.027411958,0.078167307,0.051711448,-0.025520961,-0.022560573
664,0.04305801,-0.027907661,0.079208564,0.052751823,-0.02349034,-0.020463691
665,0.043198759,-0.028389921,0.080224527,0.055282887,-0.02292179,-0.01841507
666,0.04332819,-0.028849137,0.081224182,0.057901664,-0.021680097,-0.015595228
667,0.043442092,-0.029275709,0.082216513,0.057345633,-0.019199277,-0.013175293
668,0.043536254,-0.029660037,0.083210505,0.05712938,-0.017379852,-0.010020113
669,0.043606467,-0.029992521,0.084215141,0.056328408,-0.014813796,-0.006284405
670,0.043648518,-0.030263559,0.085239408,0.055188595,-0.011767072,-0.003260922
671,0.043658402,-0.030465469,0.086282469,0.052983493,-0.009022373,-0.001226474
672,0.043632927,-0.030598232,0.087304211,0.051844107,-0.007886978,-0.000218986
673,0.043569105,-0.030663746,0.088254699,0.055719662,-0.010046738,0.000616936
674,0.043463949,-0.030663912,0.089084,0.05918489,-0.011845415,0.000857536
675,0.043314471,-0.030600626,0.089742179,0.060361135,-0.011305682,0.000912357
676,0.043117685,-0.030475788,0.090179303,0.063339126,-0.010931225,0.000367012
677,0.042870602,-0.030291297,0.090345438,0.067371445,-0.010146281,0.000120991
678,0.042570234,-0.03004905,0.090190649,0.070877574,-0.009881186,0.000159359
679,0.042213596,-0.029750947,0.089665004,0.074629476,-0.010148755,0.001275063
680,0.041797698,-0.029398886,0.088718567,0.078266015,-0.00983975,0.002853496
681,0.041322796,-0.028997378,0.087328473,0.08313272,-0.010098966,0.004756866
682,0.040802117,-0.028561381,0.085580123,0.088014184,-0.010017995,0.007248948
683,0.04025213,-0.028108464,0.083585989,0.089816239,-0.012364672,0.006081865
684,0.039689304,-0.027656198,0.08145854,0.086877894,-0.016946281,0.000690801
685,0.039130108,-0.027222154,0.079310246,0.080810351,-0.020908551,-0.005669302
686,0.038591011,-0.0268239,0.077253578,0.069982712,-0.022573438,-0.012564729
687,0.038088483,-0.026479007,0.075401005,0.029927725,-0.001699828,-0.015921395
688,0.037638992,-0.026205045,0.073864997,0.004428826,0.010530098,-0.019088207
689,0.037259008,-0.026019584,0.072758026,0.003655137,0.006055456,-0.023186733
690,0.036965,-0.025940194,0.07219256,0.002953851,0.006444113,-0.023046453
691,0.036769259,-0.025978349,0.072243505,0.00184536,0.010242723,-0.020547456
692,0.036667364,-0.026121145,0.072835511,0.011109649,0.005918842,-0.019378455
693,0.036650718,-0.026349578,0.073855661,0.018419563,0.002766302,-0.018128709
694,0.036710722,-0.026644649,0.07519104,0.024303089,0.004218478,-0.014314506
695,0.036838777,-0.026987356,0.076728731,0.031349327,0.005990458,-0.00989131
696,0.037026285,-0.027358697,0.078355819,0.032154223,0.010927509,-0.005621473
697,0.037264648,-0.027739671,0.079959389,0.029956156,0.015973285,-0.002413879
698,0.037545267,-0.028111278,0.081426524,0.029388977,0.017633192,-0.001154806
699,0.037859544,-0.028454515,0.082644309,0.031345229,0.017842487,-6.52E-05
700,0.03819888,-0.028750381,0.083499828,0.030324712,0.019689374,0.001138832
701,0.038552877,-0.028982838,0.083906808,0.024619771,0.02366034,0.001392998
702,0.038903934,-0.029147696,0.08388555,0.021042675,0.025524256,0.000998626
703,0.039232652,-0.029243727,0.083482998,0.019010897,0.026636473,0.000628054
704,0.039519629,-0.029269704,0.082746094,0.019792393,0.02645354,0.000407777
705,0.039745466,-0.0292244,0.081721783,0.020818872,0.027398194,0.000959708
706,0.039890762,-0.029106588,0.080457008,0.023882037,0.028471443,0.002404059
707,0.039936116,-0.02891504,0.078998712,0.028505159,0.02756337,0.002893454
708,0.039862128,-0.028648528,0.07739384,0.0339452,0.026992459,0.00358033
709,0.039649398,-0.028305827,0.075689335,0.03922548,0.027844109,0.00653796
710,0.039278525,-0.027885708,0.073932139,0.045711176,0.028754711,0.009768978
711,0.038740049,-0.027390702,0.072166293,0.053985623,0.027056249,0.012036101
712,0.038064268,-0.026838366,0.070424218,0.060654651,0.023616467,0.012156472
713,0.037291419,-0.026250019,0.068735428,0.064918638,0.020282254,0.011677115
714,0.036461742,-0.025646977,0.067129442,0.064989082,0.014932563,0.007786591
715,0.035615473,-0.025050555,0.065635774,0.061037858,0.010738501,0.003394634
716,0.034792852,-0.024482071,0.064283942,0.047307466,0.011782446,-0.001680344
717,0.034034115,-0.023962841,0.063103461,0.007860932,0.030840505,-0.005740289
718,0.033379501,-0.023514181,0.062123848,-0.032432422,0.054876563,-0.006473329
719,0.032869249,-0.023157408,0.06137462,-0.029410592,0.047192656,-0.010188855
720,0.032543595,-0.022913838,0.060885291,-0.033053935,0.042601121,-0.015224041
721,0.032431348,-0.022798469,0.060674703,-0.041698426,0.040475106,-0.020909471
722,0.032515595,-0.022801026,0.060718992,-0.04765119,0.04221113,-0.022646164
723,0.032767993,-0.022904915,0.060983617,-0.054994149,0.048621558,-0.02110081
724,0.033160199,-0.023093541,0.061434038,-0.05556176,0.048242,-0.022365269
725,0.033663869,-0.023350311,0.062035715,-0.059548184,0.049478652,-0.024330965
726,0.03425066,-0.02365863,0.062754107,-0.069796018,0.055038339,-0.026048612
727,0.03489223,-0.024001905,0.063554675,-0.074726695,0.057806929,-0.027718332
728,0.035560234,-0.024363541,0.064402879,-0.078367354,0.060658009,-0.028570298
729,0.036226331,-0.024726944,0.065264177,-0.08265714,0.062044631,-0.031143036
730,0.036862176,-0.02507552,0.06610403,-0.086871868,0.063143648,-0.033996309
731,0.037443693,-0.025394954,0.066891758,-0.087813023,0.066559332,-0.033132057
732,0.037963866,-0.025680036,0.067612113,-0.084647171,0.06536003,-0.03415273
733,0.038419947,-0.025927839,0.06825371,-0.066533568,0.055541364,-0.034842846
734,0.038809186,-0.026135432,0.068805162,-0.046863942,0.05008679,-0.029728289
735,0.039128834,-0.026299886,0.069255083,-0.036942248,0.05030326,-0.024668535
736,0.039376143,-0.026418271,0.069592086,-0.033340922,0.051935065,-0.021972847
737,0.039548362,-0.026487657,0.069804785,-0.031602467,0.05117875,-0.022162596
738,0.039642743,-0.026505116,0.069881793,-0.027539962,0.051199038,-0.019719755
739,0.039656538,-0.026467717,0.069811723,-0.022154418,0.052228796,-0.015677113
740,0.039586995,-0.02637253,0.06958319,-0.014657715,0.051720851,-0.01177419
741,0.039431185,-0.026217078,0.069187005,0.003165883,0.048612789,-0.004055713
742,0.039185443,-0.026000688,0.068622775,0.006187446,0.047813224,-0.003194342
743,0.038845923,-0.025723137,0.067892305,0.016046637,0.045283257,0.000176854
744,0.038408779,-0.025384204,0.0669974,0.030358969,0.040971557,0.005047838
745,0.037870164,-0.024983667,0.065939865,0.037824272,0.039424263,0.008640336
746,0.037226233,-0.024521304,0.064721505,0.042557158,0.037880731,0.010391222
747,0.036473139,-0.023996895,0.063344126,0.051412362,0.033945777,0.012520111
748,0.035607036,-0.023410216,0.061809532,0.063873873,0.032608791,0.019550757
749,0.034624077,-0.022761047,0.060119529,0.072034365,0.032502517,0.025691984
750,0.033520417,-0.022049165,0.058275922,0.082308455,0.030096781,0.031097381
751,0.032301733,-0.021279777,0.056293956,0.093356038,0.027746442,0.037027762
752,0.031011801,-0.020479806,0.054242637,0.103900095,0.022059833,0.040217401
753,0.029703921,-0.019681603,0.052204414,0.122060015,0.01989962,0.050482493
754,0.028431392,-0.018917517,0.050261734,0.13457953,0.018990822,0.058436132
755,0.027247513,-0.0182199,0.048497042,0.140768509,0.011488469,0.056978542
756,0.026205585,-0.017621103,0.046992787,0.144811982,0.00200839,0.05291883
757,0.025358908,-0.017153476,0.045831416,0.138148536,-0.010365534,0.040512385
758,0.02476078,-0.016849371,0.045095375,0.127197045,-0.027374007,0.021509914
759,0.024464502,-0.016741137,0.044867112,0.10146222,-0.032632276,0.004580099
760,0.024523372,-0.016861126,0.045229073,0.001996714,0.016285906,-0.006471715
761,0.024969589,-0.017228169,0.046228622,-0.100132222,0.06552755,-0.018053268
762,0.025750938,-0.017807018,0.04777278,-0.123005879,0.058914166,-0.034624762
763,0.026794102,-0.018548907,0.049733485,-0.134625245,0.06161107,-0.03997393
764,0.028025762,-0.01940507,0.051982673,-0.148578003,0.064799119,-0.045611893
765,0.029372604,-0.020326739,0.054392282,-0.16215165,0.068330229,-0.049704998
766,0.030761308,-0.021265148,0.05683425,-0.142607146,0.048644213,-0.054889086
767,0.032118558,-0.02217153,0.059180514,-0.102572873,0.033545856,-0.046452938
768,0.033371037,-0.022997118,0.06130301,-0.063140656,0.022153348,-0.035919326
769,0.034445428,-0.023693146,0.063073677,-0.032381005,0.021368681,-0.022419376
770,0.035268414,-0.024210847,0.064364451,-0.011943557,0.027893435,-0.0073444
771,0.035786554,-0.024515085,0.065083711,0.000639461,0.03303805,0.001902715
772,0.036025912,-0.024625243,0.065285602,0.007352148,0.039406325,0.009740736
773,0.03603243,-0.024574339,0.065060709,0.01141867,0.04318755,0.013935486
774,0.035852049,-0.024395386,0.064499618,0.015658052,0.043749512,0.014471248
775,0.03553071,-0.024121399,0.063692915,0.020767992,0.044467059,0.015063196
776,0.035114355,-0.023785395,0.062731185,0.02567362,0.046725596,0.017941429
777,0.034648925,-0.023420388,0.061705014,0.033008372,0.046651874,0.021632934
778,0.03418036,-0.023059393,0.060704987,0.036988874,0.046192269,0.023460242
779,0.033754603,-0.022735426,0.059821691,0.038626935,0.046235712,0.024704041
780,0.033417594,-0.022481501,0.059145711,0.028234058,0.048557912,0.021397332
781,0.03320417,-0.02232249,0.058744802,0.027831415,0.049266497,0.022248438
782,0.033104753,-0.022250688,0.058595388,0.026907875,0.048497204,0.021386917
783,0.033098659,-0.022250244,0.058651065,0.023991067,0.049082485,0.020329623
784,0.033165207,-0.02230531,0.058865428,0.01833585,0.050108564,0.018045358
785,0.033283712,-0.022400036,0.05919207,0.013259948,0.049809085,0.014816738
786,0.033433493,-0.022518573,0.059584587,0.007267787,0.048826114,0.010483032
787,0.033593866,-0.02264507,0.059996574,-0.001109068,0.050473162,0.007836577
788,0.033744149,-0.02276368,0.060381623,-0.00827132,0.053646084,0.006913877
789,0.033863658,-0.022858552,0.060693331,-0.015924286,0.056284219,0.005373246
790,0.03393171,-0.022913838,0.060885291,-0.023542586,0.059525183,0.004470731
791,0.033931753,-0.022916852,0.060920756,-0.026094405,0.058176876,0.002636584
792,0.033863749,-0.022867576,0.060801604,-0.027283618,0.056024102,0.000377984
793,0.033731791,-0.022769153,0.060539372,-0.028175593,0.056215377,0.000181722
794,0.033539971,-0.022624731,0.060145595,-0.02677796,0.055103858,-0.000276109
795,0.033292381,-0.022437453,0.059631812,-0.024698166,0.053561334,-0.000225758
796,0.032993114,-0.022210465,0.059009557,-0.022699125,0.054025035,0.001735914
797,0.032646263,-0.021946913,0.058290367,-0.020873981,0.053157345,0.002847497
798,0.03225592,-0.021649942,0.057485779,-0.018215178,0.051249964,0.00300915
799,0.031826177,-0.021322697,0.056607328,-0.014713684,0.050017631,0.00432654
800,0.031361126,-0.020968323,0.055666552,-0.012520845,0.04874228,0.005255656
801,0.030866594,-0.020591284,0.054677456,-0.011723132,0.04869251,0.006692347
802,0.03035534,-0.020201312,0.053663923,-0.009028205,0.049095573,0.009594847
803,0.029841856,-0.019809457,0.052652309,-0.003323688,0.048575992,0.013226771
804,0.029340636,-0.019426769,0.051668967,0.002050533,0.046632301,0.015347287
805,0.028866171,-0.019064299,0.050740251,0.007093047,0.044464181,0.016869018
806,0.028432954,-0.018733097,0.049892514,0.012825386,0.042339785,0.01946874
807,0.028055479,-0.018444212,0.049152112,0.017537234,0.039423427,0.019994366
808,0.027748238,-0.018208696,0.048545396,0.020830242,0.035801337,0.019388069
809,0.027525723,-0.018037597,0.048098722,0.018811473,0.03510042,0.018833228
810,0.027402427,-0.017941967,0.047838443,0.011167064,0.037174659,0.018061708
811,0.027388309,-0.017929392,0.047782685,5.21E-05,0.037070312,0.014159652
812,0.027475195,-0.017993602,0.047916662,-0.014668235,0.037008254,0.009338848
813,0.027650378,-0.018124865,0.048217359,-0.035146548,0.04099894,0.006246791
814,0.027901148,-0.018313449,0.048661761,-0.060002997,0.048586669,0.00809616
815,0.028214799,-0.018549621,0.049226855,-0.084771489,0.057175754,0.032090188
816,0.028578622,-0.018823647,0.049889625,-0.104006126,0.063749838,0.070324907
817,0.02897991,-0.019125796,0.050627057,-0.113413394,0.065705468,0.102301014
818,0.029405954,-0.019446335,0.051416137,-0.117980743,0.0649345,0.123707325
819,0.029844047,-0.01977553,0.05223385,-0.121031764,0.063822631,0.135783047
820,0.030281481,-0.02010365,0.053057182,-0.12579198,0.065155195,0.136827896
821,0.030705548,-0.020420961,0.053863118,-0.127830733,0.066788348,0.140483894
822,0.03110354,-0.020717732,0.054628644,-0.125724209,0.065296795,0.143393523
823,0.031462749,-0.020984228,0.055330745,-0.121827191,0.060445877,0.12808859
824,0.031770467,-0.021210718,0.055946407,-0.117628091,0.056403427,0.084095027
825,0.032013987,-0.021387469,0.056452615,-0.115476085,0.054568684,0.03274413
826,0.0321806,-0.021504748,0.056826355,-0.121823388,0.059975073,0.000597595
827,0.032257599,-0.021552822,0.057044612,-0.127190532,0.064099043,-0.015825249
828,0.032232276,-0.02152196,0.057084372,-0.120894794,0.062566035,-0.020917464
829,0.032091923,-0.021402427,0.05692262,-0.114633403,0.060820259,-0.023168241
830,0.031823831,-0.021184491,0.056536342,-0.110086288,0.058692307,-0.025726615
